tree
version=v4
num_class=1
num_tree_per_iteration=1
label_index=0
max_feature_idx=34
objective=regression
feature_names=value_log corr_log cons_median_log cons_mean_log cons_sd_log dev_log n_sources led_mae led_bias led_ratio_log led_n led_mae_rank led_region_scope ens_sd_log ens_p_ge_64_5 ens_p_ge_115_6 lat lon elev_mean slope_mean_deg windward_index dist_coast_km terrain_code doy_sin doy_cos clim_mean clim_p95 clim_p_ge_64_5 core_z_issue core_z3_issue regime_code_issue region_cons_log region_cons_anom lead source_code
monotone_constraints=0 0 0 0 0 0 0 0 0 0 0 0 0 0 0 0 0 0 0 0 0 0 0 0 0 0 0 0 0 0 0 0 0 1 0
feature_infos=[0:6.6724128723144531] [0:6.6552997558529166] [0:4.9986441945058706] [0:5.2778300834365037] [0:5.6392372310270797] [-4.0474276424343492:5.0405472884599529] [6:11] [0:95.403694850513276] [-49.759958274873235:94.864030758073937] [-4.1958373927891062:4.6348118044675513] [10:135] [0.090909090909090912:1] [0:1] [0:4.7654232732002937] [0:0.87096774193548387] [0:0.58064516129032262] [8.5:20] [72.870000000000005:77] [2.0115196370832944:842.53465562744145] [0.18544129418186048:11.701539855178476] [7.1079280606328492:54.458535590166242] [3.1267581011822063:165.51582903515214] -1:0:3:2:4 [-0.9999631612477099:0.9999631612477099] [-1:0.99941063424550525] [0.00021782809047288793:59.437805977007073] [0:177.41940002441402] [0:0.34946236559139787] [-1.2379763259205487:7.1706932787735136] [-0.97583505282645433:4.2282336856569414] -1:0:1:2 [0:3.9942065825967732] [-2.3194275771134292:1.994756265155724] [1:5] -1:13:4:5:7:0:10:1:3:2:6
tree_sizes=5596 5883 5833 5858 5876 5909 5872 5862 5879 5833 5908 5880 5867 5915 5890 5903 5916 5914 5907 5908 5888 5924 5886 5841 5881 5876 5935 5910 5890 5928 5932 5923 5933 5921 5902 5942 5913 5946 5931 5908 5942 5910 5924 5921 5919 5919 5946 5943 5917 5927 5943 5956 5954 5930 5935 5914 5990 5937 5919 5912 5931 5932 5958 5950 5941 5901 5956 5937 5960 5970 5992 5970 5956 5958 5981 5957 5979 5961 5980 5968 5980 5971 5952 5978 5992 5953 6004 5986 5958 5953 5982 5979 5988 5974 5995 5982 5951 5969 6009 5987 5995 5939 6004 5964 6015 5978 5973 5973 5977 6000 5978 5938 6013 6009 5963 5990 5975 6010 5980 5966 5953 5953 5981 6020 5998 6005 6010 6014 5980 5984 6000 6021 5986 5983 5987 5960 5945 5964 6033 5944 6018 6017 5971 5987 6050 6008 5974 5975 6009 5985 6001 5985 6062 5985 6004 6024 6020 5991 6002 6006 5994 6026 6007 5997 5979 6041

Tree=0
num_leaves=63
num_cat=2
split_feature=1 1 2 1 2 1 1 2 2 1 1 1 1 2 5 2 1 1 2 4 2 5 2 2 4 24 2 32 2 24 1 2 30 5 1 5 2 1 29 1 1 26 1 2 24 20 1 1 24 29 20 24 6 19 1 2 28 30 24 24 26 2
split_gain=2.46046e+06 241802 207060 47002.4 45296.2 40949.4 28067.7 20333.9 7878.71 7166.64 6810.03 6748.32 6579.43 6099.26 4377 4174.31 3703.46 3379.35 3044.77 2791.53 2406.39 2141.49 1544.38 1387.74 1215.41 1220.13 1155.59 1119.34 1111.82 1010.63 935.375 913.972 897.446 881.008 859.558 796.898 788.905 760.157 746.475 716.24 703.816 692.446 653.29 641.43 582.702 573.146 568.972 526.572 507.348 488.429 486.482 476.317 447.024 435.95 435.09 418.783 402.154 394.7 713.92 580.217 711.786 389.253
threshold=0.91629074379508402 2.6896768137562703 0.37914522281498142 1.8305806255898747 1.6761608551646381 3.6371676767548977 0.27230601692261591 2.1982253417245032 3.0229494345669217 4.40161869695691 1.3397157092474539 0.53338872910185509 3.1315790385758016 1.0234376601451838 0.56882208330465667 2.0265966994748563 2.2159700290611544 0.53338872910185509 2.8614973726413693 0.32821575577183265 1.4929890221172946 0.83529668224490228 2.1822848999757718 3.3760510850505363 1.0222669884806586 -0.62058661934845294 2.7819097433271911 -1.1737208149851894 1.2223562094304941 0.74541039586774327 0.24251549515296647 3.4685476005787357 0 0.89489624309951477 3.9269174890273653 1.045651058114119 1.238998972681207 4.9529772614864394 0.23277141575115587 0.15613183866401317 1.6014057484277575 102.15504150390618 1.099931264132459 0.13656464706664173 -0.49252992309759819 40.299461206478959 0.70507355308835218 3.3844318597703054 -0.97322851985520697 0.016729478210985766 40.299461206478959 -0.82964644928663578 8.5000000000000018 2.8505341756166178 0.6931471842852357 3.1772518474855422 0.79281628823560235 1 -0.50739640075491554 -0.91968655568559032 82.544995689392081 1.7768058128265134
decision_type=2 2 2 2 2 2 2 2 2 2 2 2 2 2 2 2 2 2 2 2 2 2 2 2 2 2 2 2 2 2 2 2 1 2 2 2 2 2 2 2 2 2 2 2 2 2 2 2 2 2 2 2 2 2 2 2 2 1 2 2 2 2
left_child=2 3 6 7 11 12 19 10 16 21 20 13 23 24 -11 -6 22 -8 48 39 42 34 52 33 30 27 38 -26 46 36 -4 51 44 45 -7 41 -15 -16 -17 -1 61 47 -2 -21 -18 57 -13 -14 -9 -47 -34 -10 -5 -29 -19 -20 -54 -3 59 60 -59 -12
right_child=1 5 4 8 15 9 17 18 31 14 40 28 35 29 37 26 32 54 55 43 -22 -23 -24 -25 25 -27 -28 53 -30 -31 -32 -33 50 -35 -36 -37 -38 -39 -40 -41 -42 -43 -44 -45 -46 49 -48 -49 -50 -51 -52 -53 56 -55 -56 -57 -58 58 -60 -61 -62 -63
leaf_value=1.0233576415367263 1.1257649062057342 1.2332451709139742 1.0542933162558037 1.1926909910764829 1.1482924573827598 1.2655554796569357 1.0621835571753286 1.2183909364966983 1.2492654797758238 1.2950320466474725 1.1552439203999498 1.096999355927581 1.2416651294030683 1.0948171986578845 1.3387277238348869 1.1760834787295171 1.2043994524229467 1.0876851913776611 1.2319967989909348 1.032685619358755 1.1571680988122308 1.3023292220978615 1.2007432607321418 1.2539122017161082 1.0758026973139763 1.0700729721338096 1.2297687631244294 1.0988386029261279 1.1271160624105825 1.067783236486354 1.0757817821460567 1.2717277998510699 1.2151157916600397 1.2416327002415541 1.2822228664999671 1.2703291601357987 1.1169802738246932 1.3825607283928769 1.2055867303105314 1.0386006977269908 1.1688360213375375 1.2662073335482911 1.1384526365267853 1.0454224575924731 1.1905358174045781 1.2228821796920779 1.1116562629151907 1.2540895089204906 1.1925545152964556 1.1893262481804394 1.1909131341053034 1.2214555417236499 1.1837708601616674 1.1362461116021814 1.1067663043931042 1.2685646095269236 1.170933650757533 1.212144143087708 1.2068087991036653 1.2335257120395955 1.2405023907238582 1.169277336610965
leaf_weight=103870 6796 4249 4993 3517 3420 6014 6494 847 1222 2727 9385 4462 8194 2343 1628 2364 11864 2379 921 10865 4737 3308 6596 1763 1014 3761 654 508 2551 600 2973 904 8766 2843 6759 2097 3775 695 1187 3080 10125 2204 7892 5833 3794 798 5151 6257 4729 871 891 1299 8175 614 1993 522 3171 4019 2426 4698 1073 2231
leaf_count=103870 6796 4249 4993 3517 3420 6014 6494 847 1222 2727 9385 4462 8194 2343 1628 2364 11864 2379 921 10865 4737 3308 6596 1763 1014 3761 654 508 2551 600 2973 904 8766 2843 6759 2097 3775 695 1187 3080 10125 2204 7892 5833 3794 798 5151 6257 4729 871 891 1299 8175 614 1993 522 3171 4019 2426 4698 1073 2231
internal_value=1.12544 1.21006 1.04753 1.18072 1.10712 1.25614 1.02965 1.15955 1.20104 1.29016 1.1515 1.09179 1.2388 1.08132 1.3216 1.17295 1.19781 1.07591 1.20673 1.02559 1.13859 1.28022 1.1886 1.22788 1.06995 1.08036 1.19296 1.09857 1.10951 1.1048 1.06228 1.24501 1.2056 1.22566 1.27443 1.25201 1.10847 1.35237 1.18604 1.02379 1.16303 1.24966 1.13258 1.03711 1.20106 1.22312 1.10484 1.24709 1.19656 1.20561 1.21292 1.23515 1.18318 1.11927 1.09635 1.24567 1.1802 1.22487 1.22192 1.22562 1.21823 1.15796
internal_weight=335891 161007 174884 98384 40370 62623 134514 48185 50199 21131 41166 32745 41492 20581 5050 7625 46774 10866 7019 123648 19425 16081 21459 22740 13863 5897 4205 2136 12164 6718 7966 3425 25315 20977 12773 18752 6118 2323 3551 106950 21741 16655 14688 16698 15658 18134 9613 14451 5576 1669 9657 2521 14863 1122 4372 1443 11346 16465 12216 9790 5092 11616
internal_count=335891 161007 174884 98384 40370 62623 134514 48185 50199 21131 41166 32745 41492 20581 5050 7625 46774 10866 7019 123648 19425 16081 21459 22740 13863 5897 4205 2136 12164 6718 7966 3425 25315 20977 12773 18752 6118 2323 3551 106950 21741 16655 14688 16698 15658 18134 9613 14451 5576 1669 9657 2521 14863 1122 4372 1443 11346 16465 12216 9790 5092 11616
cat_boundaries=0 1 2
cat_threshold=2 1
is_linear=0
shrinkage=1


Tree=1
num_leaves=63
num_cat=2
split_feature=1 1 2 1 2 1 1 2 2 1 1 5 1 2 2 1 2 1 1 4 1 2 2 2 2 31 5 1 30 2 1 4 24 5 32 23 29 1 23 1 30 26 2 2 2 26 2 24 23 26 23 1 24 5 23 23 24 24 26 19 4 1
split_gain=2.31202e+06 226455 193871 50016.4 43202 34278.5 25154.9 18297.3 8500.21 7041.21 6508.21 6318.78 6168.82 5738.62 4420.03 4062.64 4014.42 3208.95 3068.83 2593.48 1629.82 1483.31 1425.51 1202.21 1182.93 1058.52 945.468 893.496 866.837 861.37 852.791 843.546 1031.82 822.197 775.287 770.653 715.004 691.558 685.511 661.34 636.106 628.213 624.881 619.897 577.313 544.056 534.016 516.261 538.408 864.805 510.405 490.281 471.383 461.259 459.48 452.93 1157.18 476.531 661.217 441.176 435.577 435.506
threshold=0.91629074379508402 2.7644758707224981 0.36238171747842823 1.8305806255898747 1.5655085244741198 3.7536527174678422 0.27230601692261591 2.0265966994748563 2.9855211657054217 0.46735790422282381 3.1900724091305546 0.83529668224490228 1.3056984582086513 2.0419587991963151 0.87546673594021029 2.2740374981390876 2.7547952058655469 4.4690025878997881 0.53338872910185509 0.43866707687222312 4.40161869695691 2.4180819058136951 1.4929890221172946 2.7109614548301804 3.4685476005787357 1.1458548393517918 1.0179565718695893 0.6594039883782834 0 3.3221833256476181 0.15613183866401317 1.0222669884806586 -0.60021428054836823 0.87440443850237237 -1.1626737268643959 -0.57238288608965326 0.1836773534595661 1.5650141899196546 -0.87025318080773884 0.24251549515296647 1 102.15504150390618 3.0389727748561328 2.262547136306662 1.2558360982465546 55.523709487915028 1.1249295876964476 -0.57240397273781507 0.60019216940316622 2.7256907463073703 0.60019216940316622 1.0867665582944832 -0.96914236212857563 0.52631273899526343 -0.97122121956981788 -0.86167001593038528 -0.30410362911654215 -0.8905837001257676 87.28816242218015 3.278570080070065 1.1584593459297374 1.9786222998951677
decision_type=2 2 2 2 2 2 2 2 2 2 2 2 2 2 2 2 2 2 2 2 2 2 2 2 2 2 2 2 1 2 2 2 2 2 2 2 2 2 2 2 1 2 2 2 2 2 2 2 2 2 2 2 2 2 2 2 2 2 2 2 2 2
left_child=2 3 6 7 9 10 19 12 15 14 29 20 22 45 31 21 43 -13 -8 30 -7 40 51 36 35 50 41 46 38 33 -1 39 34 55 -33 -10 -15 -14 54 -4 -5 52 -18 -9 -27 -6 -11 48 -21 -50 -16 -2 -12 -22 -17 56 -3 58 -57 -58 -29 -42
right_child=1 5 4 8 13 11 18 16 24 27 26 17 37 23 25 28 42 -19 -20 47 53 -23 -24 -25 -26 44 -28 60 -30 -31 -32 32 -34 -35 -36 -37 -38 -39 -40 -41 61 -43 -44 -45 -46 -47 -48 -49 49 -51 -52 -53 -54 -55 -56 57 59 -59 -60 -61 -62 -63
leaf_value=-0.098618135271030069 -0.0002791286563298427 0.070706021198040453 -0.071490484857175601 0.066466642419892683 0.012728428771382463 0.14771253889088901 -0.061563134046781584 0.050473670656659489 0.087855219971959359 -0.031938678942492166 0.1089670723361886 0.17696230414849642 0.029195142224414605 0.046045801037577869 -0.051694291035657286 0.079849436346356342 0.093432309742380953 0.23399570981326659 -0.028380429288392326 -0.084708997605450906 0.16507559428405405 0.078663074972043903 0.027375719506342905 0.096988123410121127 0.1429373513340145 -0.029541223758715863 0.14502677080161389 -0.017762699253532726 0.087185819145345247 0.12056588732665255 -0.083274382846828074 -0.048876052125868659 -0.058754714586322455 0.11557988597970001 -0.0042535664759928062 0.11821820966872255 0.075354469767859963 0.040005816083990779 0.079085126029957653 -0.05118598068168189 0.047557751400239531 0.1382491802907479 0.12975957378980213 0.067945798458631398 -0.0082613801546799741 0.038894270996826401 -0.008635215278728306 -0.086239497058856862 -0.083653087835502987 -0.031341888952328721 -0.023750916224989024 0.011179001720365381 0.12413033182253226 0.19491443432493663 0.056703629312081283 0.089112929598399573 0.11566522026544573 0.10687581685960042 0.11679399625555276 0.087723700030711602 -0.0034368253880946681 0.059331584299321796
leaf_weight=108326 6268 1882 4804 7318 4041 10086 6275 3361 1386 4518 2647 2767 11034 2088 1994 1176 1124 1434 4201 1125 2597 4401 3485 861 1078 2592 2413 4495 9609 2257 3574 705 2686 2861 694 1951 1208 10476 11948 2165 4517 2674 803 4290 2065 867 1106 9092 519 644 853 7241 11799 832 2575 4705 1240 6035 1009 1068 3324 8378
leaf_count=108326 6268 1882 4804 7318 4041 10086 6275 3361 1386 4518 2647 2767 11034 2088 1994 1176 1124 1434 4201 1125 2597 4401 3485 861 1078 2592 2413 4495 9609 2257 3574 705 2686 2861 694 1951 1208 10476 11948 2165 4517 2674 803 4290 2065 867 1106 9092 519 644 853 7241 11799 832 2575 4705 1240 6035 1009 1068 3324 8378
internal_value=6.92241e-05 0.0821969 -0.0754361 0.0553243 -0.0184176 0.129392 -0.0929407 0.0330325 0.0750452 -0.034794 0.114163 0.16424 0.0237965 0.039381 -0.0467699 0.0715017 0.0701296 0.196686 -0.0482764 -0.096734 0.154086 0.0627872 0.0102826 0.0652981 0.114987 -0.0289699 0.126689 -0.01825 0.0799631 0.102517 -0.0981318 -0.0588349 -0.047869 0.100318 -0.0268342 0.105757 0.0568854 0.0344683 0.0755159 -0.0652239 0.0593119 0.124063 0.108867 0.0603085 -0.0201243 0.0173855 -0.0273676 -0.0829527 -0.0697323 -0.0549444 -0.0433784 0.00586444 0.121391 0.172589 0.0640569 0.0975435 0.0885704 0.100705 0.0940988 0.102953 -0.0116786 0.0552274
internal_weight=335547 160725 174822 102419 41066 58306 133756 48082 54337 32001 40590 17716 38504 9065 18558 49922 9578 4201 10476 123280 13515 24614 16994 4157 4415 7504 19533 13443 25308 21057 111900 11054 4085 18800 1399 3337 3296 21510 15699 6969 20213 17120 1927 7651 4657 4908 5624 11380 2288 1163 2847 13509 14446 3429 3751 15939 4190 11749 5714 2308 7819 12895
internal_count=335547 160725 174822 102419 41066 58306 133756 48082 54337 32001 40590 17716 38504 9065 18558 49922 9578 4201 10476 123280 13515 24614 16994 4157 4415 7504 19533 13443 25308 21057 111900 11054 4085 18800 1399 3337 3296 21510 15699 6969 20213 17120 1927 7651 4657 4908 5624 11380 2288 1163 2847 13509 14446 3429 3751 15939 4190 11749 5714 2308 7819 12895
cat_boundaries=0 1 2
cat_threshold=2 1
is_linear=0
shrinkage=0.03


Tree=2
num_leaves=63
num_cat=4
split_feature=1 1 2 1 2 1 1 2 2 1 1 1 1 2 3 1 3 5 2 3 1 2 5 31 2 3 1 2 1 3 23 1 1 5 5 30 1 2 19 4 30 23 25 18 29 30 23 23 30 3 23 1 23 1 2 2 23 31 23 23 21 2
split_gain=2.1815e+06 214095 184648 41279.6 38870.9 36446 25844.5 16663.6 7977.49 7224.99 5866.11 5646.89 5167.57 5069.42 4940.36 4382.97 3913.3 2598.62 2474.54 2129.71 2045.74 1562.26 1544.25 1439.42 1362.72 1200.61 1110.55 1096.92 999.448 971.039 904.275 896.057 881.43 872.771 845.665 826.607 724.965 670.61 636.431 594.132 589.46 541.16 527.432 524.714 522.367 476.069 602.097 470.963 467.805 458.613 446.988 438.978 431.708 430.122 413.937 390.906 387.033 372.701 368.808 365.175 409.507 344.794
threshold=0.91629074379508402 2.6896768137562703 0.39206940915598354 1.7688336504320554 1.5794856284130732 3.7248305732691009 0.3276523178845272 2.1982253417245032 3.0389727748561328 3.1900724091305546 4.7568862410327446 0.53338872910185509 1.3056984582086513 2.0530152378753956 1.23989104795343 2.1256603914107792 0.24830900727834368 0.83529668224490228 2.8282169024580179 1.6918018701093194 0.55961580177221515 2.4180819058136951 0.71592394458003861 1.1458548393517918 3.4048548823758673 0.93761331206326426 0.15613183866401317 2.7819097433271911 4.0867267977357287 1.3465034819989021 0.60019216940316622 0.24251549515296647 3.0069838686729793 -1.1611286384879453 0.83529668224490228 0 4.1303377325450796 1.7768058128265134 8.6371977438490841 2.4173752888409648 1 -0.87025318080773884 17.283627578984667 637.19260424194351 0.1836773534595661 2 -0.86167001593038528 -0.95260028690456633 3 2.7035828724023081 -0.96699210069650898 0.70507355308835218 -0.034327600513243302 1.070401381955193 4.0279178775222411 0.18976397984103835 -0.61383352812826175 1.8757975794386275 -0.55822315702467107 0.1283936251113518 73.894985053620886 3.0389727748561328
decision_type=2 2 2 2 2 2 2 2 2 2 2 2 2 2 2 2 2 2 2 2 2 2 2 2 2 2 2 2 2 2 2 2 2 2 2 1 2 2 2 2 1 2 2 2 2 1 2 2 1 2 2 2 2 2 2 2 2 2 2 2 2 2
left_child=2 3 6 7 11 9 16 12 15 24 17 14 19 42 25 21 26 28 -9 53 -8 48 -12 30 32 31 -1 44 -7 51 56 -4 45 -10 39 38 -19 40 -17 -11 -14 50 57 -25 -15 -3 47 -47 -5 -43 -37 -13 -27 -2 -41 -18 -16 -6 -35 60 -42 -20
right_child=1 5 4 8 13 10 20 18 33 34 22 29 37 27 23 35 55 36 61 -21 -22 -23 -24 43 -26 52 -28 -29 -30 -31 -32 -33 -34 58 -36 41 -38 -39 -40 54 59 49 -44 -45 -46 46 -48 -49 -50 -51 -52 -53 -54 -55 -56 -57 -58 -59 -60 -61 -62 -63
leaf_value=-0.095890449826021421 -0.0013894168919480955 0.10027424937744632 -0.069570704362804353 0.058997138352786825 0.0051692243445343369 0.13799065785155196 -0.053431611431263154 0.06612372261805298 0.13872040155776208 0.10724462858192015 0.17744295215031006 -0.028431666482734014 0.037384773599521616 0.047805411491300666 -0.038839821316714082 0.083875669516971896 -0.083041128305217274 0.16220697224788647 0.094050812688065269 0.028174778824674996 -0.024806238056195619 0.075757711766319194 0.23949102436242189 -0.016646816489473994 0.122167518700974 -0.049491972494399454 -0.079552410565162643 0.099352611023842075 0.15531873481048378 -0.0016949694059709677 -0.011440697435369683 -0.047263679292332703 0.10437823299233225 0.087829978917756735 0.13649198616803057 0.074016963825325618 0.19236900213475833 0.043961206351719836 0.055722738959473939 0.12090085932596513 0.027511167192497365 0.070187407922814554 0.046299050636180152 0.0088529989812283043 0.07291073923951126 0.093172895858941215 0.091889161315816162 0.065193831465071406 0.048428018691462738 0.081971021637343738 0.05506126223788009 -0.014484969997766056 -0.03118391175773761 0.0098099774500592703 0.14627962204976938 -0.072827326810901483 -0.06634884475676002 0.02283789148280143 0.1146858606283955 0.038811119032657992 0.01216219428504858 0.12668946262117217
leaf_weight=107093 5317 4379 4602 6173 1943 6704 5306 4877 1048 3309 756 3833 7095 2162 1242 8944 9358 1941 657 5032 3921 3069 929 3317 1958 2976 4058 663 6702 3275 786 2587 7428 886 3441 1834 1627 4529 831 11168 5424 11158 541 926 1193 868 8865 1698 10511 4417 3234 4361 1964 7348 736 6036 766 2409 1336 1620 2215 736
leaf_count=107093 5317 4379 4602 6173 1943 6704 5306 4877 1048 3309 756 3833 7095 2162 1242 8944 9358 1941 657 5032 3921 3069 929 3317 1958 2976 4058 663 6702 3275 786 2587 7428 886 3441 1834 1627 4529 831 11168 5424 11158 541 926 1193 868 8865 1698 10511 4417 3234 4361 1964 7348 736 6036 766 2409 1336 1620 2215 736
internal_value=1.88637e-05 0.0798212 -0.0731753 0.0522114 -0.0161257 0.123228 -0.0897908 0.030984 0.0700217 0.108258 0.15837 -0.0321663 0.0236059 0.0390072 -0.0421289 0.0670492 -0.0933256 0.15296 0.0763274 0.0116741 -0.0412873 0.0560093 0.21226 -0.0221097 0.0977216 -0.0537297 -0.0952976 0.0639595 0.146708 -0.0155065 -0.0388131 -0.0615818 0.095636 0.115457 0.12246 0.0742079 0.176211 0.0337121 0.081512 0.119242 0.0308612 0.0707303 0.0184728 -0.0110778 0.0568278 0.0914969 0.0880922 0.0748211 0.052355 0.0735544 0.0619871 -0.0210223 -0.0422521 0.00510957 0.122531 -0.0790612 -0.0494725 0.0149645 0.104199 0.0258448 0.0230715 0.111687
internal_weight=336118 160800 175318 98291 39546 62509 135772 44850 53441 43850 18659 30635 38580 8911 19166 50171 126545 16974 6270 17697 9227 19753 1685 7037 25196 12129 111151 4018 13406 11469 2794 7189 23238 3270 18654 30418 3568 20883 9775 15213 16354 20643 4893 4243 3355 15810 11431 2566 16684 15575 5068 8194 4940 12665 11904 15394 2008 4352 2222 9259 7639 1393
internal_count=336118 160800 175318 98291 39546 62509 135772 44850 53441 43850 18659 30635 38580 8911 19166 50171 126545 16974 6270 17697 9227 19753 1685 7037 25196 12129 111151 4018 13406 11469 2794 7189 23238 3270 18654 30418 3568 20883 9775 15213 16354 20643 4893 4243 3355 15810 11431 2566 16684 15575 5068 8194 4940 12665 11904 15394 2008 4352 2222 9259 7639 1393
cat_boundaries=0 1 2 3 4
cat_threshold=1 1 1 1
is_linear=0
shrinkage=0.03


Tree=3
num_leaves=63
num_cat=1
split_feature=1 1 2 1 2 1 1 2 2 1 1 1 1 2 3 1 3 1 2 3 2 31 1 23 2 3 2 23 2 2 19 30 1 2 2 2 1 1 29 2 1 1 1 2 1 24 2 24 16 24 3 26 24 2 26 17 26 1 24 25 2 1
split_gain=2.0498e+06 202913 169206 43600.6 36871.1 31007.1 23730.9 17600 7397.18 5930.21 5734 5407.88 5399.85 4716.2 4522.93 3207.65 2967.6 2815.3 2781.07 2166.07 2067.22 1503.87 1416.06 1393.82 1241.2 1216.94 1087.56 1045.68 830.637 823.47 793.164 770.607 710.799 685.707 673.946 662.886 660.96 609.08 607.56 602.546 575.365 562.845 536.115 480.2 459.626 458.818 442.558 426.7 410.794 407.792 419.422 384.846 380.803 378.536 373.266 370.67 567.793 368.467 367.438 365.054 364.826 353.757
threshold=0.90488713843742807 2.7487076646391473 0.39206940915598354 1.8305806255898747 1.5794856284130732 3.7536527174678422 0.27230601692261591 2.1982253417245032 2.7547952058655469 3.1900724091305546 1.3575612665463621 0.42570936678934884 4.7568862410327446 2.1319088780079398 0.96100296284021425 2.2436093575221308 0.24830900727834368 0.53338872910185509 2.813319969497218 1.6547918377552675 3.3442385685530547 1.1458548393517918 4.1303377325450796 0.60019216940316622 3.5964960174089642 1.3465034819989021 3.4685476005787357 -0.61383352812826175 2.7974802550561226 2.1695327810238019 8.6371977438490841 0 3.3844318597703054 1.2558360982465546 3.9823064597849571 1.8780037666810316 0.6594039883782834 0.12770903358833707 0.1836773534595661 3.095207810953958 2.9729378510615185 1.070401381955193 1.5831059067261644 2.8440214239711099 1.9629372736191468 -0.91968655568559032 3.0389727748561328 -0.97322851985520697 9.3500000000000032 0.20454453068330622 0.7130465302498753 53.911176776885966 -0.49252992309759819 2.1319088780079398 127.12684478759762 76.300000000000026 28.766499137878409 0.6931471842852357 -0.23802450821255547 4.2867612460407845 1.8349688628806085 0.36303941099773923
decision_type=2 2 2 2 2 2 2 2 2 2 2 2 2 2 2 2 2 2 2 2 2 2 2 2 2 2 2 2 2 2 2 1 2 2 2 2 2 2 2 2 2 2 2 2 2 2 2 2 2 2 2 2 2 2 2 2 2 2 2 2 2 2
left_child=2 3 6 7 11 9 16 10 15 26 19 14 22 35 -4 29 37 61 47 41 27 23 39 55 -24 36 40 -10 38 44 33 -17 -11 48 -14 -6 -13 -1 -15 -7 -3 -2 -12 -34 -5 -29 -20 -9 -23 50 -18 -49 -33 -42 -45 -16 -57 -19 -54 -51 -21 -8
right_child=1 5 4 8 13 12 17 18 20 32 42 25 34 28 21 31 49 57 46 60 -22 30 24 -25 -26 -27 -28 45 -30 -31 -32 52 43 -35 -36 -37 -38 -39 -40 -41 53 -43 -44 54 -46 -47 -48 51 -50 59 -52 -53 58 -55 -56 56 -58 -59 -60 -61 -62 -63
leaf_value=-0.093055916695668123 -0.0016742965636642973 0.089631943670973116 -0.063015670200359544 0.046291522242242027 0.012302205115181753 0.15683142439576778 -0.065472198890322325 0.084327227410236849 0.075320418558215155 0.11170233624621274 0.029489273377223381 -0.031723008372546047 0.23360261639288815 0.047645671866303196 -0.062770065453516238 0.081022192758960943 -0.076788582114001525 -0.034274016955650292 0.091277927716609336 0.021614876950176155 0.12887121297295984 -0.054428845284822121 0.18173063554288063 -0.019449318752270413 0.15154941388066739 -0.0036826754937741737 0.121199897880739 0.089408863161565114 0.096916093369372083 0.066288696661224333 0.015133186935139117 0.071965168361549745 0.13535353372594294 -0.0094062524300709913 0.18844033444975758 0.034269459399180316 -0.016120177389012721 -0.080562047292617109 0.077402925416732757 0.13547085044414697 0.11680605581102066 0.010516354131491056 0.039134998176667275 0.11796555089488331 0.057229133233993208 0.11136978145768005 0.12427865766753879 0.066019741614038008 -0.027016855525395563 -0.087760136327308849 -0.057969632949023832 0.046646886434989127 0.0539054281059268 0.097561902160814576 0.14202090873576961 -0.062840390587467668 -0.021479253131989246 -0.016745053504273452 0.07409637050608317 -0.05972188220361193 0.036936851811378117 -0.051236811012544195
leaf_weight=105806 5625 11302 6477 5574 3390 1776 2885 821 2923 7840 10175 4681 628 1792 1974 7722 7999 2440 817 4170 1469 615 1776 1492 5830 3862 1525 2089 628 6337 512 11768 2928 1851 1087 1950 5151 3922 981 6615 1214 8641 10835 8035 9960 1764 852 3252 2552 4670 1329 1379 2562 7859 768 572 636 1964 1280 510 2133 3853
leaf_count=105806 5625 11302 6477 5574 3390 1776 2885 821 2923 7840 10175 4681 628 1792 1974 7722 7999 2440 817 4170 1469 615 1776 1492 5830 3862 1525 2089 628 6337 512 11768 2928 1851 1087 1950 5151 3922 981 6615 1214 8641 10835 8035 9960 1764 852 3252 2552 4670 1329 1379 2562 7859 768 572 636 1964 1280 510 2133 3853
internal_value=-9.94974e-06 0.0770706 -0.0712761 0.051457 -0.0163149 0.121271 -0.0871553 0.0309191 0.0701658 0.107051 0.0234498 -0.0319389 0.154526 0.0379658 -0.0434073 0.0653832 -0.0909176 -0.0451832 0.0744846 0.0121858 0.0963309 -0.0309361 0.148987 -0.0434633 0.158711 -0.0179583 0.0962574 0.0891865 0.0655568 0.0570923 -0.0203184 0.0731411 0.119101 -0.023947 0.205609 0.0203485 -0.023561 -0.092613 0.0582932 0.140083 0.0943612 0.00571075 0.0344718 0.123996 0.0533206 0.0995944 0.108445 0.0639985 -0.0324174 -0.0780667 -0.0741399 0.0603075 0.0692177 0.1002 0.120144 -0.054675 -0.0412425 -0.0264847 0.0607198 -0.0850599 0.0268252 -0.057376
internal_weight=335825 161331 174494 102148 39116 59183 135378 48700 53448 41471 41579 30375 17712 8741 16681 45203 124236 11142 7121 20569 8245 10204 15997 4674 7606 13694 21900 6776 3401 21871 5530 23332 19571 5018 1715 5340 9832 109728 2773 8391 20375 14266 21010 11731 15534 3853 1669 5452 3167 14508 9328 4631 15610 9073 8803 3182 1208 4404 3842 5180 6303 6738
internal_count=335825 161331 174494 102148 39116 59183 135378 48700 53448 41471 41579 30375 17712 8741 16681 45203 124236 11142 7121 20569 8245 10204 15997 4674 7606 13694 21900 6776 3401 21871 5530 23332 19571 5018 1715 5340 9832 109728 2773 8391 20375 14266 21010 11731 15534 3853 1669 5452 3167 14508 9328 4631 15610 9073 8803 3182 1208 4404 3842 5180 6303 6738
cat_boundaries=0 1
cat_threshold=1
is_linear=0
shrinkage=0.03


Tree=4
num_leaves=63
num_cat=1
split_feature=3 0 3 0 0 3 0 5 5 3 3 3 0 5 5 4 3 0 4 5 4 5 3 24 31 4 5 3 0 3 4 0 3 3 5 5 5 0 5 5 3 3 0 4 0 26 3 26 3 30 5 5 18 29 26 32 3 4 3 17 24 16
split_gain=1.8734e+06 179848 175149 48595.9 37144 20496.7 14814.5 14446.5 9733.39 9274.52 7655.66 6742.75 6538.54 4795.92 4243.1 4020.6 3857.83 3168.16 2781.6 2353.88 2316.4 2256.67 2256.48 2074.84 1984.66 1958.45 1745.54 1672.61 1619.31 1278.78 1250.84 1408.6 1226.83 1213.04 1151.9 1148.85 1145.74 1091.06 1087.8 1087.67 1051.75 956.373 863.884 800.5 780.591 763.594 725.494 685.419 670.694 618.169 605.576 594.244 592.294 581.337 581.107 566.148 544.869 523.154 511.893 494.014 476.739 546.164
threshold=1.2823637686377889 0.47009709477424627 2.5444738851146274 1.6292405724525454 3.1045867204666142 0.42457889341276928 1.2528443336486819 0.83529668224490228 0.99030102696599998 1.9141702174542723 3.1442482383463921 3.4732148564376621 0.83290913701057445 0.3123351487687428 0.99030102696599998 0.45717708213247521 2.0641988767745754 0.18231840431690219 3.138098445983037 0.46465076060914806 1.8437932142440514 0.53694403792546652 0.93761331206326426 0.66012780149078465 2.7926103708828385 2.2441171378502998 0.37643739424721634 4.1537608658190965 0.26166167855262762 2.3023750203558451 2.8659225575765173 1.3351155519485476 1.6006417500390075 0.91504656598004208 0.32807309176196925 0.34335142995590023 0.53694403792546652 0.53003185987472545 1.4752227368701363 0.3357154386806816 2.8772817432722406 4.1537608658190965 2.3887628316879277 1.0054622018848962 1.8065307140350344 92.353037452697734 3.0958546546503052 9.6390392780303813 1.6918018701093194 0 0.71592394458003861 0.47241611350734464 189.61365123276713 1.6641722339275355 69.306928062438956 -1.3780351167004909 3.9522380642614769 3.7942461710304394 0.14405326918305214 76.950000000000017 0.37672789363518527 10.250000000000002
decision_type=2 2 2 2 2 2 2 2 2 2 2 2 2 2 2 2 2 2 2 2 2 2 2 2 2 2 2 2 2 2 2 2 2 2 2 2 2 2 2 2 2 2 2 2 2 2 2 2 2 1 2 2 2 2 2 2 2 2 2 2 2 2
left_child=1 5 3 9 10 17 15 16 11 12 13 36 23 30 44 51 34 58 -10 27 -9 33 28 32 42 29 60 45 -7 -11 40 -32 55 -17 48 -14 46 49 -22 -19 53 -26 54 -16 -8 -13 -6 -24 -5 -27 -15 -3 -35 -4 -12 -2 -21 -20 -1 -34 61 -18
right_child=2 6 4 7 8 22 14 20 18 25 24 19 35 50 43 21 26 39 57 56 38 -23 47 -25 41 37 -28 -29 -30 -31 31 -33 59 52 -36 -37 -38 -39 -40 -41 -42 -43 -44 -45 -46 -47 -48 -49 -50 -51 -52 -53 -54 -55 -56 -57 -58 -59 -60 -61 -62 -63
leaf_value=-0.090525673282645172 -0.033197392640913349 -0.050224692913988664 0.070223868309322465 0.026732384252592785 0.088816923646080154 -0.069333223218190104 0.0053512766245782471 0.07973839375433163 0.15062312487826404 0.037954366034012338 0.070566123896787514 0.11569319196637153 0.018554686269271606 0.099243779522513217 0.031162703816701217 -0.027348514369816498 0.049082974972477038 -0.075254086124159694 0.19096782192939754 0.14939280873934832 0.10180915024287708 0.011276753272660738 -0.063480079578469017 -0.044468898141155247 0.11208387999284304 -0.021707757849919112 0.079517275389031208 0.14520451088650457 -0.047045340796651958 0.062697750847675648 0.028816202734823361 0.070296509680637442 0.003373226406446815 0.0012404255904687874 0.054536023996435048 0.044175759111123286 0.12032808697076766 0.030879086127494505 0.13212526784508608 -0.045347821222532982 0.085887488018415503 0.14882224863280055 0.1022934702500647 0.062481999741617118 0.025434693571737544 0.1349572831583252 0.10819760057684844 -0.036847554787935749 0.043768942919715087 0.015727090111321243 0.12354978950681288 -0.028031342236703151 -0.018373604265469277 0.095152798016058374 0.096227070848655963 -0.0091456405049606931 0.17954630024075299 0.23385782339694824 -0.08379511577500097 0.033376440527300086 0.076413426069537396 0.061968755750701189
leaf_weight=98767 1078 3531 13762 3090 3564 9982 6296 3548 1924 8933 1845 5528 10230 3462 1169 6263 4647 7096 1223 1707 3585 2885 1049 1302 7091 676 5291 5034 4229 2400 1106 2267 4199 2915 6789 1862 3521 2872 1650 1328 7459 756 5355 2055 2405 3265 3918 5388 6576 947 1437 1602 2635 939 1553 4759 1131 523 12449 555 1383 8938
leaf_count=98767 1078 3531 13762 3090 3564 9982 6296 3548 1924 8933 1845 5528 10230 3462 1169 6263 4647 7096 1223 1707 3585 2885 1049 1302 7091 676 5291 5034 4229 2400 1106 2267 4199 2915 6789 1862 3521 2872 1650 1328 7459 756 5355 2055 2405 3265 3918 5388 6576 947 1437 1602 2635 939 1553 4759 1131 523 12449 555 1383 8938
internal_value=5.4027e-05 -0.0690681 0.0727082 0.0429601 0.105086 -0.0836611 -0.00459815 0.0641395 0.1304 0.0187519 0.0882069 0.124257 0.00698673 0.0792334 0.0218201 -0.0204858 0.0558567 -0.0884267 0.176473 0.136344 0.098711 -0.0124951 -0.0560329 -0.00880582 0.104629 0.0365725 0.0646322 0.131082 -0.0627195 0.0432196 0.0739834 0.056758 -0.00440268 -0.018303 0.0450363 0.0225166 0.105898 0.0197841 0.111481 -0.0705692 0.0765919 0.115716 0.0946292 0.0511917 0.0109139 0.122919 0.0990312 -0.0412336 0.0383394 0.00011622 0.106492 -0.0433322 -0.00807998 0.071848 0.0824182 -0.0136122 0.161704 0.204446 -0.0897761 0.0069073 0.0593457 0.0575806
internal_weight=335724 172044 163680 85310 78370 140288 31756 45497 31338 39813 47032 27668 23985 30432 11925 19831 36714 119640 3670 16665 8783 14698 20648 11893 16600 15828 20259 13827 14211 11333 25533 3373 10591 11813 16455 12092 11003 4495 5235 8424 22160 7847 8753 3224 8701 8793 7482 6437 9666 1623 4899 5133 5550 14701 3398 5837 2838 1746 111216 4754 14968 13585
internal_count=335724 172044 163680 85310 78370 140288 31756 45497 31338 39813 47032 27668 23985 30432 11925 19831 36714 119640 3670 16665 8783 14698 20648 11893 16600 15828 20259 13827 14211 11333 25533 3373 10591 11813 16455 12092 11003 4495 5235 8424 22160 7847 8753 3224 8701 8793 7482 6437 9666 1623 4899 5133 5550 14701 3398 5837 2838 1746 111216 4754 14968 13585
cat_boundaries=0 1
cat_threshold=1
is_linear=0
shrinkage=0.03


Tree=5
num_leaves=63
num_cat=2
split_feature=1 1 2 1 2 1 1 2 2 1 1 1 1 2 1 2 2 2 5 5 1 5 2 1 23 2 1 24 23 17 1 5 5 31 1 2 27 5 1 2 2 32 30 30 29 23 24 1 13 16 27 24 24 4 23 23 23 1 5 29 25 32
split_gain=1.81062e+06 178646 154700 38457.1 33758.1 26562.8 19612.8 14020.3 7110.98 5476.16 5258.22 4409.49 4284.09 4272.52 4047.23 3910.09 3070.74 2609.9 2356.42 1489.74 1443.7 1286.81 1145.09 977.083 971.751 946.659 940.804 915.858 996.461 1632.63 913.967 857.817 789.879 717.339 714.171 660.384 648.614 644.066 626.332 614.114 609.199 591.946 585.353 548.642 543.526 525.094 463.579 448.333 446.711 432.183 429.05 438.866 422.692 410.664 408.984 426.224 407.555 407.477 387.315 386.456 360.353 396.031
threshold=0.91629074379508402 2.7644758707224981 0.36238171747842823 1.7688336504320554 1.5794856284130732 3.6951737262131221 0.3435640621522314 2.002321183191667 2.8440214239711099 0.53338872910185509 4.7568862410327446 3.2524784816627186 2.0940930682127603 2.1319088780079398 1.3056984582086513 0.99014719283812469 2.813319969497218 0.076980074306419177 0.65710316699761506 -1.1611286384879453 0.55961580177221515 0.71592394458003861 1.3902484060221643 4.0867267977357287 -0.55822315702467107 2.1695327810238019 0.15613183866401317 -0.91968655568559032 0.60019216940316622 73.950000000000017 2.3735682885461036 -0.61039408307294984 -2.4534710099539589 1.0282384460697658 3.0069838686729793 1.2223562094304941 0.14677419354838714 1.0179565718695893 0.20315731031163212 1.7993813348425691 2.262547136306662 -1.1259900067348807 0 1 0.030158821736771958 -0.54389891703310034 -0.99374406038856444 0.70507355308835218 1.2350018859849314 9.7500000000000018 0.13924731182795699 -0.88264628153994396 -0.96914236212857563 1.4386198242497932 -0.91972043703894657 -0.95260028690456633 -0.18771856543719898 1.070401381955193 0.91629073733791422 0.044109217475255945 3.1358031452343034 -0.44146316265215796
decision_type=2 2 2 2 2 2 2 2 2 2 2 2 2 2 2 2 2 2 2 2 2 2 2 2 2 2 2 2 2 2 2 2 2 2 2 2 2 2 2 2 2 2 1 1 2 2 2 2 2 2 2 2 2 2 2 2 2 2 2 2 2 2
left_child=2 3 6 7 9 11 17 14 12 15 18 31 25 39 22 27 40 26 36 -10 -8 -12 57 -20 -21 -5 -1 -4 38 -30 -14 -3 -15 49 58 47 -7 50 45 -6 -9 -31 54 -16 -34 -29 -38 -11 -45 -17 51 -13 -42 -35 55 -32 -26 -2 -33 -54 61 -43
right_child=1 5 4 8 13 10 20 16 19 35 21 37 30 32 43 33 -18 -19 23 24 -22 -23 -24 -25 56 -27 -28 28 29 41 42 34 44 53 -36 -37 46 -39 -40 -41 52 60 -44 48 -46 -47 -48 -49 -50 -51 -52 -53 59 -55 -56 -57 -58 -59 -60 -61 -62 -63
leaf_value=-0.087222557616748422 -0.0020579927002058796 0.11852500805686556 -0.021872238342404125 0.045140188250216602 0.0086015146196084299 0.1256038603105413 -0.04849111610529374 0.044259168487910457 0.12632947836007541 -0.024148124082746927 0.16196956560630862 0.10099315836258059 0.061797313615280111 0.086752969199618279 0.035039520948610563 -0.016815232808355465 0.10144031087671714 -0.071851503398753958 0.14235164778263659 0.073284411612284495 -0.022939884259260791 0.21814012275609998 0.022263030858923151 0.17065211483725992 0.11472358091175557 0.06141649190822128 -0.07182397999199483 -0.057062706960868174 0.0040819378505202219 -0.063828885273928118 0.069079476214342697 0.083412099170347143 0.041794845594323532 -0.022766149382437713 0.096697836920697389 0.0014039754927684753 0.12158448422556734 0.13023151620097617 -0.046184786107751626 0.028800758359119109 0.083809565575261744 -0.060255933237459619 0.07881670542813321 0.017405896403108849 0.069848724814837726 -0.078506126471359183 0.14602088922557963 -0.011274159309900979 0.029779712991683787 -0.046975169989087406 0.12558741596201678 0.11362372270003723 0.048331754612534576 -0.0046043339279581257 0.070327067712375332 0.04130452335662689 0.090511654175586348 0.0088784774489134369 0.10048118657647795 0.069387478723322474 -0.024689071663119764 -0.026636092774134281
leaf_weight=110257 5304 1107 1082 13252 2635 7812 4454 3418 1095 4554 758 4974 14607 855 8001 689 1457 11937 2569 2516 3624 962 4255 2426 1060 4321 3855 3811 670 1232 1015 10429 1578 2211 10413 2065 1117 1886 3250 2796 670 886 7175 4521 1068 1484 3751 5261 6363 1158 1702 6622 1972 2273 9479 1043 2114 7257 1509 1400 1054 508
leaf_count=110257 5304 1107 1082 13252 2635 7812 4454 3418 1095 4554 758 4974 14607 855 8001 689 1457 11937 2569 2516 3624 962 4255 2426 1060 4321 3855 3811 670 1232 1015 10429 1578 2211 10413 2065 1117 1886 3250 2796 670 886 7175 4521 1068 1484 3751 5261 6363 1158 1702 6622 1972 2273 9479 1043 2114 7257 1509 1400 1054 508
internal_value=-0.000138413 0.0727143 -0.066791 0.0488579 -0.0158821 0.114755 -0.0823972 0.0279396 0.0650361 -0.0302006 0.143428 0.100347 0.061177 0.035705 0.0195299 -0.0396639 0.0615801 -0.0853017 0.138461 0.0939156 -0.0370495 0.193927 0.00882172 0.156254 0.0875724 0.0491587 -0.0867055 -0.0485233 -0.0507502 -0.0389665 0.0675074 0.0921301 0.0615278 -0.0200821 0.0907966 -0.0140139 0.131393 0.113008 -0.0567226 0.0190175 0.0537323 -0.046799 0.0719471 0.02906 0.0532286 -0.0631409 0.140544 -0.0172567 0.0246502 -0.0358002 0.110517 0.108252 0.0616785 -0.0135751 0.0676425 0.0551373 0.0987653 0.00426147 0.0856108 0.0571635 -0.0381158 -0.0481432
internal_weight=335579 160332 175247 102295 41120 58037 134127 44618 57677 32188 19395 38642 50892 8932 35701 20308 8917 126049 17675 6785 8078 1720 16816 4995 5690 17573 114112 13977 12895 4350 33319 23458 3501 6331 22351 11880 12680 15184 8545 5431 7460 3680 18712 18885 2646 5295 4868 9815 10884 1847 13298 11596 4042 4484 11537 2058 3174 12561 11938 3372 2448 1394
internal_count=335579 160332 175247 102295 41120 58037 134127 44618 57677 32188 19395 38642 50892 8932 35701 20308 8917 126049 17675 6785 8078 1720 16816 4995 5690 17573 114112 13977 12895 4350 33319 23458 3501 6331 22351 11880 12680 15184 8545 5431 7460 3680 18712 18885 2646 5295 4868 9815 10884 1847 13298 11596 4042 4484 11537 2058 3174 12561 11938 3372 2448 1394
cat_boundaries=0 1 2
cat_threshold=2 1
is_linear=0
shrinkage=0.03


Tree=6
num_leaves=63
num_cat=2
split_feature=1 1 3 1 1 1 3 3 3 3 5 1 31 1 1 1 5 5 1 1 5 31 23 1 3 1 3 5 23 30 3 24 3 1 5 26 29 5 5 23 3 30 1 5 18 23 16 31 26 31 16 29 24 32 16 0 24 23 26 1 1 1
split_gain=1.70998e+06 167160 140250 36377.5 35867.1 25296.2 18916.9 11786.4 5745.73 4932.58 4827.72 4180.76 4019.45 3892.2 3610.41 3117.38 2473.41 2432.33 2327.38 2321.4 2042.29 2025.92 1263.48 1156.6 1056.32 977.359 944.987 901.198 775.23 757.633 715.924 709.938 709.42 629.62 622.552 615.528 643.431 593.14 560.889 538.883 523.453 509.995 504.084 488.044 461.367 459.45 455.641 505.703 450.963 442.222 486.128 442.091 434.905 426.417 417.703 412.15 395.314 372.096 368.117 365.749 362.804 348.969
threshold=0.91629074379508402 2.7644758707224981 0.93761331206326426 0.3276523178845272 1.7866941223156361 3.6951737262131221 1.7794918269356166 2.142915488667517 2.8772817432722406 0.2782816059005499 0.73237430365454037 3.2524784816627186 1.4999249042398113 1.3056984582086513 2.2436093575221308 4.4690025878997881 -2.0144524180063224 -1.2370382330199026 0.61835129269381073 0.53338872910185509 -1.0295183214315353 1.1272212707568039 0.60019216940316622 4.1303377325450796 1.6547918377552675 0.17233684853827505 1.3059759732744551 -0.84843873281483184 -0.61383352812826175 0 2.9500691304146378 0.52211334636400808 2.1857993469766117 3.0069838686729793 1.0179565718695893 54.922030735015845 0.1836773534595661 -2.4534710099539589 -0.730614135478593 0.79462857753386984 0.66733972245471485 1 1.9629372736191468 0.83529668224490228 637.19260424194351 -0.034327600513243302 9.7500000000000018 2.8094112341217894 9.6390392780303813 0.58464980559757296 10.250000000000002 0.044109217475255945 -0.75113193087051977 -0.81917217190705593 9.7500000000000018 0.18231840431690219 -0.72208999473568902 -0.88664765382614386 127.12684478759762 0.42570936678934884 4.9529772614864394 1.4724720661102479
decision_type=2 2 2 2 2 2 2 2 2 2 2 2 2 2 2 2 2 2 2 2 2 2 2 2 2 2 2 2 2 1 2 2 2 2 2 2 2 2 2 2 2 1 2 2 2 2 2 2 2 2 2 2 2 2 2 2 2 2 2 2 2 2
left_child=2 4 3 9 7 11 19 13 14 25 23 27 31 24 32 -12 37 30 59 21 -10 22 49 -7 -2 -1 -23 -3 -22 43 -9 -8 42 -29 58 36 55 -14 -19 -24 -11 61 -6 57 -28 -21 -30 -48 -42 -4 -51 -39 -38 -50 -41 -18 -32 -16 -13 -5 -17 -15
right_child=1 5 6 18 8 10 12 17 20 40 15 34 16 41 29 60 35 38 -20 45 28 26 39 -25 -26 -27 44 33 46 -31 56 -33 -34 -35 -36 -37 52 51 -40 54 48 -43 -44 -45 -46 -47 47 -49 53 50 -52 -53 -54 -55 -56 -57 -58 -59 -60 -61 -62 -63
leaf_value=-0.084796437583117334 0.004260792061584983 0.12956965281252275 -0.065093460058629635 -0.050264978766121973 0.040212296590392875 0.12168007473458342 0.0041771857027038022 0.064790812846171567 0.1153705174623452 -0.070653494570001946 0.14807681714266213 0.10569935605104551 0.086296927682975283 0.026238387830839451 0.050363722532445976 0.18502201859197759 -0.0047517787815750008 0.055352562406820106 -0.018671466696921702 -0.014078898161060867 0.067647438051924455 -0.031294794969814639 0.0032863295870936577 0.13962208654727123 0.022123591601926198 -0.069441503538890101 -0.014023427052600344 0.08359928672276469 0.067312865443243761 0.074322049120663813 0.11151030917991299 -0.035166305102643437 0.057486164935228297 0.093879924941035628 0.12647091645150432 0.049953780259862079 0.019985419685573408 0.040768954474471326 0.039398222158826629 -0.017556818362490387 -0.074090800446520513 0.024367350906404243 0.051582866951103964 0.077517752216494262 0.010781591164539835 0.0019871904688194154 0.08336271599914831 0.10824336354097333 -0.059820553815570325 -0.024764304418154196 -0.052929248074396487 0.075282136739985725 0.053330107462210875 -0.037008483203923206 -0.050349863572817316 0.021670957801031888 0.075439138721548393 0.063545999939161976 0.12768783710988041 -0.037782225367618702 0.22223768526113638 0.039403563221124871
leaf_weight=108722 12363 508 1462 3506 6329 7596 1969 1368 1605 12881 3680 12532 832 2948 2582 1049 724 3868 6123 4146 3719 2764 535 6468 3922 4020 2826 12341 979 9163 736 517 9006 10691 1892 964 618 910 4246 808 1384 10593 8299 1883 882 2607 2554 1164 2838 817 1790 552 842 1042 623 1975 526 9495 854 5681 585 4922
leaf_count=108722 12363 508 1462 3506 6329 7596 1969 1368 1605 12881 3680 12532 832 2948 2582 1049 724 3868 6123 4146 3719 2764 535 6468 3922 4020 2826 12341 979 9163 736 517 9006 10691 1892 964 618 910 4246 808 1384 10593 8299 1883 882 2607 2554 1164 2838 817 1790 552 842 1042 623 1975 526 9495 854 5681 585 4922
internal_value=-5.30898e-05 0.0707133 -0.0648091 -0.0767915 0.0476117 0.111303 -0.0047378 0.027759 0.0635144 -0.0819098 0.139321 0.0973 0.028949 0.019263 0.0590816 0.163902 0.0400077 0.0552151 -0.0330218 -0.0220617 0.0841575 -0.0297129 -0.0422144 0.129978 0.00856825 -0.084252 -0.0180319 0.0893067 0.07814 0.0675249 0.0803207 -0.00405903 0.0508083 0.0883907 0.109583 0.028368 0.0233108 0.0658835 0.0470332 -0.022384 -0.0673372 0.0286912 0.0466787 0.0630384 -0.00811663 -0.00787969 0.086367 0.091287 -0.059163 -0.0517566 -0.044167 0.0540121 0.0393321 -0.0537497 -0.0319592 0.0145874 0.0968329 0.0607497 0.107149 -0.0425707 0.198983 0.0344918
internal_weight=335826 160466 175360 146197 102270 58196 29163 45492 56778 130887 19378 38818 9903 34748 46757 5314 7417 10744 15310 19260 10021 12507 6035 14064 16285 112742 6472 23540 8416 23123 2630 2486 23634 23032 15278 5123 4159 2294 8114 1966 18145 18463 14628 13960 3708 6753 4697 3718 5264 4069 2607 1462 1460 3880 1431 2699 1262 12077 13386 9187 1634 7870
internal_count=335826 160466 175360 146197 102270 58196 29163 45492 56778 130887 19378 38818 9903 34748 46757 5314 7417 10744 15310 19260 10021 12507 6035 14064 16285 112742 6472 23540 8416 23123 2630 2486 23634 23032 15278 5123 4159 2294 8114 1966 18145 18463 14628 13960 3708 6753 4697 3718 5264 4069 2607 1462 1460 3880 1431 2699 1262 12077 13386 9187 1634 7870
cat_boundaries=0 1 2
cat_threshold=2 1
is_linear=0
shrinkage=0.03


Tree=7
num_leaves=63
num_cat=3
split_feature=1 1 2 1 1 2 1 2 2 1 5 3 1 1 1 2 3 2 1 1 1 2 24 3 1 2 24 2 13 24 2 3 5 5 30 1 2 32 5 30 24 19 24 30 29 24 24 32 25 19 18 3 5 13 1 18 24 29 25 18 27 1
split_gain=1.60564e+06 166894 124816 32941.5 28333.1 27149 18273.7 13338.6 7230.72 5783.63 4809.75 4453.6 3655.4 3543.51 3143.23 2916.56 2538.8 2207.94 2082.21 1996.54 1723.97 1522.29 1363.83 1000.92 991.05 980.034 979.489 914.887 800.245 933.89 778.9 757.17 714.464 654.926 630.716 610.207 559.509 553.354 550.238 476.659 988.131 477.335 470.833 430.959 429.23 418.009 415.954 766.271 631.259 399.628 385.219 382.922 381.364 445.737 377.322 368.133 353.834 398.685 347.198 355.043 343.562 339.447
threshold=0.85056415110569061 2.6599474716514031 0.42869112595005693 1.6952458482715891 3.7248305732691009 1.6761608551646381 0.25945734864355613 2.002321183191667 2.7547952058655469 3.0938889153692721 0.99030102696599998 1.2592374541912981 2.0940930682127603 1.180801969247423 0.37992638403495499 2.1319088780079398 0.24830900727834368 2.8282169024580179 0.51572833257557027 4.4690025878997881 4.40161869695691 3.4048548823758673 0.63395513778623458 1.6006417500390075 3.3392382371244618 3.4685476005787357 -0.77873524214321999 2.064989111574286 1.9566768326385497 -0.98376170968447474 2.6872099587045777 0.93761331206326426 0.52631273899526343 0.91629073733791422 0 1.3771598297185033 2.262547136306662 -1.2163135670823595 0.6720439639416812 1 -0.50739640075491554 5.9059427821715182 -0.88264628153994396 2 0.11853411682973876 -0.71010885522459943 -0.57240397273781507 -1.1176363150522846 1.2857497769337829 8.6371977438490841 583.03248182830828 3.0523270842343444 0.89489624309951477 1.8634635732587796 0.11332653719707649 748.84348699455279 -0.96914236212857563 0.044109217475255945 2.4652421584613227 22.061986462017874 0.14032258064516132 0.3276523178845272
decision_type=2 2 2 2 2 2 2 2 2 2 2 2 2 2 2 2 2 2 2 2 2 2 2 2 2 2 2 2 2 2 2 2 2 2 1 2 2 2 2 1 2 2 2 1 2 2 2 2 2 2 2 2 2 2 2 2 2 2 2 2 2 2
left_child=2 3 6 7 9 11 16 13 12 25 20 14 27 23 31 -7 54 36 -8 -12 -6 26 28 -2 60 33 42 43 29 -13 44 -4 -22 39 49 -15 -9 -31 -26 41 45 -3 -10 -5 -17 51 47 -18 -49 -14 -37 -41 53 -36 -1 -45 -38 -58 -48 -60 -11 -24
right_child=1 4 5 8 10 15 18 17 21 24 19 22 34 35 -16 30 46 -19 -20 -21 32 -23 61 -25 38 -27 -28 -29 -30 37 -32 -33 -34 -35 52 50 56 -39 -40 40 -42 -43 -44 55 -46 -47 58 48 -50 -51 -52 -53 -54 -55 -56 -57 57 -59 59 -61 -62 -63
leaf_value=-0.082467756463687036 -0.00056700751111271282 0.089820702352073206 -0.05678858636695891 0.04707261822702527 0.12293120142736046 0.020808058757097649 -0.051488653970835671 0.041988827105192243 0.084516151522590732 0.093993076425717165 0.15087511062991735 0.018758414056450318 0.069708784090715112 0.01679885474889229 -0.023330598862276297 0.039679355027006015 -0.071731439436073366 0.095509396036071156 -0.025704949910882638 0.20067881523823322 0.1374956222244629 0.11950231284418321 -0.054768071938833748 0.017337854275425855 0.10462657909012074 0.10767610602290258 0.067587039371291388 0.054419403900899319 0.010084121071418511 -0.028883996027892676 0.08406578481466237 -0.039193998173637661 0.16840936466931533 0.09406239953537146 0.051628906315480838 0.030713569602856629 0.080845127761521737 -0.010382722816058289 0.11960032249657132 0.071655097060440126 0.059565740251386765 0.059445295335911211 0.11173264075102957 0.039166518363765265 0.066051998828522182 0.091114622529589476 -0.075818186014306746 -0.058465815681109007 -0.015826638180933415 0.046767608380254039 0.019459479270316823 0.085967707612690902 0.071056190065187499 0.061710670738257624 -0.073545534937213941 0.022810330441531135 0.045918181018611962 0.068246080619239299 -0.041488257460973482 -0.067878579801675956 0.11592803728426807 -0.02451970374186498
leaf_weight=104586 10728 4204 4936 5769 11428 3904 7436 3057 2310 9495 2207 782 8379 7966 8414 1429 1706 1226 4567 1204 2581 1076 701 3802 9322 1249 2934 6133 1757 2039 854 4092 1124 2689 8610 9205 609 5087 3358 6044 3052 570 859 7730 951 2247 6968 753 540 791 3950 2605 1875 7831 4904 1505 1812 1273 545 4415 795 661
leaf_count=104586 10728 4204 4936 5769 11428 3904 7436 3057 2310 9495 2207 782 8379 7966 8414 1429 1706 1226 4567 1204 2581 1076 701 3802 9322 1249 2934 6133 1757 2039 854 4092 1124 2689 8610 9205 609 5087 3358 6044 3052 570 859 7730 951 2247 6968 753 540 791 3950 2605 1875 7831 4904 1505 1812 1273 545 4415 795 661
internal_value=-2.58459e-05 0.0672577 -0.064015 0.0429117 0.104973 -0.0139943 -0.0770699 0.0233789 0.0581796 0.092243 0.136262 -0.0271112 0.0540187 0.0155277 -0.0365444 0.0383028 -0.0804811 0.0584356 -0.041693 0.168723 0.128892 0.0863046 -0.0121803 0.00412243 0.102883 0.0814369 0.0803586 0.0446136 -0.00820854 -0.0122766 0.0593573 -0.0488398 0.147088 0.0798814 0.0612418 0.0233711 0.0516371 -0.0156931 0.108638 0.0778201 0.0749015 0.08626 0.0920579 0.0405886 0.0503337 0.0791677 -0.0687917 -0.0584804 -0.0407878 0.0677565 0.027343 0.0760131 0.0579626 0.0564482 -0.0820715 0.0365148 0.0595541 0.0552271 -0.0713586 -0.0650235 0.0957432 -0.0402314
internal_weight=335631 163604 172027 99430 64174 35607 136420 43628 55802 45630 18544 28469 48623 35651 17442 7138 124417 7977 12003 3411 15133 7179 11027 14530 22970 22660 6103 21137 9665 7908 3234 9028 3705 21411 27486 21121 6751 7126 12680 18722 13948 4774 3169 15004 2380 10896 14927 2999 1293 9170 13155 8649 18316 16441 109490 9235 3694 3085 11928 4960 10290 1362
internal_count=335631 163604 172027 99430 64174 35607 136420 43628 55802 45630 18544 28469 48623 35651 17442 7138 124417 7977 12003 3411 15133 7179 11027 14530 22970 22660 6103 21137 9665 7908 3234 9028 3705 21411 27486 21121 6751 7126 12680 18722 13948 4774 3169 15004 2380 10896 14927 2999 1293 9170 13155 8649 18316 16441 109490 9235 3694 3085 11928 4960 10290 1362
cat_boundaries=0 1 2 3
cat_threshold=1 1 1
is_linear=0
shrinkage=0.03


Tree=8
num_leaves=63
num_cat=0
split_feature=1 1 2 1 1 2 1 2 1 2 2 1 5 1 1 1 2 2 2 1 1 23 2 24 2 5 2 25 24 1 2 5 27 5 1 2 5 5 20 2 23 17 29 2 24 32 29 24 23 4 23 1 4 24 24 13 6 23 24 2 23 24
split_gain=1.50854e+06 158115 116640 31305.4 27680.8 25837.4 17291.4 12284 6858.23 6288.05 3671.3 3471.67 3170.92 2937.77 2797.04 2623.23 2487.47 2345.4 2227.8 1833.85 1730.63 1325.34 1177.88 979.251 889.141 870.498 842.494 830.407 767.265 701.964 668.226 663.665 631.084 623.738 578.604 554.404 554.04 552.934 544.572 541.177 486.029 696.716 485.296 478.887 476.395 457.535 441.517 420.762 857.108 417.144 402.124 400.935 395.274 391.57 507.499 445.922 384.976 368.57 359.823 379.388 355.817 349.073
threshold=0.85056415110569061 2.559705119766853 0.42869112595005693 3.3844318597703054 1.6952458482715891 1.6761608551646381 0.27230601692261591 2.002321183191667 4.3385597009712873 2.7547952058655469 1.1076662341142942 1.180801969247423 0.56882208330465667 0.4054678504506592 2.0940930682127603 3.0069838686729793 2.0265966994748563 2.8282169024580179 0.076980074306419177 0.51572833257557027 3.855440885125001 -0.61383352812826175 3.4374903888725643 -0.8982586596074329 2.064989111574286 0.99030102696599998 1.4220610285474935 4.6226027886152918 0.72208999473568902 4.9529772614864394 2.7000412931230779 1.1117985829578878 0.14032258064516132 1.045651058114119 1.4553448567776448 0.77270845821920797 -1.1262066311788168 0.99030102696599998 40.299461206478959 2.262547136306662 0.60019216940316622 74.500000000000014 0.11853411682973876 1.4220610285474935 -0.017165697368537521 1.0000000180025095e-35 0.23277141575115587 -0.57240397273781507 0.60019216940316622 0.072773738249497885 -0.92632396825149488 0.6594039883782834 1.5394338704429764 -0.21294651993841582 -0.56532384738233998 1.5029525892764648 8.5000000000000018 -0.82482438823869786 -0.60703521118548998 3.0566362251843877 0.97516411509186673 -0.88264628153994396
decision_type=2 2 2 2 2 2 2 2 2 2 2 2 2 2 2 2 2 2 2 2 2 2 2 2 2 2 2 2 2 2 2 2 2 2 2 2 2 2 2 2 2 2 2 2 2 2 2 2 2 2 2 2 2 2 2 2 2 2 2 2 2 2
left_child=2 4 6 15 7 10 18 11 20 14 13 26 -10 23 24 22 53 39 49 -8 31 58 33 -4 56 -22 -2 -18 43 -14 46 -5 37 38 52 40 -23 -17 45 -9 -25 -42 -40 -12 50 -3 -29 48 -20 -1 -16 -15 -13 54 55 -7 -6 -58 -11 -60 -43 -38
right_child=1 3 5 8 9 16 19 17 12 21 28 34 29 51 44 32 27 -19 47 -21 25 36 -24 35 -26 -27 -28 30 -30 -31 -32 -33 -34 -35 -36 -37 61 -39 42 -41 41 60 -44 -45 -46 -47 -48 -49 -50 -51 -52 -53 -54 -55 -56 -57 57 -59 59 -61 -62 -63
leaf_value=-0.080484602813281458 -0.00031281652525538855 0.070347062099394564 -0.016880084683961995 0.10652575030411346 0.047813635719232486 -0.0037155902416183511 -0.049165807954188068 0.039454537243676542 0.13198306657984482 0.049382413042392624 -0.013077654901921303 0.013897269047275403 0.16632302874951946 -0.026617371017369513 0.044910540646245965 0.087632526330862839 0.02221810775473116 0.094249929701283222 -0.067875535278713844 -0.024569958309641746 0.121793811134771 0.11721673342016517 0.10473952752911898 -0.058748813579031035 0.052848626798595033 0.14862868209655331 0.017449324449650687 0.041871604664868306 -0.039234224341449485 0.2055375910761863 0.084918805209234074 0.12831035172994951 0.1132869601086096 0.090439271971882618 0.027900891744211384 -0.037770236615833994 0.080102170296529482 0.10583709719722462 0.071644053059944854 0.056767796228923008 -0.0097669267972681929 -0.06092185192467324 0.041136801118149935 0.0023069772085585376 0.06657931018978952 0.080109533914297135 0.067937537658704125 -0.068431241699226819 -0.030051544611788772 -0.076282489434126091 0.057822031876125397 -0.013917575872885073 0.025687849861623004 0.00046527639385407824 0.049431123016659397 0.027268862845790845 0.027939711507121948 0.039927930006443048 0.063560628523218254 0.095910794059824819 -0.031547075739391743 0.10439438616261892
leaf_weight=80209 11447 11230 1095 12680 3645 646 6853 3034 3279 801 4609 7562 1904 4930 2647 13106 661 1222 1468 4561 7840 875 1243 3983 6142 1409 3037 1584 724 696 724 1548 1202 2077 9662 3810 1756 1848 1018 3677 503 1038 924 3006 5038 7815 971 9791 871 32322 15508 4133 3888 877 538 1174 3295 8212 1025 532 607 902
leaf_count=80209 11447 11230 1095 12680 3645 646 6853 3034 3279 801 4609 7562 1904 4930 2647 13106 661 1222 1468 4561 7840 875 1243 3983 6142 1409 3037 1584 724 696 724 1548 1202 2077 9662 3810 1756 1848 1018 3677 503 1038 924 3006 5038 7815 971 9791 871 32322 15508 4133 3888 877 538 1174 3295 8212 1025 532 607 902
internal_value=5.75178e-05 0.0652074 -0.0620711 0.0993975 0.0397834 -0.013734 -0.0747208 0.0222572 0.122993 0.0549232 -0.0265691 0.0147294 0.152112 -0.0335112 0.0510547 0.0822657 0.0371207 0.0560048 -0.0779574 -0.0393524 0.115671 0.0840689 0.075984 -0.0439056 0.043179 0.12596 0.00341628 0.0531164 -0.00982691 0.177195 0.0593017 0.10894 0.0916901 0.0744119 0.0224881 -0.0468725 0.0957876 0.0899169 0.0728046 0.0489758 -0.0524935 -0.0407849 0.0572717 -0.00700709 0.0582747 0.074373 0.051891 -0.0656496 -0.0538847 -0.0792811 0.0559524 -0.0208368 0.0179104 0.0175872 0.0239409 0.016291 0.0392432 0.0365088 0.0663452 0.0748858 -0.0502111 0.0885263
internal_weight=335414 163726 171688 69819 93907 35613 136075 43529 29356 50378 28438 35596 5879 20099 44487 40463 7175 7933 124661 11414 23477 5891 24307 11036 21294 9249 14484 3940 8339 2600 3279 14228 16156 23064 21112 9941 3533 14954 20987 6711 6131 2148 1942 7615 23193 19045 2555 12130 2339 112531 18155 9063 11450 3235 2358 1820 15152 11507 2358 1557 1645 2658
internal_count=335414 163726 171688 69819 93907 35613 136075 43529 29356 50378 28438 35596 5879 20099 44487 40463 7175 7933 124661 11414 23477 5891 24307 11036 21294 9249 14484 3940 8339 2600 3279 14228 16156 23064 21112 9941 3533 14954 20987 6711 6131 2148 1942 7615 23193 19045 2555 12130 2339 112531 18155 9063 11450 3235 2358 1820 15152 11507 2358 1557 1645 2658
is_linear=0
shrinkage=0.03


Tree=9
num_leaves=63
num_cat=3
split_feature=1 1 2 1 2 1 1 2 2 3 1 1 1 1 1 2 5 2 3 1 5 2 5 3 3 26 1 2 2 5 1 30 3 5 23 30 23 1 1 18 19 4 2 1 1 19 30 23 13 26 5 1 23 2 23 18 32 16 25 26 27 5
split_gain=1.41923e+06 148460 110424 29481.9 26548.5 25016 13503.3 11558.1 6339.01 4605.55 4592.69 4303.26 3527.33 3452.87 3252.08 2421.89 2356.61 2069.63 1920.13 1527.29 1468.54 1326.24 1003.27 841.582 825.067 802.727 722.501 721.379 713.7 712.909 680.283 634.738 570.961 540.263 583.726 555.373 526.11 512.739 501.571 685.736 494.141 446.471 439.541 438.795 423.067 409.514 401.436 391.288 391.053 563.892 419.786 388.241 344.257 338.224 334.836 321.428 309.2 379.678 466.705 327.734 305.167 302.033
threshold=0.85056415110569061 2.6599474716514031 0.36238171747842823 1.6952458482715891 1.6761608551646381 3.6371676767548977 0.27230601692261591 2.002321183191667 2.9855211657054217 1.2592374541912981 4.4690025878997881 3.0938889153692721 0.37992638403495499 2.0940930682127603 1.180801969247423 2.0419587991963151 0.6720439639416812 2.8282169024580179 0.23476259856354756 0.49475034477898933 0.83529668224490228 2.3272234603349777 -0.76837931913378099 0.93761331206326426 1.409436483156298 21.551015663146959 3.9269174890273653 1.4060193890775772 2.7246923043873177 -1.3273831369669833 3.3392382371244618 0 1.6547918377552675 0.91629073733791422 -0.86167001593038528 1 -0.55822315702467107 1.4553448567776448 0.49475034477898933 583.03248182830828 8.6371977438490841 2.158386023573891 2.262547136306662 0.6594039883782834 0.12770903358833707 3.278570080070065 2 -0.17927415433127133 1.8634635732587796 87.28816242218015 1.045651058114119 4.9529772614864394 0.1283936251113518 3.0566362251843877 -0.95260028690456633 637.19260424194351 1.0000000180025095e-35 10.250000000000002 17.579950761787035 41.307750892639156 0.14032258064516132 1.0179565718695893
decision_type=2 2 2 2 2 2 2 2 2 2 2 2 2 2 2 2 2 2 2 2 2 2 2 2 2 2 2 2 2 2 2 1 2 2 2 1 2 2 2 2 2 2 2 2 2 2 1 2 2 2 2 2 2 2 2 2 2 2 2 2 2 2
left_child=2 3 6 7 9 11 18 14 13 12 20 22 23 21 24 -6 -12 42 44 -8 26 46 -3 -4 -2 -17 -7 38 55 -10 60 40 37 34 35 45 -31 -16 39 -11 -15 -36 -9 -14 -1 -24 -5 -38 50 -50 -33 -18 -34 -19 -37 -27 57 58 -43 -58 -13 -32
right_child=1 5 4 8 15 10 19 17 29 27 16 30 43 31 32 25 51 53 -20 -21 -22 -23 33 -25 -26 28 -28 -29 -30 36 61 48 52 -35 41 54 47 -39 -40 -41 -42 56 -44 -45 -46 -47 -48 -49 49 -51 -52 -53 -54 -55 -56 -57 59 -59 -60 -61 -62 -63
leaf_value=-0.077577221424844051 -0.0020225319566459623 0.11198991904902889 -0.054585935857642487 0.04535448430987421 0.017690656824664287 0.10593666664589965 -0.049583031609420375 0.039288251418915426 0.12042828824275985 -0.029264720859880348 0.13424166184027173 0.088580971918379325 -0.02798595123577223 0.067035238658185836 0.013046132803078711 0.017292699616748928 0.16799898675831823 0.073966500123625434 -0.065488320871770367 -0.025754219985914876 0.13667080739178053 0.058914493322162718 0.090059251755670991 -0.03731409602884378 0.012848917832431439 0.045147584228321457 0.12065959589863651 -0.00034930259756281407 0.084958253864991534 0.069762955529905843 0.099367940073135166 0.049440384764744411 0.024241191138296928 0.088394122834910049 0.068743169515470187 0.072067236788817088 0.11634658721797833 0.025170638582352366 -0.0065940781399024435 -0.0039826507804648003 0.042248413865859417 0.075914947712149766 0.054958412625699185 -0.01486464663638536 -0.067005786331556891 0.061812568158656891 0.036077995135337035 0.085357266775868634 0.057986651693588555 0.087749135149466556 0.07022532482385635 0.20353460731274292 0.037943165089621159 0.10736979506459839 0.04992889638927861 0.071847855453634715 0.077113540317847132 0.080075502600320314 0.038135715595864011 0.095078927175783409 0.10918054820049933 0.11630376127671278
leaf_weight=104999 9070 723 6468 6878 3372 5946 5725 3017 700 3670 2365 9521 5670 8989 7624 511 1119 639 14482 4228 3448 3903 1084 4277 5325 2123 7404 3386 700 1205 8806 9536 5772 2745 4414 917 625 5361 2724 1312 823 741 3667 3887 3802 917 11379 1209 9211 629 995 632 2347 590 2170 524 1861 4301 517 2301 801 1288
leaf_count=104999 9070 723 6468 6878 3372 5946 5725 3017 700 3670 2365 9521 5670 8989 7624 511 1119 639 14482 4228 3448 3903 1084 4277 5325 2123 7404 3386 700 1205 8806 9536 5772 2745 4414 917 625 5361 2724 1312 823 741 3667 3887 3802 917 11379 1209 9211 629 995 632 2347 590 2170 524 1861 4301 517 2301 801 1288
internal_value=2.08306e-05 0.0632887 -0.0601751 0.0403551 -0.0155095 0.0989235 -0.0731221 0.0217902 0.0547227 -0.0274455 0.125864 0.0858397 -0.0359377 0.0520172 0.0144775 0.0363015 0.154486 0.0545663 -0.0758366 -0.0394786 0.118807 0.0430013 0.0767971 -0.0477315 0.00348127 0.052524 0.114144 -0.0118926 0.0578691 0.0924779 0.0958686 0.0586283 0.0219754 0.0756136 0.073766 0.0648158 0.0858526 0.0180596 -0.0169613 -0.0226174 0.0649788 0.0769637 0.0479199 -0.0226598 -0.0772109 0.077301 0.0395842 0.0962056 0.0555543 0.0599328 0.0514366 0.181368 0.028223 0.0903723 0.056611 0.0505587 0.0806591 0.0757269 0.0606013 0.087148 0.0902316 0.101585
internal_weight=335375 163515 171860 99494 38624 64021 133236 43412 56082 31394 20914 43107 20302 52343 35499 7230 4116 7913 123283 9953 16798 22160 22691 10745 14395 3858 13350 11092 3347 3739 20416 30183 21104 21968 19223 5088 3039 12985 7706 4982 9812 14135 6684 9557 108801 2001 18257 1834 20371 9840 10531 1751 8119 1229 3087 2647 9721 5559 1258 4162 10322 10094
internal_count=335375 163515 171860 99494 38624 64021 133236 43412 56082 31394 20914 43107 20302 52343 35499 7230 4116 7913 123283 9953 16798 22160 22691 10745 14395 3858 13350 11092 3347 3739 20416 30183 21104 21968 19223 5088 3039 12985 7706 4982 9812 14135 6684 9557 108801 2001 18257 1834 20371 9840 10531 1751 8119 1229 3087 2647 9721 5559 1258 4162 10322 10094
cat_boundaries=0 1 2 3
cat_threshold=1 1 1
is_linear=0
shrinkage=0.03


Tree=10
num_leaves=63
num_cat=2
split_feature=1 1 2 1 2 2 1 1 1 2 2 5 1 3 1 1 3 3 2 2 1 24 1 1 5 32 2 24 30 24 2 23 3 24 30 3 5 7 16 24 24 24 5 25 24 19 31 1 2 25 23 16 32 2 23 20 24 23 18 1 23 16
split_gain=1.34171e+06 145774 96302.4 29632.4 26054.1 23399.8 14538.2 12513.3 6363.52 5562.06 3763.9 3726.26 3137.82 2997.43 2888.59 2038.17 1907.12 1722.1 1435.33 1397.75 1246.65 1237.11 1091.82 1042.78 949.352 870.549 792.978 715.8 686.727 667.175 629.056 605.697 645.718 599.562 560.313 536.367 534.962 531.269 576.813 561.101 491.707 491.215 457.232 526.132 580.034 544.335 429.296 424.989 421.015 413.366 403.06 940.894 399.909 391.933 387.758 383.002 372.031 727.629 508.071 359.554 356.752 356.709
threshold=0.79298018086260391 2.5021014733873388 0.39206940915598354 3.3844318597703054 2.002321183191667 1.5071766060317431 1.4430283580371965 0.27230601692261591 4.0867267977357287 3.0389727748561328 2.0265966994748563 0.6720439639416812 1.9629372736191468 0.96100296284021425 2.9568999027384346 0.36303941099773923 0.24830900727834368 1.409436483156298 2.6358809109737042 3.1148351061075634 0.49475034477898933 0.76785215827905995 4.9529772614864394 1.0867665582944832 1.0179565718695893 -1.3780351167004909 2.7819097433271911 -0.72208999473568902 0 -0.60703521118548998 3.5662821135513991 0.97516411509186673 1.2823637686377889 -0.50739640075491554 1 4.1537608658190965 0.71592394458003861 18.174740576548562 10.250000000000002 0.37672789363518527 -0.8905837001257676 -0.8982586596074329 0.99030102696599998 24.661279086444171 -0.97322851985520697 3.580189827618049 1.948943651910201 0.17233684853827505 2.2103874584920704 3.4944851819866449 -0.15389057670406206 13.800000000000002 -0.13276761923003969 1.7768058128265134 -0.83440738405450643 37.843074243723116 -0.57240397273781507 0.60019216940316622 128.21944362209894 0.47414859376858193 0.14539831731376898 11.800000000000002
decision_type=2 2 2 2 2 2 2 2 2 2 2 2 2 2 2 2 2 2 2 2 2 2 2 2 2 2 2 2 1 2 2 2 2 2 1 2 2 8 2 2 2 2 2 2 2 2 2 2 2 2 2 2 2 2 2 2 2 2 2 2 2 2
left_child=2 4 7 14 6 13 17 16 24 18 49 -10 34 15 19 -4 47 23 37 28 -9 25 -13 -2 35 -15 46 40 -3 -29 -11 32 59 50 -8 -5 -14 38 39 -6 -20 -34 43 44 -16 -46 -12 -1 -35 -7 -30 -52 -45 60 -47 -36 57 -18 -59 -27 -19 -48
right_child=1 3 5 8 9 10 12 20 11 30 26 22 36 21 42 -17 56 53 27 -21 -22 -23 -24 -25 -26 31 -28 29 33 -31 -32 -33 41 48 55 -37 -38 -39 -40 -41 -42 -43 -44 52 45 54 61 -49 -50 -51 51 -53 -54 -55 -56 -57 -58 58 -60 -61 -62 -63
leaf_value=-0.075151651951637852 -0.0056730260098093463 0.075439764254093489 -0.053143681274355772 0.10057357141244003 0.041291735464286917 -0.010052080812838834 0.036499896394376431 -0.047574786832946192 0.12178296487146432 0.089387489464303846 0.025302975385647731 0.15187441714046909 0.044795424679250961 -0.033268652142071052 0.063860511250377588 -0.027266938144169053 -0.066492900273621855 0.010266236265195822 0.066403507095432829 0.089583595325595344 -0.026189561790199361 -0.045588304410959721 0.19838807132412392 0.0095469072942566124 0.12234742148323109 -0.029748720477853072 0.082893248302327485 0.033081005372088627 0.071979456425099522 0.064605399805784877 0.12654015158964405 0.016384907420658696 0.0065278496599874948 0.068758107688197886 0.02351903793904429 0.11982433234905368 0.05813113798955287 0.037208295794792935 0.055006281350843213 0.066095007631574484 0.090847119262396386 -0.013731469733984997 0.099163498254382892 0.089693796188566474 0.088710319739461849 0.062739601046112217 0.060142161769866261 -0.062725329960604842 0.046084399959021916 0.014306735010603849 0.050651864202806353 0.077240044502008179 0.11935728517015738 0.02819267667883216 0.081707691870776408 0.03664996864457102 -0.065609801213917018 -0.053112452312316261 -0.014713450676461924 -0.012157572850718196 0.022957749096852428 0.035464680053156082
leaf_weight=107268 8422 6643 5818 15084 6479 735 8260 6149 6861 2385 795 2709 7157 2573 1666 5213 1629 6630 2179 2896 4121 1575 629 7798 2659 3114 583 906 6736 1928 540 560 1407 1081 9513 1592 4532 2762 13877 956 1228 4554 2112 2732 7047 1638 1471 2721 2574 4142 3301 1938 548 2190 2888 2558 11496 689 570 1589 2857 868
leaf_count=107268 8422 6643 5818 15084 6479 735 8260 6149 6861 2385 795 2709 7157 2573 1666 5213 1629 6630 2179 2896 4121 1575 629 7798 2659 3114 583 906 6736 1928 540 560 1407 1081 9513 1592 4532 2762 13877 956 1228 4554 2112 2732 7047 1638 1471 2721 2574 4142 3301 1938 548 2190 2888 2558 11496 689 570 1589 2857 868
internal_value=3.38668e-05 0.0605343 -0.0593435 0.0921724 0.0356249 -0.0150054 0.0238046 -0.0708671 0.115406 0.0569248 0.0279806 0.134666 0.0375964 -0.0289997 0.0764949 -0.0409328 -0.073496 0.00797048 0.0530958 0.069821 -0.0390105 -0.0204259 0.160923 0.00164486 0.105214 -0.017538 0.0507023 0.0659716 0.0672319 0.0546034 0.0964507 -0.0139186 -0.0155169 0.0637204 0.0304612 0.102447 0.0499885 0.0497448 0.0513604 0.0445232 0.075334 -0.00894811 0.0854895 0.0837118 0.080924 0.0833518 0.0445916 -0.0748471 0.0528751 0.0106291 0.0670072 0.0605516 0.0948239 0.0167527 0.0749198 0.0263157 -0.0631418 -0.0532215 -0.0358546 -0.0238244 0.0140984 0.0510796
internal_weight=336131 166491 169640 73334 93157 34997 59917 134643 29534 33240 8594 10199 32020 26403 43800 11031 124373 27897 30315 25169 10270 15372 3338 16220 19335 13797 3717 6241 22273 2834 2925 11224 10664 15630 20331 16676 11689 24074 21312 7435 3407 5961 18631 16519 13239 11573 3134 109989 3655 4877 11975 5239 3280 11677 4526 12071 14384 2888 1259 4703 9487 2339
internal_count=336131 166491 169640 73334 93157 34997 59917 134643 29534 33240 8594 10199 32020 26403 43800 11031 124373 27897 30315 25169 10270 15372 3338 16220 19335 13797 3717 6241 22273 2834 2925 11224 10664 15630 20331 16676 11689 24074 21312 7435 3407 5961 18631 16519 13239 11573 3134 109989 3655 4877 11975 5239 3280 11677 4526 12071 14384 2888 1259 4703 9487 2339
cat_boundaries=0 1 2
cat_threshold=1 1
is_linear=0
shrinkage=0.03


Tree=11
num_leaves=63
num_cat=0
split_feature=1 1 3 1 1 1 3 3 3 1 3 1 31 1 1 5 5 24 5 5 1 5 32 31 5 3 23 1 3 26 3 29 16 24 23 1 18 5 5 26 3 23 24 24 17 25 1 24 1 1 31 26 24 1 3 5 6 0 18 1 23 21
split_gain=1.26003e+06 130745 97493.4 27053.9 23197.6 21187.5 13777.8 8786.72 5156.36 3976.05 3714.26 3646.3 3309.48 2996.01 2569.84 2163.27 1756.99 1513.77 1484.4 1478.92 1356.3 1292.65 1275.3 1017.59 791.896 734.096 729.49 728.803 713.578 670.408 633.122 633.095 676.246 595.202 560.793 544.507 532.006 524.221 509.915 478.231 471.633 464.431 754.004 509.311 585.7 462.327 460.369 451.358 450.875 434.04 423.051 507.598 457.074 418.263 415.703 410.839 390.875 364.469 349.795 347.728 346.949 346.676
threshold=0.85056415110569061 2.6896768137562703 0.93761331206326426 1.6952458482715891 0.3276523178845272 3.6665485155432975 1.7442082121853819 2.0949370093530306 2.8772817432722406 4.4690025878997881 0.2782816059005499 3.1126125963681486 1.8757975794386275 2.0940930682127603 1.180801969247423 0.55759672519520831 -1.4276096404118854 0.76785215827905995 -1.1611286384879453 -2.1892359907282182 0.58087391901449981 0.9641696940459159 -1.3780351167004909 1.1458548393517918 -0.5953131272966361 1.3465034819989021 -0.61383352812826175 0.12770903358833707 1.409436483156298 54.922030735015845 2.4137092822500947 0.23277141575115587 11.800000000000002 0.37672789363518527 -0.99466323211226826 0.21511226468267011 361.22138282094005 1.0179565718695893 -0.675521741445262 94.283443069458002 0.73647572399177696 -0.83440738405450643 -0.30410362911654215 -0.91968655568559032 74.500000000000014 22.497666360021281 2.3735682885461036 -0.99374406038856444 3.3844318597703054 1.2354819379390454 2.8094112341217894 87.28816242218015 -0.8905837001257676 0.24251549515296647 2.9924280781067618 -0.87165661881963719 8.5000000000000018 0.33644320070743566 45.274094663809358 0.17233684853827505 0.14539831731376898 17.40217106970557
decision_type=2 2 2 2 2 2 2 2 2 2 2 2 2 2 2 2 2 2 2 2 2 2 2 2 2 2 2 2 2 2 2 2 2 2 2 2 2 2 2 2 2 2 2 2 2 2 2 2 2 2 2 2 2 2 2 2 2 2 2 2 2 2
left_child=2 3 4 7 10 11 17 14 13 21 27 24 23 30 28 -11 54 22 -10 -14 -6 39 57 -8 -3 35 -20 -1 -2 -25 56 -21 -33 46 -18 -24 -16 38 -13 45 59 42 -26 44 -43 -7 -15 -41 -40 -36 51 52 58 -19 -9 -51 -5 -4 -28 -12 -38 -44
right_child=1 5 6 8 20 9 12 16 18 15 40 37 19 33 36 -17 34 53 26 31 -22 -23 25 29 41 -27 50 -29 -30 -31 -32 32 -34 -35 49 -37 60 -39 48 47 -42 43 61 -45 -46 -47 -48 -49 -50 55 -52 -53 -54 -55 -56 -57 -58 -59 -60 -61 -62 -63
leaf_value=-0.072937391978108612 -0.0016152952328103857 0.097687539280094951 -0.04320524719870146 0.045062835367443564 -0.037923676082312383 0.10828319757051118 -0.016586554918770265 0.056913417827936685 0.10334947384475134 0.12300912348049758 -0.062591400688792015 0.11914170082495107 0.065308674329061067 0.048937379446066458 0.02412089099414071 0.16732695353650348 0.010048371216294833 -0.059567002299688483 0.057298765594747197 0.021739565380081462 -0.019147814288995941 0.1319491747460956 -0.028821479605363333 0.0053253898147839858 0.051983487413635503 -0.0048583346264352168 0.031460122812461078 -0.061337423473883615 0.012756141427591546 0.039698181412834606 0.050362140869729753 0.062539067605841839 0.019905358387782686 0.06822411945083949 0.030024011705739342 -0.011996279476742096 0.0097631087313394295 0.10443743444894722 0.083465136047920649 0.099747745924479103 -0.048110406546578395 0.08057828864877839 0.081843554099602839 0.079456861343039142 0.060772534468471431 0.091466511519513613 0.05719674143637847 0.12028395292354922 0.093593967559514851 0.056931382050887581 0.089112903841573998 0.09077858574826736 0.076302638254543947 -0.031284337579315757 0.087358303526960557 0.039798598991702398 0.034304433387323481 -0.021013605346878881 0.064793837352402919 -0.050515270736933959 0.024260430401382895 0.061289030847455961
leaf_weight=107173 9073 1151 1844 4089 8245 5170 1459 835 1246 2084 11491 525 1430 12405 12067 2086 550 956 3462 2837 6000 2611 3127 1867 2584 5495 590 5316 4725 699 3950 880 549 2668 2192 3899 5277 2422 9697 1502 3797 2160 2033 8585 3976 2436 12711 4359 7824 2001 1530 737 1003 968 885 3653 12734 1067 575 2824 2071 1320
leaf_count=107173 9073 1151 1844 4089 8245 5170 1459 835 1246 2084 11491 525 1430 12405 12067 2086 550 956 3462 2837 6000 2611 3127 1867 2584 5495 590 5316 4725 699 3950 880 549 2668 2192 3899 5277 2422 9697 1502 3797 2160 2033 8585 3976 2436 12711 4359 7824 2001 1530 737 1003 968 885 3653 12734 1067 575 2824 2071 1320
internal_value=8.29456e-05 0.0596918 -0.0566243 0.0385874 -0.0663916 0.0937867 -0.00437226 0.0206692 0.05204 0.119039 -0.0703569 0.0816797 0.0242145 0.0481377 0.0132095 0.145353 0.0451421 -0.0203859 0.0727266 0.0389189 -0.0300248 0.112171 -0.0172466 0.00338311 0.0730925 -0.0130787 0.0678326 -0.072392 0.00330891 0.0147478 0.0394972 0.0300067 0.0462864 0.0545896 0.039439 -0.0194997 0.0202431 0.0908094 0.0889519 0.108289 -0.0577013 0.0716988 0.0643875 0.0746246 0.0678045 0.102961 0.0531279 0.115111 0.0880136 0.0414916 0.0759816 0.0689244 0.0613034 -0.0454554 0.0727862 0.045907 0.036932 -0.0351211 0.048119 -0.0602275 0.0138628 0.073855
internal_weight=335477 163554 171923 101029 144846 62525 27077 43329 57700 20248 130601 42277 9721 48557 33213 4170 10116 17356 9143 5696 14245 16078 15432 4025 21809 12521 7897 112489 13798 2566 20773 4266 1429 27784 8396 7026 19415 20468 18046 13467 18112 20658 5937 14721 6136 7606 25116 5861 17521 7846 4435 2905 2168 1924 1720 5654 16823 2911 1165 14315 7348 3353
internal_count=335477 163554 171923 101029 144846 62525 27077 43329 57700 20248 130601 42277 9721 48557 33213 4170 10116 17356 9143 5696 14245 16078 15432 4025 21809 12521 7897 112489 13798 2566 20773 4266 1429 27784 8396 7026 19415 20468 18046 13467 18112 20658 5937 14721 6136 7606 25116 5861 17521 7846 4435 2905 2168 1924 1720 5654 16823 2911 1165 14315 7348 3353
is_linear=0
shrinkage=0.03


Tree=12
num_leaves=63
num_cat=3
split_feature=1 1 2 1 2 2 1 1 1 2 1 3 1 2 1 1 1 3 24 1 2 2 2 3 32 1 23 2 22 2 30 23 23 24 23 30 24 3 26 2 2 2 7 24 26 24 2 17 23 17 17 1 7 18 25 29 20 0 31 1 23 23
split_gain=1.18748e+06 129518 84579.2 26115.3 23028.3 20023.3 12997 11181.7 5112.01 4939.22 3017.85 2897.03 2597.63 2474.01 2053.01 1785.84 1782.49 1658.28 1219.7 1187.68 1167.79 1165.46 1004.84 969.944 945.941 913.332 761.795 720.73 695.732 603.892 592.828 604.986 582.764 815.078 560.431 527.836 484.607 483.857 483.7 470.662 440.335 439.876 439.788 439.542 436.739 432.153 430.893 420.5 415.395 916.245 408.12 399.715 397.079 394.659 388.456 376.912 369.293 366.461 355.559 349.438 345.57 781.744
threshold=0.79298018086260391 2.5021014733873388 0.39206940915598354 3.4363998887236114 2.0135656321668209 1.5969308357140781 1.490352340573821 0.25945734864355613 4.2258995486549535 3.0389727748561328 2.9729378510615185 0.96100296284021425 1.9629372736191468 2.0419587991963151 4.9529772614864394 0.36303941099773923 1.180801969247423 0.24830900727834368 0.76785215827905995 0.44566042620230245 3.0793821508762971 2.495085979885677 3.8496418630048228 1.409436483156298 -1.2000494241444744 3.855440885125001 0.44709379298511415 3.4964900211226611 0 2.7109614548301804 1 -0.86167001593038528 -0.62729398729515451 -0.59330490695953197 -0.55822315702467107 2 -0.92628984363228806 1.7282017950453594 120.94294319152829 3.0033080961867085 3.0793821508762971 2.7547952058655469 17.634230106358331 -0.30410362911654215 55.523709487915028 -0.99815866078541837 2.1163855735077961 76.300000000000026 -0.15389057670406206 74.850000000000009 76.500000000000014 2.1561437203689593 3.3501808041730374 748.84348699455279 4.6226027886152918 0.030158821736771958 38.810513370996993 0.26166167855262762 2.40512085787568 3.1900724091305546 -0.55822315702467107 0.094275748646527283
decision_type=2 2 2 2 2 2 2 2 2 2 2 2 2 2 2 2 2 2 2 2 2 2 2 2 2 2 2 2 1 2 1 2 2 2 2 1 2 2 2 2 2 2 8 2 2 2 2 2 2 2 2 2 10 2 2 2 2 2 2 2 2 2
left_child=2 4 7 10 6 11 16 17 25 21 20 15 35 44 22 -4 23 -1 24 -9 30 42 -10 -2 26 39 34 -11 36 54 -3 43 33 -23 -13 -8 -26 -18 46 -5 -27 -34 47 56 -7 -14 -12 -6 -33 -50 52 -47 -30 -37 -15 -56 -32 -20 -35 -48 -22 -62
right_child=1 3 5 8 9 13 12 19 14 27 38 18 45 29 -16 -17 37 -19 57 -21 60 32 -24 -25 28 40 -28 -29 50 -31 31 48 41 58 -36 53 -38 -39 -40 -41 -42 -43 -44 -45 -46 51 59 -49 49 -51 -52 -53 -54 -55 55 -57 -58 -59 -60 -61 61 -63
leaf_value=-0.070510167812504909 -0.0034132354024426059 0.07111747174423784 -0.049482289017085283 0.10580955234105147 0.051260132534630243 0.0081077157120414672 0.03528293151218511 -0.047042496326209347 0.14274380620821553 0.081991659837175962 0.094632976642305314 -0.026848475059270401 0.019666716066077936 0.017549944358716318 0.17524095634768891 -0.025173084336073334 0.013006689164285896 -0.059507088328931784 -0.059326185854045102 -0.027072569827414052 0.068653163412352614 0.03095995527788642 0.11670457608739333 0.011442983759454533 0.024324671561449865 0.12742767014164985 -0.05020559962578984 0.11785352526297034 0.0027260054458403634 0.071332908515692212 0.047783336244458401 0.068575447816516491 0.058081003269158209 0.048926844184370606 0.0022287016548096636 0.027521316109540936 -0.0058394451926913034 0.025711693975064544 0.10552467463392053 0.092506056178005461 0.10666052330718057 0.075826971962616271 0.033390444270943849 0.063609283343602066 0.034126909952847506 0.042091784974840715 0.074590357506636479 0.041623435828560047 0.073288308989547177 0.047444625544001306 -0.034483524164916853 0.053476301236145815 -0.019612032514162252 0.0123519206372624 0.035002386346685621 0.059813832343007398 0.018628822560778916 -0.030094961379421619 0.069913937939695109 0.083633141799798943 0.10428426843359076 0.066793904127550416
leaf_weight=109635 10789 6780 5804 3823 10358 3259 7592 5565 2119 2276 1926 2598 506 537 863 5153 9036 14136 693 5227 1169 1404 4555 6238 527 1269 984 696 968 744 1890 6863 3522 1647 773 9228 4843 3858 786 8681 6294 2114 2355 1310 703 5303 8595 7046 2004 3368 1116 6222 2736 1868 1275 1017 504 914 1422 8312 1351 863
leaf_count=109635 10789 6780 5804 3823 10358 3259 7592 5565 2119 2276 1926 2598 506 537 863 5153 9036 14136 693 5227 1169 1404 4555 6238 527 1269 984 696 968 744 1890 6863 3522 1647 773 9228 4843 3858 786 8681 6294 2114 2355 1310 703 5303 8595 7046 2004 3368 1116 6222 2736 1868 1275 1017 504 914 1422 8312 1351 863
internal_value=5.46922e-05 0.0568555 -0.0559398 0.0867027 0.0334401 -0.0141357 0.0224795 -0.0667016 0.109755 0.0536727 0.0727748 -0.0261595 0.0361852 0.0291112 0.130929 -0.0380665 0.00840453 -0.069256 -0.0180728 -0.0373873 0.0660527 0.0499864 0.125073 0.00203124 -0.015322 0.101771 -0.0270197 0.0905738 -0.0103118 0.0471977 0.0635651 0.0603312 0.0583099 0.0500708 -0.0201874 0.0291705 -0.00285402 0.0168166 0.081699 0.0966142 0.110227 0.0647986 0.0457143 0.0495222 0.0127616 0.0470646 0.0806768 0.0473718 0.063582 0.0571447 -0.0185647 0.0482585 -0.0137784 0.0249743 0.0407357 0.0461179 0.0416972 -0.0428455 0.058749 0.0790595 0.0826403 0.0898542
internal_weight=336012 166805 169207 73325 93480 34644 60640 134563 27604 32840 45721 27109 30719 7535 7537 10957 29921 123771 16152 10792 26102 29868 6674 17027 14545 20067 4355 2972 10190 3573 22719 15939 10109 4473 3371 18688 5370 12894 19619 12504 7563 5636 19759 3704 3962 12031 18833 17404 12235 5372 4820 11525 3704 11096 2829 2292 2394 1607 3069 16907 3383 2214
internal_count=336012 166805 169207 73325 93480 34644 60640 134563 27604 32840 45721 27109 30719 7535 7537 10957 29921 123771 16152 10792 26102 29868 6674 17027 14545 20067 4355 2972 10190 3573 22719 15939 10109 4473 3371 18688 5370 12894 19619 12504 7563 5636 19759 3704 3962 12031 18833 17404 12235 5372 4820 11525 3704 11096 2829 2292 2394 1607 3069 16907 3383 2214
cat_boundaries=0 1 2 3
cat_threshold=17 1 1
is_linear=0
shrinkage=0.03


Tree=13
num_leaves=63
num_cat=0
split_feature=3 0 3 0 0 2 0 2 2 9 0 0 9 9 8 0 0 24 0 0 9 2 3 9 0 2 0 0 9 4 0 9 0 23 9 4 2 24 25 29 4 8 19 9 9 3 9 31 0 9 0 24 23 23 3 23 3 0 0 32 23 23
split_gain=1.0827e+06 104732 102018 27986.3 21277.8 12343.9 8759.93 7694.19 6697.27 6088.15 4762.75 4551.48 3905.56 2856.25 2553.25 2050.59 1905.5 1807.26 1795.8 1784.63 1913.34 1431.43 1378.69 1310.18 1612.38 1282.75 1235.14 1099.98 1085.72 1028.46 976.443 872.029 852.235 828.239 822.311 814.497 805.782 795.103 715.693 769.417 703.578 632.584 620.954 578.876 569 542.294 528.263 515.408 501.79 491.137 481.029 467.612 519.961 470.034 464.94 457.775 454.62 450.205 445.55 443.301 427.739 489.254
threshold=1.2823637686377889 0.47009709477424627 2.5444738851146274 1.6713434457778933 3.1045867204666142 0.18976397984103835 1.3084371685981753 1.7890626435820978 3.095207810953958 -0.18496301772959087 2.5110985040664677 0.78854909539222728 0.15541710338425277 -0.11969711304611332 0.13969773576341832 4.0817654132843026 4.3046495914459237 0.63395513778623458 0.18231840431690219 2.3608570098876958 -0.23965028651777293 3.8496418630048228 0.93761331206326426 0.10244605276409978 1.9458790421485903 2.2481843605756713 0.83970591425895702 0.83970591425895702 -0.53455273995416808 2.5089439029973719 3.3357793092727666 -0.68357040789099599 0.26166167855262762 -0.61383352812826175 -0.47450859902762227 2.1993431491466739 2.0893392622170555 -0.99550911953113219 10.706745535587915 0.55642315151173627 3.901888492763165 1.3683207489567553 4.3100708759369413 -0.29657511426907529 -0.51463620808088129 1.6369524368468478 0.31765354871651846 1.6733475322871523 2.711628913879395 0.54656935082635372 2.1282509565353398 -0.88264628153994396 0.07717261907891422 0.67924831531502439 1.5808477594196793 -0.23803327706148594 0.14405326918305214 2.0600128173828129 1.1631730794906618 -1.3780351167004909 -0.54389891703310034 0.094275748646527283
decision_type=2 2 2 2 2 2 2 2 2 10 2 2 10 8 10 2 2 2 2 2 10 2 2 10 2 2 2 2 10 2 2 10 2 2 10 2 2 2 2 2 2 8 2 8 8 2 10 2 2 10 2 2 2 2 2 2 2 2 2 2 2 2
left_child=1 5 3 7 8 18 12 11 19 15 13 17 27 31 35 28 29 37 56 25 48 60 32 -8 -25 58 -14 -3 -6 -11 49 -5 -7 38 -13 -12 -9 -2 39 -27 -17 57 51 -20 -29 59 -31 -38 -21 -16 -33 52 55 -53 -43 -35 -1 -15 -4 -39 -10 -62
right_child=2 6 4 10 9 22 23 36 21 16 14 34 26 41 30 40 -18 -19 43 20 -22 -23 -24 24 -26 33 -28 44 -30 46 -32 50 -34 42 -36 -37 47 45 -40 -41 -42 54 -44 -45 -46 -47 -48 -49 -50 -51 -52 53 -54 -55 -56 -57 -58 -59 -60 -61 61 -63
leaf_value=-0.06890447727887393 0.029154178882352402 -0.01025906903854797 0.01323228892752829 0.072129357141348202 0.11807723196555582 -0.052571654045963062 0.038259140912824993 0.026849654236597326 0.073767252025655219 0.071270702183245882 0.071630170888631772 0.029993664000485983 -0.036883424641626757 0.032598980727095425 0.056910404628576855 0.12850378718146382 0.11862912414846484 -0.038830957378004141 -0.031490873659608842 0.072929918872000773 0.059492667082898416 0.11050548791833102 -0.029725244906958135 0.00314348419118444 0.030487464691204461 0.053115158142660747 -0.017212192924789746 0.031814707502862125 0.099973570277341134 0.092418899487796122 0.07371511148317221 0.043725474079183813 -0.036676396721910288 0.048087579091389034 0.013283592859042511 0.099657866937614817 0.021789140859234588 -0.028148532721082479 0.040528076523001853 0.093644485274203187 0.16890521787231269 0.016087575632062073 0.079566185471973999 -0.056390508372356839 0.0050198631435397567 0.0023074570727278591 0.075410695083152943 0.045559867235872784 0.090872159288517038 0.043569644479898875 0.058964418231323361 0.078769614912361924 0.042368854038510095 0.051197568751961943 0.032339142827337519 0.076679586994449545 -0.062974640125969192 0.047068790651900685 0.041980939082267202 -0.0072145403001192092 0.092985632891827361 0.075717715794222706
leaf_weight=98588 642 4899 764 1998 5732 8604 2381 7737 4270 4736 2566 3487 5342 3677 6023 1696 1520 1432 979 3429 10220 1839 6185 5359 3039 2691 6245 877 7029 7711 2133 4837 4789 988 11086 1569 1001 1113 4015 510 602 2040 1683 7031 3743 4939 2307 4950 2672 4437 3170 1666 2214 902 7349 1125 14044 4251 1355 4939 4157 2599
leaf_count=98588 642 4899 764 1998 5732 8604 2381 7737 4270 4736 2566 3487 5342 3677 6023 1696 1520 1432 979 3429 10220 1839 6185 5359 3039 2691 6245 877 7029 7711 2133 4837 4789 988 11086 1569 1001 1113 4015 510 602 2040 1683 7031 3743 4939 2307 4950 2672 4437 3170 1666 2214 902 7349 1125 14044 4251 1355 4939 4157 2599
internal_value=0.000103235 -0.0524413 0.0553091 0.0326142 0.0800096 -0.0636006 -0.00336392 0.0148784 0.0672495 0.0991764 0.0492498 0.00576631 -0.0146003 0.041515 0.0618668 0.112967 0.0863848 -0.00709013 -0.0671876 0.0602944 0.0675008 0.0857267 -0.0414857 0.0186343 0.0130508 0.0537114 -0.0262933 -0.000360716 0.108148 0.0830238 0.0551036 0.0542863 -0.0469037 0.0566575 0.0172909 0.0823726 0.033268 -0.00316789 0.0490719 0.0597085 0.139431 0.0341228 0.0630063 -0.0533688 0.0101351 -0.00506827 0.0885417 0.0415831 0.0808559 0.0512749 0.0497917 0.0589095 0.0527275 0.0692034 0.0288185 0.0634556 -0.0681679 0.0403825 0.0316712 -0.0110845 0.0815457 0.0864037
internal_weight=335913 172105 163808 85376 78432 140220 31885 41326 47099 31333 44050 27638 21106 27322 16728 15059 16274 13065 120642 34234 16321 12865 19578 10779 8398 17913 11587 9519 12761 14754 12593 10005 13393 15794 14573 4135 13688 11633 7216 3201 2298 17317 8578 8010 4620 10991 10018 5951 6101 10460 8007 6895 4327 2568 9389 2113 112632 7928 2119 6052 11026 6756
internal_count=335913 172105 163808 85376 78432 140220 31885 41326 47099 31333 44050 27638 21106 27322 16728 15059 16274 13065 120642 34234 16321 12865 19578 10779 8398 17913 11587 9519 12761 14754 12593 10005 13393 15794 14573 4135 13688 11633 7216 3201 2298 17317 8578 8010 4620 10991 10018 5951 6101 10460 8007 6895 4327 2568 9389 2113 112632 7928 2119 6052 11026 6756
is_linear=0
shrinkage=0.03


Tree=14
num_leaves=63
num_cat=1
split_feature=3 0 0 3 4 3 0 5 5 3 3 3 4 5 31 5 4 3 4 0 5 0 0 4 3 4 5 3 25 3 3 26 0 26 3 0 4 0 18 23 27 5 5 31 3 9 31 28 9 5 5 23 4 30 3 5 5 31 23 3 18 18
split_gain=1.01714e+06 98201.1 94863.3 22700.1 21699.7 11382.9 9169.14 8702.73 7591.29 4641.44 4369.69 3687.74 3653.16 2512.11 2430.93 2358.79 2165.64 1989.4 1842.52 1727.1 1659.11 1567.45 1332.15 1225.28 1156.59 1076.49 1032.62 980.686 978.652 954.604 927.621 887.944 877.719 855.643 747.615 705.396 689.199 673.43 657.548 641.245 619.032 590.833 576.891 564.929 561.661 530.207 503.02 505.062 501.436 495.464 467.014 459.522 454.339 446.942 442.681 438.308 399.834 397.285 581.942 395.434 382.811 373.58
threshold=1.2823637686377889 0.47009709477424627 2.3321707248687749 2.142915488667517 2.6223938427468183 0.42457889341276928 1.223787307739258 0.73237430365454037 0.53694403792546652 2.8603421449851294 3.771704254545762 0.57592940481887334 2.0898274671307457 0.59309032245526805 2.9316856776673026 0.54662652354457919 3.3687199212698737 1.7442082121853819 0.85431898559338149 0.18231840431690219 0.23090841364054168 0.53003185987472545 0.26166167855262762 2.718921472097279 2.4137092822500947 2.2575681975844293 0.85460566359260415 2.8945224478154832 14.451643851447491 0.89320861029784182 3.0958546546503052 82.544995689392081 3.7659342288970952 69.306928062438956 1.5808477594196793 1.9459115862846377 1.793457742907594 0.69314873218536388 189.61365123276713 -0.10282099713736061 0.14032258064516132 0.38520419150473945 1.3350820746125569 1.6454656903724885 0.93761331206326426 -0.37317901135936626 2.4222492348218365 0.67554600866910186 -0.57670787867343387 1.2332470453008615 0.40146962258222235 -0.45473838294431457 2.2134077553949858 0 0.91504656598004208 1.1117985829578878 1.2808433483002077 1.3288300434518381 0.60019216940316622 2.823920875908716 189.61365123276713 189.61365123276713
decision_type=2 2 2 2 2 2 2 2 2 2 2 2 2 2 2 2 2 2 2 2 2 2 2 2 2 2 2 2 2 2 2 2 2 2 2 2 2 2 2 2 2 2 2 2 2 10 2 2 8 2 2 2 2 1 2 2 2 2 2 2 2 2
left_child=1 5 3 6 12 19 17 11 10 23 30 50 26 34 33 27 42 21 -9 -1 44 36 29 24 35 43 38 -14 -16 -7 -6 -12 -18 -11 60 52 -2 -25 53 -33 -29 -21 59 -19 -13 -15 -26 -48 -24 -20 -3 -49 -5 -4 -22 -17 -34 58 -31 -10 -8 -46
right_child=2 7 4 9 8 22 13 18 16 14 31 20 15 45 28 55 32 25 49 41 54 -23 48 37 46 -27 -28 40 -30 57 -32 39 56 -35 -36 -37 -38 -39 -40 -41 -42 -43 -44 -45 61 -47 47 51 -50 -51 -52 -53 -54 -55 -56 -57 -58 -59 -60 -61 -62 -63
leaf_value=-0.066279672814200372 -0.0094321224891916917 -0.036411087089289085 0.064271860256094646 0.037192195935073766 0.060570620693772739 -0.051973932031067024 0.024064001903798822 0.0069818368146365569 0.078313349871977619 0.04948090174173226 0.086573630295085358 -0.020545930179769148 0.056972279605930751 0.061932961795892007 0.073960672609037117 0.08026292817628515 0.11076716601667283 0.0080679724752803668 0.029188740186752587 -0.05500927085491799 -0.0013024547118424934 0.006238242191961901 -0.01488420476747619 -0.0020839033521577836 0.045265884725937504 -0.016653718494065106 0.067510389493461595 0.069469210839749732 0.11101116687279167 -0.049328697394324758 0.079285153369640538 0.10929467611382049 0.14021359391646238 0.069746840476358943 0.029252566069732092 0.048711163883385908 -0.033990614730784664 0.031764865272359277 0.042519032436049722 0.090680404862928901 0.10130062354863317 -0.029918883172861767 0.12733500063404982 0.024320090313938877 0.0020703882606210632 0.040443333821126658 0.051601099148339803 0.091464420661101234 -0.03451631484566043 0.049855912892789435 -0.020876710880528317 0.055889104421670381 0.022226064772836722 0.049979868382849409 0.013782541916755034 0.097611631775086957 0.17283220802152585 -0.02222520189571071 -0.022355587141184786 0.1068300095003591 0.0074686222527607224 -0.012891502327790459
leaf_weight=111085 5289 4186 3122 5811 3085 9288 2499 2929 567 5389 3760 4174 8170 2124 1632 4789 673 3174 2571 7518 3246 6917 1548 737 7889 895 3602 6771 1131 2370 12185 6804 1175 2962 14289 3390 1274 1864 6869 2484 624 974 1292 4914 2699 2113 3727 662 4951 1798 3030 722 2706 5890 3794 2037 717 1454 1052 4197 2513 3378
leaf_count=111085 5289 4186 3122 5811 3085 9288 2499 2929 567 5389 3760 4174 8170 2124 1632 4789 673 3174 2571 7518 3246 6917 1548 737 7889 895 3602 6771 1131 2370 12185 6804 1175 2962 14289 3390 1274 1864 6869 2484 624 974 1292 4914 2699 2113 3727 662 4951 1798 3030 722 2706 5890 3794 2037 717 1454 1052 4197 2513 3378
internal_value=-1.84714e-05 -0.0509309 0.0535757 0.0315156 0.0772585 -0.0617243 0.0172755 -0.00333681 0.0940254 0.0484719 0.0864841 -0.0119007 0.0624582 0.0303578 0.0648459 0.07074 0.118732 0.00356346 0.0254094 -0.0652785 -0.00437959 -0.00372462 -0.041145 0.0418458 0.0438938 0.014496 0.0529246 0.0642383 0.0893 -0.0463128 0.0755253 0.0992753 0.142154 0.0567064 0.0257536 0.0371003 -0.0142216 0.0221881 0.0495962 0.104368 0.0722218 -0.0521508 0.108703 0.0179511 -0.0120783 0.0512763 0.0500994 0.0575085 -0.0298552 0.0377413 -0.0299072 0.0731736 0.032453 0.0549639 0.00683117 0.0855077 0.152998 -0.035487 -0.0410813 0.103522 0.0157589 -0.00625018
internal_weight=335481 172045 163436 84623 78813 140240 46001 31805 36939 38622 28318 24507 41874 23538 11114 22391 8621 22463 7298 119577 17291 13480 20663 27508 24907 8983 19483 15565 2763 14164 15270 13048 2565 8351 19301 11907 6563 2601 15881 9288 7395 8492 6056 8088 10251 4237 13000 5111 6499 4369 7216 1384 8517 9012 7040 6826 1892 4876 3422 4764 5012 6077
internal_count=335481 172045 163436 84623 78813 140240 46001 31805 36939 38622 28318 24507 41874 23538 11114 22391 8621 22463 7298 119577 17291 13480 20663 27508 24907 8983 19483 15565 2763 14164 15270 13048 2565 8351 19301 11907 6563 2601 15881 9288 7395 8492 6056 8088 10251 4237 13000 5111 6499 4369 7216 1384 8517 9012 7040 6826 1892 4876 3422 4764 5012 6077
cat_boundaries=0 1
cat_threshold=1
is_linear=0
shrinkage=0.03


Tree=15
num_leaves=63
num_cat=1
split_feature=1 1 2 1 2 1 1 2 2 5 1 1 1 2 1 2 2 2 1 2 24 1 2 30 25 5 1 2 24 24 24 32 24 31 24 27 2 1 2 5 5 32 27 31 29 2 18 29 5 21 13 26 19 1 8 4 24 24 29 32 31 19
split_gain=984750 102366 77410.2 23436.7 18363.3 15209.1 9265.08 8615.87 4083.66 3151.52 3054.45 2831.31 2457.42 2319.9 2254.92 1984.13 1703.5 1495.95 1022.62 984.207 796.913 794.128 783.761 609.411 606.456 599.561 594.069 588.68 557.987 514.463 510.183 588.802 600.472 1052.16 596.464 509.36 504.26 502.976 500.14 485.184 471.004 437.958 613.939 429.396 521.959 422.871 418.59 402.622 395.37 390.466 382.83 394.671 374.883 372.938 370.015 366.032 358.179 354.425 351.738 343.188 340.015 334.3
threshold=0.85056415110569061 2.7644758707224981 0.36238171747842823 1.7688336504320554 1.5794856284130732 3.8183924631511066 0.3435640621522314 2.002321183191667 2.8440214239711099 0.99030102696599998 3.1696311838316187 1.2891581856277794 0.44566042620230245 2.0893392622170555 2.1400963341176245 1.0574926181711322 2.7819097433271911 0.076980074306419177 4.6382841949739868 3.6278154163675373 -0.8982586596074329 4.40161869695691 1.4929890221172946 0 4.8178586940491401 1.2808433483002077 0.54255517987695989 2.1695327810238019 -0.77873524214321999 -0.72208999473568902 0.82964644928663589 -1.1259900067348807 -0.62058661934845294 0.97712134063727707 -0.02574791365498821 0.14032258064516132 4.0279178775222411 0.12770903358833707 1.1076662341142942 0.46465076060914806 0.87440443850237237 0.048690000510210225 0.022043010752688174 2.7326321147191819 0.030158821736771958 2.262547136306662 583.03248182830828 0.11853411682973876 0.89489624309951477 13.310367659907348 1.6803221766507339 87.28816242218015 10.425197840915478 1.070401381955193 -2.9116669752496898 2.4173752888409648 0.67927333889729336 -0.96914236212857563 0.044109217475255945 0.05616174456218196 2.4122511847452106 1.8147540035069032
decision_type=2 2 2 2 2 2 2 2 2 2 2 2 2 2 2 2 2 2 2 2 2 2 2 1 2 2 2 2 2 2 2 2 2 2 2 2 2 2 2 2 2 2 2 2 2 2 2 2 2 2 2 2 2 2 10 2 2 2 2 2 2 2
left_child=2 3 6 7 12 10 17 11 14 21 35 22 15 -6 27 20 45 37 -11 28 -4 -7 53 52 -15 36 -8 -5 59 -18 31 34 33 -33 54 40 55 -1 -14 -23 41 47 -43 44 -26 -9 -13 -3 50 61 -25 -52 -16 -2 -22 -12 -17 -47 -59 -10 -60 -34
right_child=1 5 4 8 13 9 26 16 19 18 25 46 38 24 23 56 29 -19 -20 -21 30 39 -24 48 43 -27 -28 -29 -30 -31 -32 32 49 -35 -36 -37 -38 -39 -40 -41 -42 42 -44 -45 -46 57 -48 -49 -50 -51 51 -53 -54 -55 -56 -57 -58 58 60 -61 -62 -63
leaf_value=-0.064411997504944779 -0.002369771531813399 0.065415427432648277 -0.013230343631929741 0.034166655950214168 0.013371929872366663 0.098290823159718627 -0.036197904976445192 0.031780900894628317 0.067262656587636332 0.12559862555449958 0.072808735212687201 0.024153132388907223 -0.016319932961709225 0.018743333885475524 0.057797520457019892 -0.011655542965395184 0.088109479491008211 -0.052750087644801845 0.16596189815259277 0.10515654072301867 -0.036493879354184841 0.10643964225077465 0.0177077169786552 0.040113655213072197 0.033005335238194003 0.10136039301710577 -0.019223959342100982 0.045974492857645696 0.056293831063087225 0.053557867691241448 -0.055243323389264014 0.022042950010626564 -0.0081673709137579514 -0.035821622182423615 -0.019660091236671978 0.087112969471804858 0.10282909891575413 -0.054205842597476392 -0.0017001569089718984 0.13077135787294975 0.077594291702012652 0.062312205961229973 0.080776006247876106 0.076541221756740274 0.061913231713399741 0.066050815456084572 0.014529118296249985 0.052521318476597474 0.059533626202392914 -0.041356230722566105 0.047648536087102809 0.070674797639156364 0.033231901244558125 0.006994349343745202 -0.055621912105276068 0.082860148436576561 -0.037618149932598766 0.033731105363647824 0.041383733600122881 0.088772960512072743 0.072052895877884646 -0.035769887753175501
leaf_weight=108894 8023 4634 1201 14877 4819 9273 4236 3528 2106 2122 4730 13827 9343 630 9444 4498 928 11948 876 654 1469 2355 3563 6980 1303 1574 3340 5188 2915 727 1523 501 754 637 760 1089 1017 4735 2720 1323 2634 4540 2688 512 1020 680 5806 4496 2153 2909 10831 735 619 7312 2610 14684 532 1996 871 1106 552 833
leaf_count=108894 8023 4634 1201 14877 4819 9273 4236 3528 2106 2122 4730 13827 9343 630 9444 4498 928 11948 876 654 1469 2355 3563 6980 1303 1574 3340 5188 2915 727 1523 501 754 637 760 1089 1017 4735 2720 1323 2634 4540 2688 512 1020 680 5806 4496 2153 2909 10831 735 619 7312 2610 14684 532 1996 871 1106 552 833
internal_value=3.00163e-05 0.0527354 -0.050137 0.0351178 -0.0127128 0.0847322 -0.0609778 0.0195882 0.0480041 0.109701 0.0752582 0.0133343 -0.0235372 0.0268563 0.0450772 -0.0304885 0.045528 -0.0629219 0.137649 0.0698931 -0.0365991 0.10318 0.00504334 0.0501886 0.0455637 0.0830087 -0.0287323 0.0372304 0.0660463 0.0731389 -0.0389322 -0.036535 -0.0298865 -0.010362 -0.0442368 0.0667466 0.0815704 -0.0639891 -0.0130255 0.115358 0.0655562 0.0635947 0.0692297 0.0514802 0.0458041 0.0394927 0.0213115 0.059098 0.0472028 -0.0348114 0.0457556 0.0491417 0.0563037 0.00209603 -0.0487863 0.0804306 -0.0144361 0.0460834 0.0420215 0.0747958 0.0534913 -0.0227225
internal_weight=335183 163456 171727 105421 38574 58035 133153 47813 57608 15949 42086 38531 30290 8284 50827 18227 9282 125577 2998 6781 13197 12951 18898 30762 3465 22005 7576 20065 6127 1655 11996 10473 5634 1138 4839 20081 20431 113629 12063 3678 18992 16358 7228 2835 2323 7627 19633 9130 20699 4496 18546 11566 10063 15335 4079 19414 5030 4099 3419 3212 1423 1587
internal_count=335183 163456 171727 105421 38574 58035 133153 47813 57608 15949 42086 38531 30290 8284 50827 18227 9282 125577 2998 6781 13197 12951 18898 30762 3465 22005 7576 20065 6127 1655 11996 10473 5634 1138 4839 20081 20431 113629 12063 3678 18992 16358 7228 2835 2323 7627 19633 9130 20699 4496 18546 11566 10063 15335 4079 19414 5030 4099 3419 3212 1423 1587
cat_boundaries=0 1
cat_threshold=1
is_linear=0
shrinkage=0.03


Tree=16
num_leaves=63
num_cat=1
split_feature=1 1 2 1 2 1 1 2 2 2 1 1 5 1 1 3 3 2 3 1 1 24 20 1 2 2 5 5 30 29 24 24 7 26 24 29 2 20 32 18 24 5 5 6 24 25 1 29 2 18 16 24 24 31 29 24 24 24 29 16 20 3
split_gain=931106 92304.2 78854.5 20338.2 18150.6 13905.8 9552.78 8038.25 3794.63 3544.77 3216.34 2922.68 2825.18 2451.54 1859.36 1674.36 1507.2 1217.63 1213.24 1055.71 757.58 748.581 648.736 620.755 613.205 609.221 603.263 599.225 597.165 512.008 507.912 739.694 474.8 470.932 532.563 525.372 465.257 429.912 420.192 501.496 415.287 395.356 394.927 387.983 387.677 446.902 367.152 349.9 444.306 344.68 344.315 751.831 566.063 341.033 337.231 333.796 331.35 322.387 386.548 321.784 318.368 317.445
threshold=0.91629074379508402 2.7800003367145174 0.3420960962680753 1.8305806255898747 1.4220610285474935 3.855440885125001 0.3435640621522314 2.262547136306662 2.9855211657054217 2.0265966994748563 0.46735790422282381 3.2524784816627186 0.9404831572293777 1.3397157092474539 2.3153060189935153 0.96100296284021425 0.14405326918305214 2.8282169024580179 1.6547918377552675 4.6382841949739868 0.61835129269381073 0.66012780149078465 40.299461206478959 4.4690025878997881 2.1695327810238019 3.6583312675088133 1.0179565718695893 -2.4534710099539589 0 0.1836773534595661 -0.8982586596074329 -0.79980977965991029 3.2490262836836163 99.651452636718716 -0.96914236212857563 -0.48845015280791187 3.8496418630048228 38.810513370996993 -0.018433424234041634 583.03248182830828 -0.49252992309759819 0.46465076060914806 0.85460566359260415 8.5000000000000018 0.051476858357251264 4.5701787183161393 0.6594039883782834 0.1425018753733748 3.0793821508762971 189.61365123276713 9.9500000000000011 -0.35273909160235833 -0.23802450821255547 1.0818528414148907 0.23277141575115587 -0.77873524214321999 -0.30410362911654215 -0.96914236212857563 -0.3584786147457602 18.450000000000003 40.299461206478959 0.42457889341276928
decision_type=2 2 2 2 2 2 2 2 2 2 2 2 2 2 2 2 2 2 2 2 2 2 2 2 2 2 2 2 1 2 2 2 10 2 2 2 2 2 2 2 2 2 2 2 2 2 2 2 2 2 2 2 2 2 2 2 2 2 2 2 2 2
left_child=2 3 6 7 10 11 16 13 14 22 15 36 23 18 24 -4 -1 57 49 -14 -8 30 29 -7 43 55 33 -11 40 32 -17 -32 -6 34 -13 -36 42 50 39 -15 -16 -25 47 -5 61 -46 -12 -3 59 -2 52 -52 -33 -53 -29 -10 -42 -9 -59 -49 -30 -18
right_child=1 5 4 8 9 12 20 17 25 27 46 26 19 38 28 21 44 -19 -20 -21 -22 -23 -24 41 -26 -27 -28 54 60 -31 31 37 -34 -35 35 -37 -38 -39 -40 -41 56 -43 -44 -45 45 -47 -48 48 -50 -51 51 53 -54 -55 -56 -57 -58 58 -60 -61 -62 -63
leaf_value=-0.062641668015515239 0.0080111030242584237 0.06754560530979363 -0.041856087937629259 0.044592151351929094 0.023240641854947137 0.096635009730004537 -0.03363208443428406 0.062794989943057572 0.077538213897400746 0.064459440243033739 -0.018230458375641526 0.065078372629504097 0.12086648679815006 0.024268837976071139 0.050478537082324318 -0.0036796552430653131 -0.053738803891845058 0.075642367296976681 0.019533064577813328 0.16058949165826752 -0.013929344753344211 -0.044378306320332336 0.035873123430689671 0.10371903552857943 0.046118146136516762 0.10323209330385347 0.09653703883854664 0.029682548509965028 0.059442934779034867 0.014443399351444671 -0.051563483350984554 -0.01959523463187118 -0.0073635977924681574 0.091066906100704045 0.096626406694122119 0.077814951390183143 0.095310539157115431 -0.037020876302521752 0.031510717313924332 0.013178080081289635 0.031049869334117908 0.12835407365044635 0.075854386805622495 0.033961488032739261 -0.05994017490613382 -0.032708648163266477 -0.0079443698348962092 0.051059845577337726 0.070830942532610089 -0.0016150607927308976 -0.0061203358052013598 -0.046757467651524796 0.021528751510758407 -0.021888108045658682 0.049903057018052401 0.059347603637799451 0.050494217001528487 0.024979953517771256 0.046902650906705569 0.070993143679043968 0.039790280784913749 -0.043228123816232679
leaf_weight=102721 7181 11306 8366 4133 530 9136 5108 780 2221 866 5463 2573 2164 12835 11362 1413 8377 1577 6237 940 2692 1324 649 1833 9341 579 2507 2306 8181 2665 747 715 3096 3176 1675 9519 513 1089 4350 5168 2148 1104 3180 13167 9791 595 7317 4649 2131 6265 1728 905 513 1130 1124 1749 1289 991 2899 912 863 3980
leaf_count=102721 7181 11306 8366 4133 530 9136 5108 780 2221 866 5463 2573 2164 12835 11362 1413 8377 1577 6237 940 2692 1324 649 1833 9341 579 2507 2306 8181 2665 747 715 3096 3176 1675 9519 513 1089 4350 5168 2148 1104 3180 13167 9791 595 7317 4649 2131 6265 1728 905 513 1130 1124 1749 1289 991 2899 912 863 3980
internal_value=3.61339e-05 0.0522043 -0.0477922 0.035263 -0.0119176 0.0827354 -0.0590832 0.0210492 0.0477304 0.0207015 -0.0238535 0.0738481 0.10738 0.0163264 0.0453564 -0.0320494 -0.0610862 0.0527904 0.00860254 0.133135 -0.0268454 -0.0234537 0.00743328 0.100705 0.039889 0.0739972 0.0824158 0.0421021 0.0514558 0.00447317 -0.0200667 -0.0234532 -0.00286444 0.0802984 0.077782 0.0806717 0.0664876 -0.01996 0.0231242 0.0210896 0.0476884 0.113182 0.0657996 0.0365133 -0.0540488 -0.0583966 -0.0123467 0.0640971 0.0589877 0.00352698 -0.0162041 -0.0207003 -0.00239795 -0.0330354 0.0363717 0.069609 0.038405 0.0450009 0.041357 0.0543897 0.0575907 -0.0503723
internal_weight=335844 160634 175210 103316 41946 57318 133264 48283 55033 11236 30710 42141 15177 42036 50484 17930 125464 6247 19683 3104 7800 9564 6940 12073 26641 4549 19450 4296 23843 6291 8240 6827 3626 16943 13767 11194 22691 6080 22353 18003 14799 2937 22178 17300 22743 10386 12780 18998 7692 13446 4991 3763 1228 2035 3430 3970 3437 4670 3890 5561 9044 12357
internal_count=335844 160634 175210 103316 41946 57318 133264 48283 55033 11236 30710 42141 15177 42036 50484 17930 125464 6247 19683 3104 7800 9564 6940 12073 26641 4549 19450 4296 23843 6291 8240 6827 3626 16943 13767 11194 22691 6080 22353 18003 14799 2937 22178 17300 22743 10386 12780 18998 7692 13446 4991 3763 1228 2035 3430 3970 3437 4670 3890 5561 9044 12357
cat_boundaries=0 1
cat_threshold=2
is_linear=0
shrinkage=0.03


Tree=17
num_leaves=63
num_cat=1
split_feature=3 0 0 2 4 2 0 0 0 2 4 9 2 9 9 9 0 0 0 9 0 24 3 9 0 0 0 2 0 9 0 2 0 4 23 25 0 19 29 8 2 0 17 9 7 9 8 32 23 24 23 23 9 19 30 3 32 23 31 24 25 26
split_gain=852099 81794.9 79078.5 22769 18117.2 9935.73 8787.35 6937.92 5380.4 4471.98 3064.14 2875.02 2127.48 2020.22 1832 1690.16 1560.94 1393.67 1365.85 1232.59 1461.73 1149.88 1089.28 992.311 948.999 941.364 907.18 891.762 831.24 779.227 759.001 739.071 718.637 694.081 693.579 917.358 678.037 674.904 587.856 584.797 563.233 514.093 493.389 483.618 464.938 460.729 443.551 429.463 426.484 408.833 456.997 405.481 400.853 397.839 437.374 387.52 382.633 374.521 431.522 369.492 347.089 323.528
threshold=1.2823637686377889 0.47009709477424627 2.3321707248687749 2.0530152378753956 2.6053409192833752 0.18976397984103835 1.1315144300460818 1.2528443336486819 3.3093783855438237 3.0389727748561328 2.0898274671307457 0.173541328881306 1.6761608551646381 -0.50431855193682018 -0.30372820514072474 -0.44615506039911368 0.33648583292961126 0.15527784824371341 4.3046495914459237 0.10244605276409978 1.9458790421485903 0.63395513778623458 0.96100296284021425 -0.21918292117362279 3.1045867204666142 1.5894033908843996 1.8563016653060915 2.3911031209305533 4.214024782180787 0.19202931426009137 0.83290913701057445 3.4374903888725643 0.87546876072883617 1.676004428039896 -0.61383352812826175 10.706745535587915 0.26166167855262762 4.3100708759369413 0.5911750154437565 1.3683207489567553 3.0793821508762971 2.9445401430130009 76.950000000000017 -0.19851492409641161 3.543044917706196 -0.51463620808088129 1.4772896243513765 0.54508049083099575 -0.54389891703310034 -0.18771165011946636 -0.9092740615363033 -0.83440738405450643 -0.35657413634233903 7.1024359047382122 0 0.14405326918305214 -1.2708135121750284 0.60019216940316622 1.0818528414148907 -0.91281223188962002 17.283627578984667 27.925491333007802
decision_type=2 2 2 2 2 2 2 2 2 2 2 10 2 10 10 10 2 2 2 10 2 2 2 10 2 2 2 2 2 10 2 2 2 2 2 2 2 2 2 10 2 2 2 8 8 8 8 2 2 2 2 2 8 2 1 2 2 2 2 2 2 2
left_child=1 5 3 6 10 17 12 11 14 27 33 32 16 28 41 25 21 55 29 -9 -21 42 36 -12 -25 -8 46 -5 -10 -15 -13 48 52 -4 35 38 -7 47 -29 -28 -16 51 56 -19 -18 -34 -17 -36 -11 50 -14 -6 -3 54 -35 -1 -2 58 -24 -20 61 -52
right_child=2 7 4 9 8 22 15 19 13 31 23 30 49 18 40 26 44 43 59 20 -22 -23 57 24 -26 -27 39 34 -30 -31 -32 -33 45 53 37 -37 -38 -39 -40 -41 -42 -43 -44 -45 -46 -47 -48 -49 -50 -51 60 -53 -54 -55 -56 -57 -58 -59 -60 -61 -62 -63
leaf_value=-0.061064545868779768 -0.026223109937429406 0.0017196831535823299 0.040363593288445486 0.037961469467160572 0.05980205699880356 -0.046058563190210795 0.031179464173942364 0.032634594504853461 0.10814691146013666 0.05416401440751728 0.073974787397327019 -0.032705919807414552 0.045763203307006117 0.090551995516722494 0.056523872349883021 0.022386284408707133 0.016903953608127971 -0.030516544110686349 0.10073943780428175 0.0013993890685212646 0.02688655391553519 -0.047488778356545448 -0.040062173399672933 0.053129710391393505 0.068571096220867475 0.057019679191540648 0.037943281547866088 0.047214125304082082 0.14902140233996841 0.071458478642594206 -0.016703668279746845 0.093811440384877848 0.028634207603570026 0.063710249562624083 0.047744928659037941 0.031591292437344501 -0.032130239180015542 0.071026628988217752 0.080459730836399942 0.023053605979073487 0.07284949529266696 0.09117465619430172 0.015887279338295885 -0.050724235516047503 0.00086303652226999003 0.0028667135454090538 0.010567419317472094 0.076340972270736468 0.077666579394911964 0.0033000236529247525 0.025807354183640545 0.080655828492224635 -0.015489291554914573 0.039868735615510686 0.050535917017492396 -0.055566039358267511 -0.0079544104071213231 -0.01174260428769661 -0.021213587150911293 0.12845693401342095 0.035762371975929713 0.0060709275368936513
leaf_weight=98706 1394 1940 6665 13331 1128 8888 2860 2736 4809 1330 7114 5214 615 9932 4902 9465 2069 1286 1154 6213 3000 828 2014 8033 6708 2317 5033 2956 535 2541 5501 1463 765 3406 6282 3882 4967 1769 584 4562 3305 3937 599 7151 7535 3313 4114 524 1634 1414 1199 4529 3265 2010 7591 13836 3962 1363 2439 926 789 1983
leaf_count=98706 1394 1940 6665 13331 1128 8888 2860 2736 4809 1330 7114 5214 615 9932 4902 9465 2069 1286 1154 6213 3000 828 2014 8033 6708 2317 5033 2956 535 2541 5501 1463 765 3406 6282 3882 4967 1769 584 4562 3305 3937 599 7151 7535 3313 4114 524 1634 1414 1199 4529 3265 2010 7591 13836 3962 1363 2439 926 789 1983
internal_value=6.01988e-05 -0.0464468 0.0490894 0.0288974 0.0706209 -0.0562892 0.0161924 -0.00311282 0.085684 0.0479893 0.056938 -0.0139183 0.00214161 0.096432 0.0736468 0.0272852 -0.00345519 -0.0595055 0.0905412 0.0149696 0.00970878 -0.0144672 -0.0364986 0.0646844 0.0601773 0.0427883 0.0238133 0.0437323 0.112374 0.0866925 -0.0245021 0.07611 -0.00169521 0.0483177 0.048528 0.0417379 -0.0410787 0.0543774 0.0528045 0.0308796 0.0631386 0.0825982 -0.00983983 -0.047664 0.00432575 0.00772963 0.0188108 0.050001 0.0672295 0.0174175 0.021762 0.0765541 -0.00907969 0.0523764 0.0546434 -0.0603911 -0.0127292 -0.0255618 -0.0297738 0.113358 0.017992 0.0135366
internal_weight=336315 172597 163718 84493 79225 140650 50738 31947 37698 33755 41527 19998 22387 19897 17801 28351 16387 120979 14553 11949 9213 6783 19671 21855 14741 5177 23174 29328 5344 12473 10715 4427 9283 19672 15997 7422 13855 8575 3540 9595 8207 9594 5955 8437 9604 4078 13579 6806 2964 6000 4586 5657 5205 13007 10997 112542 5356 5816 4453 2080 3971 3182
internal_count=336315 172597 163718 84493 79225 140650 50738 31947 37698 33755 41527 19998 22387 19897 17801 28351 16387 120979 14553 11949 9213 6783 19671 21855 14741 5177 23174 29328 5344 12473 10715 4427 9283 19672 15997 7422 13855 8575 3540 9595 8207 9594 5955 8437 9604 4078 13579 6806 2964 6000 4586 5657 5205 13007 10997 112542 5356 5816 4453 2080 3971 3182
cat_boundaries=0 1
cat_threshold=1
is_linear=0
shrinkage=0.03


Tree=18
num_leaves=63
num_cat=1
split_feature=1 1 2 1 1 2 1 2 2 1 1 2 3 1 1 2 1 1 1 1 2 24 3 2 32 2 24 2 2 24 22 25 24 17 24 2 27 26 24 19 17 27 25 31 7 2 25 3 29 18 29 24 32 25 24 24 7 2 17 18 24 24
split_gain=827088 90287 58903.6 17411.6 16794.2 14707.7 7030.55 6498.26 4702.69 3946.14 2352.71 2231.52 1903.65 1790.41 1528.88 1390.2 1371.07 1209.28 1085.67 996.487 965.532 897.807 896.265 806.858 756.881 725.382 664.362 639.002 623.938 600.649 585.154 554.486 521.824 508.761 484.648 463.114 462.436 453.78 448.719 417.991 406.722 400.609 399.619 473.026 481.308 399.496 398.194 396.99 370.773 353.795 338.125 478.615 348.352 438.154 335.074 334.625 324.9 317.464 315.323 311.111 309.997 301.805
threshold=0.79298018086260391 2.559705119766853 0.36238171747842823 1.5548768279514544 3.4363998887236114 1.5071766060317431 0.21511226468267011 1.8349688628806085 2.7547952058655469 4.40161869695691 1.9629372736191468 2.0265966994748563 0.93761331206326426 3.0069838686729793 1.180801969247423 2.5458508758940601 0.3276523178845272 4.9529772614864394 0.44566042620230245 3.8891003210127386 3.3760510850505363 0.66012780149078465 0.24830900727834368 2.0530152378753956 -1.2708135121750284 4.1247606955594049 -0.8982586596074329 3.4374903888725643 3.0793821508762971 -0.72208999473568902 0 4.1782084960410364 -0.72208999473568902 74.850000000000009 -0.93262014971044682 2.6757210905639419 0.14032258064516132 15.687216448783861 0.32041146939831461 4.3100708759369413 76.500000000000014 0.023118279569892475 8.9992143949393633 0.83306415471504047 2.2396541499061748 2.002321183191667 15.209368191923827 1.409436483156298 0.030158821736771958 361.22138282094005 0.1425018753733748 -0.50739640075491554 -0.05566102202641085 9.5999102601681354 -0.91968655568559032 -0.93262014971044682 2.8488617251130011 2.9855211657054217 73.300000000000026 189.61365123276713 0.27122391875406221 -0.19614254142819695
decision_type=2 2 2 2 2 2 2 2 2 2 2 2 2 2 2 2 2 2 2 2 2 2 2 2 2 2 2 2 2 2 1 2 2 2 2 2 2 2 2 2 2 2 2 2 10 2 2 2 2 2 2 2 2 2 2 2 10 2 2 2 2 2
left_child=2 3 6 7 13 12 22 14 10 19 23 37 16 27 47 39 -4 25 -8 32 29 24 -1 -5 26 -11 -14 45 -21 55 34 -13 58 -28 -26 48 46 -7 -12 -9 -32 42 43 44 -36 -3 -15 -2 -33 -16 54 52 -52 -54 -47 -10 -49 -17 -6 -56 -24 -53
right_child=1 4 5 8 9 11 18 15 20 17 38 31 21 36 49 57 -18 -19 -20 28 -22 -23 60 -25 30 -27 33 -29 -30 -31 40 35 -34 -35 41 -37 -38 -39 -40 -41 -42 -43 -44 -45 -46 50 -48 56 -50 -51 51 61 53 -55 59 -57 -58 -59 -60 -61 -62 -63
leaf_value=-0.058873453860533435 -0.0028692071886806708 0.064085734143458639 -0.042593864623170212 0.025282825085206986 0.089170501907626765 -0.018440042233029846 -0.041296472484199348 0.024773874318830592 0.056349647968360721 0.1231876097306438 0.040195114381209596 0.010880739929476243 0.0045812286133877925 0.071565938321866765 0.017551555418874754 0.050645420836942359 -0.022087177543309033 0.14903338751676876 -0.022557102929808802 0.11335177339630324 0.091201377491599872 -0.03485361873988143 -0.046904623438841844 0.038865526779813246 0.024844523721334076 0.096917743612383991 -0.04314713048636324 0.077753002001753863 0.090553264964920638 0.046411647806250518 -0.01205664694296317 0.026699479784817227 0.089834694577715313 -0.019130212949700586 0.022512142822883004 0.064320169867183197 0.08580824706927262 0.011286145047122151 0.051596311054867415 0.042364108683174383 -0.032512666488109972 -0.028717797836911821 0.022282798987124538 -0.014456243630139453 -0.013933018308546808 0.049625914807351248 0.061891402724690563 0.02370930486337022 0.050440645156182448 0.0078043960735150481 0.048238394022841857 0.032406054082868938 0.053340124591422913 0.085690552248586557 0.064192347336569117 0.076936927967835522 0.0038221393674578337 0.077694606853910955 0.07386838566027347 0.049033854698846524 -0.056880882279709916 0.054263231079318595
leaf_weight=108964 10826 3839 5974 16390 1625 513 6597 4391 1458 1866 26386 545 571 9260 8939 1464 5806 858 4852 1360 981 2094 8366 5213 524 2295 1512 1205 7956 2226 3690 1367 4242 1696 820 757 1393 4316 3602 1703 1147 578 521 2160 535 4094 7257 881 1075 5381 3365 2096 1093 617 5494 1593 4485 571 7445 1695 4505 804
leaf_count=108964 10826 3839 5974 16390 1625 513 6597 4391 1458 1866 26386 545 571 9260 8939 1464 5806 858 4852 1360 981 2094 8366 5213 524 2295 1512 1205 7956 2226 3690 1367 4242 1696 820 757 1393 4316 3602 1703 1147 578 521 2160 535 4094 7257 881 1075 5381 3365 2096 1093 617 5494 1593 4485 571 7445 1695 4505 804
internal_value=-1.07276e-05 0.0475101 -0.0466523 0.0287018 0.0734843 -0.0127146 -0.0558692 0.0131067 0.0391168 0.0916688 0.0361309 0.021604 -0.0233656 0.0615648 0.00675384 0.0369331 -0.0325004 0.115846 -0.0333682 0.0862818 0.0636841 -0.0165676 -0.0579822 0.0285687 -0.0137719 0.108832 -0.0251998 0.0562229 0.0939405 0.0584872 -0.00943206 0.0389714 0.0808887 -0.0304994 -0.00235359 0.0437327 0.0687956 0.00811243 0.0415729 0.0297203 -0.0169011 -0.00547106 -0.00211045 -0.00575258 0.00812404 0.055083 0.0673353 0.000437826 0.0372324 0.0138929 0.0532722 0.0484229 0.0540217 0.0652286 0.0566768 0.0672071 0.00710628 0.058407 0.0766576 0.0606549 -0.0504172 0.0385487
internal_weight=335834 166349 169485 96490 69859 36201 133284 38641 57849 27647 51591 8573 27628 42212 30512 8129 11780 5019 11449 22628 6258 15848 121835 21603 13754 4161 3779 24302 9316 5277 9975 3744 13312 3208 5138 3199 17910 4829 29988 6094 4837 4614 4036 3515 1355 23097 16517 16192 2442 14320 19258 7975 5075 1710 11283 3051 5366 2035 9070 7189 12871 2900
internal_count=335834 166349 169485 96490 69859 36201 133284 38641 57849 27647 51591 8573 27628 42212 30512 8129 11780 5019 11449 22628 6258 15848 121835 21603 13754 4161 3779 24302 9316 5277 9975 3744 13312 3208 5138 3199 17910 4829 29988 6094 4837 4614 4036 3515 1355 23097 16517 16192 2442 14320 19258 7975 5075 1710 11283 3051 5366 2035 9070 7189 12871 2900
cat_boundaries=0 1
cat_threshold=17
is_linear=0
shrinkage=0.03


Tree=19
num_leaves=63
num_cat=3
split_feature=1 1 3 1 1 3 1 3 31 5 3 1 1 1 1 3 5 5 31 5 1 1 23 17 20 27 23 30 5 18 3 3 23 5 1 32 20 27 30 23 5 23 32 23 25 5 17 28 25 23 23 31 1 6 7 30 5 29 27 19 23 27
split_gain=774831 79618 61645.2 19337.2 12691.3 11025.7 10557.5 6103.94 2664.74 2629.82 2547.45 2134.47 2072.91 1732.15 1605.72 1486.96 1461.51 1351.85 1165.59 968.84 927.267 868.901 853.945 1009.36 772.185 604.799 592.332 588.522 572.197 559.993 538.903 530.725 525.829 519.472 508.5 493.462 493.161 457.746 453.329 441.637 437.333 434.432 483.258 432.523 419.455 417.773 412.694 404.857 397.359 863.087 514.795 437.066 394.779 394.092 385.194 384.86 384.231 365.678 396.356 362.7 358.818 344.302
threshold=0.89001003900285547 2.8272713346370639 0.78205882513325753 1.8305806255898747 0.3276523178845272 1.6735921835187997 3.855440885125001 2.0949370093530306 1.2073792729196759 0.9641696940459159 2.9500691304146378 3.3392382371244618 1.3056984582086513 0.37992638403495499 2.2883805070718233 0.24830900727834368 -1.2370382330199026 -2.0144524180063224 1.1458548393517918 -1.1611286384879453 0.58087391901449981 4.7568862410327446 0.60019216940316622 73.950000000000017 40.299461206478959 0.14032258064516132 -0.61383352812826175 0 0.79654587837592528 583.03248182830828 2.9924280781067618 1.6547918377552675 -0.99628166032228227 0.6720439639416812 4.40161869695691 0.048690000510210225 38.810513370996993 0.022043010752688174 1 0.99628166032228249 0.37643739424721634 -0.034327600513243302 -1.1378957227842774 -0.61383352812826175 4.6685219194179268 0.74761043938525895 76.300000000000026 -0.25722348672584544 12.623634618552783 -0.15389057670406206 -0.64056958004474651 1.8757975794386275 0.1857438529189438 8.5000000000000018 6.1635966217283267 2 -2.4534710099539589 0.11853411682973876 0.084408602150537651 5.2450690341885755 -0.87025318080773884 0.13924731182795699
decision_type=2 2 2 2 2 2 2 2 2 2 2 2 2 2 2 2 2 2 2 2 2 2 2 2 2 2 2 1 2 2 2 2 2 2 2 2 2 2 1 2 2 2 2 2 2 2 2 2 2 2 2 2 2 2 8 1 2 2 2 2 2 2
left_child=2 3 4 7 15 13 11 12 53 34 14 25 31 18 38 52 30 56 22 -12 -6 -11 43 -24 48 28 -21 45 35 36 -9 -2 -18 61 -8 57 44 -37 -5 -17 -36 -15 -43 46 -20 60 -4 -28 50 -50 51 -19 -1 -7 -52 -14 -10 -3 -59 -44 -16 -13
right_child=1 6 5 10 20 8 9 16 17 21 19 33 55 41 27 39 32 24 29 26 -22 -23 23 -25 -26 -27 47 -29 -30 -31 -32 -33 -34 -35 40 37 -38 -39 -40 -41 -42 42 59 -45 -46 -47 -48 -49 49 -51 54 -53 -54 -55 -56 -57 -58 58 -60 -61 -62 -63
leaf_value=-0.057194957492020145 0.001732583090040536 0.060252341138993665 -0.04367510185387477 0.041316350436127552 -0.030899798716332354 -0.030699220786253447 0.087437813346403645 0.043314533468840531 0.059538059351004112 0.11350868121335052 0.086498818796429178 0.070931955828671109 0.023747392345752769 -0.015480623535934169 0.031152696017672343 -0.048201430484759354 0.0019649693339563192 0.0025489910292664382 -0.031494801728686121 0.045598379065827595 -0.014311928876445994 0.15278881667657634 0.015475295667920448 -0.031178950913704748 0.048591374777649458 0.081187624415651943 0.051032782432385237 0.052491499020657854 0.072191094962632166 -0.0037893831459472707 0.070220372846894211 0.014454406313770688 0.032439648791671084 0.086141467652337142 0.091414151560332516 0.058326602132639592 -0.049391441737781906 0.072697731129496151 0.032619642544618466 -0.021650477407264605 0.11374361601224109 -0.017737708478263631 0.012029921652794611 -0.053898979975463342 -0.0087136850883994445 0.054195517391815502 -0.019014188476015988 0.069458798559755189 0.0079436726688973374 0.05466505176005685 0.011797981212263218 0.028786244181104249 -0.046517132385251382 -0.0037625985851609525 -0.012580543196777547 0.015195672276418395 0.033935979742663602 0.043266534430470752 0.063516809616014788 -0.011903074440199205 0.043380256031283995 0.084561712240505404
leaf_weight=107410 13382 4886 1752 8420 7135 791 8517 1547 839 2269 997 9505 8287 5982 2879 16332 539 913 1314 3570 5299 731 536 1840 621 1531 1897 9520 3764 1932 1241 3782 9546 4284 2004 4945 569 3628 15660 596 1601 1283 1840 1899 1634 2481 955 2778 865 602 1131 1527 3355 1271 1194 11173 1508 3614 1190 820 9542 2236
leaf_count=107410 13382 4886 1752 8420 7135 791 8517 1547 839 2269 997 9505 8287 5982 2879 16332 539 913 1314 3570 5299 731 536 1840 621 1531 1897 9520 3764 1932 1241 3782 9546 4284 2004 4945 569 3628 15660 596 1601 1283 1840 1899 1634 2481 955 2778 865 602 1131 1527 3355 1271 1194 11173 1508 3614 1190 820 9542 2236
internal_value=-3.03553e-05 0.047178 -0.0440329 0.0321519 -0.0527853 -0.00754863 0.0766289 0.0183896 0.0166528 0.0979731 0.043946 0.0684633 0.0121407 -0.0197413 0.0411855 -0.0556028 0.0361561 0.0235595 -0.0272018 0.0584032 -0.0238391 0.123318 -0.0353181 -0.0206439 0.0168081 0.0626745 0.0549554 0.0466167 0.0613696 -0.0167793 0.0553952 0.00453917 0.0308127 0.0769511 0.0916524 0.0591201 -0.0238995 0.0644471 0.0356685 -0.0472733 0.101475 -0.0103881 -0.00265223 -0.0428572 -0.018904 0.0428474 -0.0350261 0.0620445 0.0136046 0.0272369 0.00938342 0.0189941 -0.0568736 -0.014145 -0.000721702 0.0188426 0.0431953 0.0543763 0.0483436 0.00464359 0.0405598 0.0735625
internal_weight=335691 161946 173745 107241 140127 33618 54705 49497 11262 15122 57744 39583 36624 22356 48502 127693 12873 9200 12431 9242 12434 3000 6982 2376 6853 23558 8245 24422 22027 5449 2788 17164 10085 16025 12122 18263 3517 8573 24080 16928 3605 9925 3943 4606 2948 14902 2707 4675 6232 1467 4765 2440 110765 2062 2325 19460 2347 9690 4804 2660 12421 11741
internal_count=335691 161946 173745 107241 140127 33618 54705 49497 11262 15122 57744 39583 36624 22356 48502 127693 12873 9200 12431 9242 12434 3000 6982 2376 6853 23558 8245 24422 22027 5449 2788 17164 10085 16025 12122 18263 3517 8573 24080 16928 3605 9925 3943 4606 2948 14902 2707 4675 6232 1467 4765 2440 110765 2062 2325 19460 2347 9690 4804 2660 12421 11741
cat_boundaries=0 1 2 3
cat_threshold=2 1 1
is_linear=0
shrinkage=0.03


Tree=20
num_leaves=63
num_cat=3
split_feature=1 1 2 1 2 1 1 2 2 5 1 2 1 1 1 1 2 1 2 2 2 3 30 3 1 3 2 27 25 1 7 31 7 5 20 16 20 5 26 6 28 30 30 13 7 26 1 28 19 6 7 26 13 28 5 25 13 26 20 28 31 28
split_gain=729141 72792.9 61864.3 15725.5 14074.4 11207.1 7427.88 6108.79 3383.43 2624.9 2572.32 2137.48 2063.06 1707.83 1703.9 1355.92 1306.38 1184.61 952.021 796.469 723.15 568.688 554.788 552.779 524.667 523.642 516.479 478.241 477.539 454.757 448.477 462.042 447.349 440.06 433.464 431.177 409.817 409.181 416.631 355.804 353.754 351.578 342.774 335.703 334.883 325.613 325.277 313.497 358.143 341.984 310.386 308.862 468.737 307.52 305.727 304.222 299.999 299.09 280.415 279.52 276.969 273.735
threshold=0.91629074379508402 2.7644758707224981 0.3420960962680753 1.7688336504320554 1.6761608551646381 3.7536527174678422 0.36303941099773923 2.1982253417245032 3.0566362251843877 0.71592394458003861 0.47414859376858193 1.1076662341142942 3.2524784816627186 1.3397157092474539 2.2159700290611544 4.5460697963682248 2.262547136306662 0.1133294177502099 2.9041047090717043 1.3902484060221643 2.4692916850331446 0.96100296284021425 0 0.34916335700497109 0.61835129269381073 0.9814335720017574 3.6278154163675373 0.14032258064516132 3.1358031452343034 4.2258995486549535 2.0816104444599062 1.0603448938823001 3.1486236173153554 1.0770132188554573 40.299461206478959 10.650000000000002 41.264788150328762 0.6720439639416812 127.12684478759762 8.5000000000000018 0.83849678833300834 1 2 1.2986950909146115 32.008265551780532 27.275717639923077 0.24251549515296647 -0.37504037078855595 3.6229072744295268 9.5000000000000018 2.8488617251130011 87.28816242218015 1.7050441072354954 -0.27533060038299423 1.0770132188554573 7.6905379924402455 2.5843868307983993 15.446070361137386 38.810513370996993 -0.036372833768900679 2.8269569663598695 -0.11357900553847343
decision_type=2 2 2 2 2 2 2 2 2 2 2 2 2 2 2 2 2 2 2 2 2 2 1 2 2 2 2 2 2 2 10 2 10 2 2 2 2 2 2 2 2 1 1 2 10 2 2 2 2 2 10 2 2 2 2 2 2 2 2 2 2 2
left_child=2 3 6 7 10 12 17 13 14 29 11 21 27 19 20 -11 28 23 59 -2 39 46 51 -1 -8 -12 -10 33 -6 -7 -23 -32 58 36 -24 -18 41 38 61 -5 -41 -3 -15 -44 -31 -33 -4 -30 49 -49 -21 54 -53 -13 60 -37 -43 -55 -27 -9 -16 -14
right_child=1 5 4 8 16 9 24 18 26 15 25 53 37 42 22 -17 35 -19 -20 50 -22 30 34 -25 -26 32 -28 -29 47 44 31 45 -34 -35 -36 55 -38 -39 -40 40 -42 56 43 -45 -46 -47 -48 48 -50 -51 -52 52 -54 57 -56 -57 -58 -59 -60 -61 -62 -63
leaf_value=-0.055458892151957921 0.002907382710893555 0.064401801249646909 -0.04046825139734845 0.038561703643114613 -0.0088722439219069294 0.080734116711318984 -0.029124923415976882 0.032809794019036276 0.063792041213549117 0.10118464946172803 -0.015551347140351489 -0.018123807258219472 0.073172599788211293 0.024335613383131244 0.036830039203709398 0.13647910241870589 0.057039614296163818 -0.043891042892710598 0.070156359751094369 0.036222391253397337 0.045950745239688104 -0.0099162151483979857 0.05163278853325199 -0.046739068458651493 -0.012448113165529021 0.014990770164739851 0.093805307091942805 0.076137818336220672 0.0086355264778664679 0.088584235016696475 -0.038073025874130556 -0.03027187001817673 -0.0079578338355848557 0.070972769960429199 0.031018689751467463 0.0142053349716254 0.03882886654479923 0.080389650867500731 0.088978465821815414 0.03190203861450952 0.021631193520503758 0.052170574616690411 0.010158128989314659 0.020627274268484513 0.10902118143045167 -0.0082801811472144465 -0.027747636388464683 0.0032230103367867019 0.038267160956411431 0.02960867849345632 0.013753539585124826 0.034896019661874243 0.068776979806979791 -0.023373175854634685 0.056247095800015232 0.042175211385202298 0.062710804255654312 0.00089701164176023119 -0.010833449744414098 0.047058045371256352 0.04715220375128415 0.063419881931126104
leaf_weight=108949 13551 4682 5884 4965 566 7600 4783 2697 2985 3551 6068 2093 5055 7886 12601 1444 1138 9613 1128 617 3684 1453 10013 7181 2649 1487 658 1347 1412 4053 2473 1245 5965 2024 1041 543 1220 4434 954 12092 4089 10833 4827 6478 1030 1186 2693 842 1227 929 5227 671 864 548 986 1017 3355 2630 503 2419 2975 6423
leaf_count=108949 13551 4682 5884 4965 566 7600 4783 2697 2985 3551 6068 2093 5055 7886 12601 1444 1138 9613 1128 617 3684 1453 10013 7181 2649 1487 658 1347 1412 4053 2473 1245 5965 2024 1041 543 1220 4434 954 12092 4089 10833 4827 6478 1030 1186 2693 842 1227 929 5227 671 864 548 986 1017 3355 2630 503 2419 2975 6423
internal_value=-1.77929e-05 0.0461759 -0.0423547 0.0309696 -0.0105609 0.0730297 -0.0523575 0.0176414 0.0413362 0.092963 -0.0187935 -0.0256443 0.0642812 0.013183 0.0394405 0.111514 0.0261471 -0.0540802 0.0451605 0.00690213 0.0336477 -0.0314402 0.044368 -0.0549217 -0.0231931 -0.00891708 0.0693342 0.0584885 0.0170046 0.0856159 -0.0245999 -0.0289359 -0.00384993 0.0573965 0.0497064 0.0429463 0.0560114 0.0723191 0.0694096 0.031494 0.029314 0.0571117 0.0195271 0.0161636 0.0928286 -0.0195819 -0.0364927 0.0203321 0.0258174 0.0171083 0.0161547 0.0410944 0.0541279 -0.00920877 0.0398705 0.032516 0.0546842 -0.00331817 0.00845255 0.0395862 0.0388161 0.067745
internal_weight=335536 160459 175077 102454 41902 58005 133175 44830 57624 17678 34228 20205 40327 38586 53981 4995 7674 125743 6244 19395 24830 14934 29151 116130 7432 14023 3643 23461 4976 12683 6357 4904 7955 22114 11054 2698 20090 16866 12432 21146 16181 18870 19191 11305 5083 2431 8577 4410 2998 1771 5844 18097 1535 5271 16562 1560 14188 3178 1990 5116 15576 11478
internal_count=335536 160459 175077 102454 41902 58005 133175 44830 57624 17678 34228 20205 40327 38586 53981 4995 7674 125743 6244 19395 24830 14934 29151 116130 7432 14023 3643 23461 4976 12683 6357 4904 7955 22114 11054 2698 20090 16866 12432 21146 16181 18870 19191 11305 5083 2431 8577 4410 2998 1771 5844 18097 1535 5271 16562 1560 14188 3178 1990 5116 15576 11478
cat_boundaries=0 1 2 3
cat_threshold=2 1 1
is_linear=0
shrinkage=0.03


Tree=21
num_leaves=63
num_cat=2
split_feature=1 1 2 1 1 1 2 2 2 5 1 1 1 2 2 1 2 2 23 1 2 23 32 1 2 17 26 23 23 20 26 29 5 25 13 30 30 32 23 16 32 16 23 23 23 25 7 23 23 18 23 5 2 29 23 5 26 25 1 13 23 23
split_gain=688154 76446 49501.3 16224.8 12412.3 9820.49 9272.96 5550.69 4219.81 2743.96 2327.73 2004.72 1807.53 1471.15 1331.57 1287.67 1264.95 1182.84 953.803 914.81 841.779 743.107 648.429 647.255 589.812 584.298 661.144 568.92 560.32 472.711 440.266 455.215 415.569 414.411 412.888 411.161 407.139 402.828 395.121 391.06 390.092 389.237 588.812 386.552 489.446 731.426 443.489 392.589 376.988 364.287 355.102 368.979 350.62 339.323 337.208 335.502 368.747 400.067 330.716 328.767 327.538 324.475
threshold=0.79298018086260391 2.6599474716514031 0.59630013930973835 1.5548768279514544 3.6106108232957301 0.25945734864355613 1.6761608551646381 1.8245158400606811 2.7547952058655469 0.65710316699761506 2.0940930682127603 3.1315790385758016 4.4690025878997881 0.076980074306419177 2.6358809109737042 1.1370204782182427 1.1076662341142942 2.0265966994748563 -0.61383352812826175 0.51572833257557027 2.0419587991963151 -0.042903177641794764 -1.1378957227842774 4.0867267977357287 3.3221833256476181 73.950000000000017 18.2065659046173 0.094275748646527283 0.36075750887067765 40.299461206478959 21.367552757263173 0.030158821736771958 0.83529668224490228 7.7715692909734875 1.7175732316233105 0 1 -0.25700493017064402 -0.94723957588908092 18.550000000000004 -0.48129810402868328 9.9500000000000011 -0.13690605792347518 -0.80493205379724719 -0.15389057670406206 12.157105020029091 5.6929966281058704 -0.95260028690456633 0.44709379298511415 748.84348699455279 -0.79462857753386928 -1.0295183214315353 3.1772518474855422 0.016729478210985766 -0.051478754770346226 1.2808433483002077 82.544995689392081 15.209368191923827 0.29016371848986616 2.3872706273258015 0.99628166032228249 -0.86167001593038528
decision_type=2 2 2 2 2 2 2 2 2 2 2 2 2 2 2 2 2 2 2 2 2 2 2 2 2 2 2 2 2 2 2 2 2 2 2 1 1 2 2 2 2 2 2 2 2 2 10 2 2 2 2 2 2 2 2 2 2 2 2 2 2 2
left_child=2 3 5 7 11 13 16 15 10 23 20 24 -11 -1 -9 54 21 -8 50 -7 36 33 48 39 29 -24 -27 37 -29 35 -19 -32 34 58 -12 -3 -5 -20 -35 -6 -33 42 -36 47 -45 46 -46 -18 -23 -38 51 -10 -39 -31 -2 56 57 -13 -4 -30 -15 -37
right_child=1 4 6 8 9 19 17 14 18 12 32 55 -14 60 -16 -17 43 30 27 -21 -22 22 25 -25 -26 26 -28 28 59 53 31 40 -34 38 41 61 49 52 -40 -41 -42 -43 -44 44 45 -47 -48 -49 -50 -51 -52 -53 -54 -55 -56 -57 -58 -59 -60 -61 -62 -63
leaf_value=-0.053520015278044002 -0.0043782335269065848 0.060764596202674624 -0.039268178423813145 0.029644036838710155 0.071269363089980178 -0.03259775305400494 0.011030308669717066 0.027688254613386313 0.07408059425265337 0.09357604065908938 0.033145698398327886 0.067985076639612202 0.12893251557566521 -0.044294647340850105 0.058054255616005072 0.011782965013125852 -0.0080833050188668758 0.010503606593928785 0.062749519002806148 -0.017350243124571379 0.035845093100546836 -0.0082379866799204508 0.020550006003434963 0.087282892437870366 0.068859632038995422 -0.025312621822808256 0.0055940405919237147 0.035349611927920355 0.047423907179672542 0.050995902142975842 0.031012711164564132 0.033124906613902563 0.04912052177120791 -0.027336237697431969 0.041977815175969616 0.042040526450990982 0.023232076877230005 0.073358148279006635 -0.0023055373000963699 0.08867143620743892 0.06735111469016411 0.044555515381590902 0.018762079377078418 -0.02145721219470547 -0.0017928100726469789 0.029678445098781148 -0.031567837765902232 0.014615113732041831 -0.037369438266848534 0.0093007942385058048 0.030119403017965871 0.043976373121762433 0.10689853973453864 0.026623459453126955 0.0050023068000368655 0.082849073256789973 0.07440655868117127 0.056968379532474689 -0.024403193617976975 0.079161505928795242 -0.020307648317084284 0.053353277152468848
leaf_weight=112592 8510 5608 2642 8060 6917 8940 3001 6710 508 4902 8719 7530 1846 14303 1616 16138 1385 516 1156 5899 8102 629 676 6710 2187 1321 1172 852 515 1020 1912 507 3854 1292 2787 3007 10292 728 1011 1526 795 10613 1538 2203 1668 512 612 1349 1109 2032 1070 1479 547 1078 5792 1214 3795 5356 2833 800 544 11417
leaf_count=112592 8510 5608 2642 8060 6917 8940 3001 6710 508 4902 8719 7530 1846 14303 1616 16138 1385 516 1156 5899 8102 629 676 6710 2187 1321 1172 852 515 1020 1912 507 3854 1292 2787 3007 10292 728 1011 1526 795 10613 1538 2203 1668 512 612 1349 1109 2032 1070 1479 547 1078 5792 1214 3795 5356 2833 800 544 11417
internal_value=-5.08333e-06 0.0433017 -0.0425727 0.0272177 0.0689912 -0.0496555 -0.00544643 0.0119152 0.0365358 0.0873285 0.0336739 0.0594679 0.103337 -0.0523454 0.0336133 0.0059757 -0.0155146 0.0250774 0.0574353 -0.0265442 0.0276523 -0.0213424 -0.0121821 0.080168 0.0538255 -0.0040913 -0.0108008 0.0661116 0.0546409 0.0523245 0.0363493 0.040476 0.0399027 -0.0271099 0.0383909 0.0537555 0.0243879 0.0762035 -0.0163767 0.0744653 0.0542011 0.0414403 0.0337533 -0.00594226 -0.0109021 -0.00255022 -0.00983664 0.0031227 -0.0268803 0.0209398 0.0442987 0.0518395 0.088109 0.0385659 -0.000578897 0.067118 0.0659487 0.0634299 -0.0316057 0.0669587 -0.0434229 0.0510103
internal_weight=335954 166531 169423 102418 64113 142278 27145 38766 63652 21901 55997 42212 6748 127439 8326 30440 20414 6731 7655 14839 28486 12685 4907 15153 24317 3169 2493 4598 2167 22130 3730 3214 27511 7778 23657 20032 20384 2431 2303 8443 1302 14938 4325 7729 4995 2792 2280 2734 1738 12324 3057 1987 1275 2098 14302 17895 16681 12886 5475 1315 14847 14424
internal_count=335954 166531 169423 102418 64113 142278 27145 38766 63652 21901 55997 42212 6748 127439 8326 30440 20414 6731 7655 14839 28486 12685 4907 15153 24317 3169 2493 4598 2167 22130 3730 3214 27511 7778 23657 20032 20384 2431 2303 8443 1302 14938 4325 7729 4995 2792 2280 2734 1738 12324 3057 1987 1275 2098 14302 17895 16681 12886 5475 1315 14847 14424
cat_boundaries=0 1 2
cat_threshold=1 1
is_linear=0
shrinkage=0.03


Tree=22
num_leaves=63
num_cat=2
split_feature=1 1 2 1 2 1 2 1 1 1 2 1 2 1 3 2 3 1 2 2 2 18 19 1 1 20 26 30 29 27 32 7 2 32 21 3 29 29 19 25 20 25 2 2 26 2 32 2 1 26 25 21 1 28 30 19 7 26 27 18 7 7
split_gain=645603 64857.4 54894.2 15259.3 13057.8 8686.52 6533.25 6354.19 2348.09 2243.99 2216.41 1856.04 1685.86 1588.77 1360.43 1243.56 1012.73 910.024 859.038 633.091 552.227 544.141 506.512 489.017 484.579 477.656 469.539 467.844 460.221 448.327 440.685 422.245 404.162 384.908 405.557 379.857 377.036 391.871 371.412 418.383 357.926 353.571 333.729 328.482 309.444 306.146 302.034 298.419 297.442 297.28 336.933 336.174 296.814 296.56 295.867 302.04 284.594 269.468 427.519 268.093 266.204 266.05
threshold=0.91629074379508402 2.8601720838512592 0.32350023142729967 1.9190152319085572 1.5071766060317431 3.855440885125001 2.1982253417245032 0.36303941099773923 0.42570936678934884 1.3575612665463621 2.8282169024580179 4.9529772614864394 2.0265966994748563 3.3392382371244618 0.96100296284021425 3.0389727748561328 0.14405326918305214 2.3292395412004487 1.4929890221172946 3.4685476005787357 3.0566362251843877 583.03248182830828 2.051498226037566 4.2813435207769075 0.6594039883782834 40.299461206478959 21.367552757263173 0 0.030158821736771958 0.14032258064516132 -0.53630028453484735 12.854069735891059 2.8762312154647005 -0.018433424234041634 73.894985053620886 1.3465034819989021 0.1836773534595661 -0.079505209048070638 8.6371977438490841 15.209368191923827 38.810513370996993 3.2483325121023006 1.2223562094304941 2.6358809109737042 41.693742084503121 4.1247606955594049 -0.716970682638714 1.552656875234429 0.6594039883782834 95.274362564086871 20.10581316862616 14.546029873324844 0.17233684853827505 0.13862014612684817 1 8.6371977438490841 4.0309480301234819 80.320690345764135 0.1317204301075269 189.61365123276713 2.4003503069123373 3.8399479208607232
decision_type=2 2 2 2 2 2 2 2 2 2 2 2 2 2 2 2 2 2 2 2 2 2 2 2 2 2 2 1 2 2 2 8 2 2 2 2 2 2 2 2 2 2 2 2 2 2 2 2 2 2 2 2 2 2 1 2 10 2 2 2 10 10
left_child=2 3 7 6 8 13 9 16 14 18 17 20 25 29 -4 43 -1 54 59 31 -7 22 42 -22 -9 36 -14 47 -28 38 -30 44 -15 34 -11 48 37 56 39 -3 -20 -36 -16 -8 -12 -25 -43 -19 -10 50 -34 -52 -18 -45 55 -5 -6 -41 -59 -2 -24 -37
right_child=1 5 4 10 12 11 15 24 35 33 19 -13 26 32 21 -17 52 27 40 -21 23 -23 60 45 -26 -27 28 -29 30 -31 -32 -33 49 -35 41 61 -38 -39 -40 57 -42 46 -44 53 -46 -47 -48 -49 -50 -51 51 -53 -54 -55 -56 -57 -58 58 -60 -61 -62 -63
leaf_value=-0.052233731102743958 0.0068010731728815072 0.061393092417689178 -0.035395479121676052 0.04096298684271682 0.024281175884604454 0.10304425706357073 0.034593557536371548 -0.027053633650799654 -0.018230785095195611 0.020233383846756086 0.048454919046580246 0.13320457998026367 0.0093188793000939484 0.078418988164357953 -0.021023470435999166 0.075052011779515412 -0.046835753212587164 0.053479155005068467 0.013614742453098162 0.075459081986963106 0.079438292442518821 -0.0076714391762583911 -0.016412139974838803 0.1007296465634497 -0.010048490165223143 0.03584543054386375 0.029433027840235725 0.048016461260803618 0.029021127810405792 0.07412362794321363 0.063654065237986668 0.04460501563208856 0.068888883799315098 0.027774896834605798 0.028634112570628836 0.012485500878148426 0.01590204282457772 -0.022643021312191418 0.041114414267515519 0.04841627116635585 0.034298617170423255 0.015881220674841774 -0.0005930285088169545 0.040320992761641618 0.067202321820573965 0.085119456152743134 -0.004516463682937232 0.038046705601455802 -0.0083663001245803149 0.075739864984889854 0.063689190715642732 0.043153008524911142 -0.037854827297572773 0.063935272086526607 0.031612617378464852 0.019407178494296122 -0.0007690473835897687 0.067101801096853403 0.035802841816607402 -0.001210705461865081 -0.036313554234152216 -0.0065340027980359825
leaf_weight=102606 8194 11119 8385 6775 520 1844 5170 5025 5251 16673 1431 852 588 4169 2706 967 18254 1262 4089 1246 7122 2778 803 2290 2166 543 2182 9284 530 1436 940 3580 5588 4842 643 884 2142 579 1384 5559 923 1110 980 1440 2035 3015 1574 13763 5806 2955 2085 1177 4231 759 14229 655 1833 1953 516 6939 2615 2587
leaf_count=102606 8194 11119 8385 6775 520 1844 5170 5025 5251 16673 1431 852 588 4169 2706 967 18254 1262 4089 1246 7122 2778 803 2290 2166 543 2182 9284 530 1436 940 3580 5588 4842 643 884 2142 579 1384 5559 923 1110 980 1440 2035 3015 1574 13763 5806 2955 2085 1177 4231 759 14229 655 1833 1953 516 6939 2615 2587
internal_value=3.076e-05 0.0434517 -0.0398441 0.0300621 -0.0102469 0.0705927 0.0186621 -0.0493864 -0.0193467 0.0141388 0.0412624 0.0898385 0.0200234 0.0629106 -0.026505 0.0430503 -0.0509631 0.0386775 0.00669592 0.0555601 0.0872038 -0.0189472 -0.023348 0.0848127 -0.0219421 0.0092308 0.0342934 0.0426754 0.0382963 0.0576317 0.0513081 0.0519902 0.0701498 0.0201718 0.0183246 -0.0103402 0.00635012 -0.000643315 0.0564604 0.0575587 0.0174542 0.00874279 -0.0155998 0.0388028 0.0595431 0.0919464 0.00393308 0.0393603 -0.0130571 0.0671975 0.0643041 0.0563567 -0.0451546 0.0485982 0.0341817 0.039077 0.00480666 0.052213 0.0606462 0.00312821 -0.0316689 -0.00167909
internal_weight=335581 160647 174934 107583 42652 53064 53323 132282 32795 44987 54260 15123 9857 37941 18267 8336 125091 45968 20145 8292 14271 9882 7104 12427 7191 5617 4240 24309 3652 21967 1470 7046 15974 24842 20000 14528 5074 2932 20531 19147 5012 3327 3686 7369 3466 5305 2684 15025 11057 11805 8850 3262 22485 2199 21659 7430 2353 8028 2469 15133 3418 3471
internal_count=335581 160647 174934 107583 42652 53064 53323 132282 32795 44987 54260 15123 9857 37941 18267 8336 125091 45968 20145 8292 14271 9882 7104 12427 7191 5617 4240 24309 3652 21967 1470 7046 15974 24842 20000 14528 5074 2932 20531 19147 5012 3327 3686 7369 3466 5305 2684 15025 11057 11805 8850 3262 22485 2199 21659 7430 2353 8028 2469 15133 3418 3471
cat_boundaries=0 1 2
cat_threshold=2 1
is_linear=0
shrinkage=0.03


Tree=23
num_leaves=63
num_cat=4
split_feature=1 1 2 2 1 1 1 2 2 5 3 1 1 1 1 2 3 2 1 1 31 20 7 2 5 1 3 30 26 7 16 3 31 25 5 2 1 5 1 1 30 20 13 26 30 20 20 7 31 25 34 5 26 5 32 26 16 1 2 28 28 28
split_gain=606625 60515.3 51418.8 11916.5 11805.4 11072.5 6370.29 4891.62 2720.75 2453.35 2038.08 1953.22 1830.52 1554.41 1240.91 1160.97 1041.14 1027.08 1020.62 728.565 609.689 699.168 516.516 511.216 493.561 456.405 451.758 406.607 390.733 397.505 368.03 363.105 356.121 471.105 344.744 372.889 343.624 337.167 330.809 325.628 316.385 339.941 319.969 602.087 316.354 319.542 302.35 292.035 290.378 289.83 286.574 286.327 284.725 361.46 495.201 435.335 283.209 282.542 280.901 295.553 279.582 267.752
threshold=0.90488713843742807 2.6599474716514031 0.36238171747842823 1.6761608551646381 1.7866941223156361 3.6371676767548977 0.36303941099773923 2.002321183191667 3.0389727748561328 0.85460566359260415 1.2823637686377889 0.3276523178845272 3.0938889153692721 1.3397157092474539 4.2813435207769075 2.6358809109737042 0.14405326918305214 2.2764391754574675 2.0940930682127603 4.0867267977357287 1.1458548393517918 41.264788150328762 2.3177757595636828 2.4441698680406074 -0.84843873281483184 0.61835129269381073 1.7282017950453594 0 14.580543851852417 5.6929966281058704 10.650000000000002 0.96100296284021425 3.0005303793656686 14.451643851447491 1.0179565718695893 4.0279178775222411 0.6594039883782834 0.51502866469111386 4.9529772614864394 0.4054678504506592 1 48.221046422240448 1.9104105557326339 87.28816242218015 2 37.843074243723116 39.885580166800132 20.72650439194965 1.8757975794386275 7.7715692909734875 3 0.89489624309951477 87.28816242218015 0.6720439639416812 0.048690000510210225 41.307750892639156 18.450000000000003 0.1857438529189438 3.0389727748561328 0.15207191970260253 -0.25722348672584544 -0.036372833768900679
decision_type=2 2 2 2 2 2 2 2 2 2 2 2 2 2 2 2 2 2 2 2 2 2 10 2 2 2 2 1 2 10 2 2 2 2 2 2 2 2 2 2 1 2 2 2 1 2 2 8 2 2 9 2 2 2 2 2 2 2 2 2 2 2
left_child=2 4 6 10 7 12 16 13 18 19 11 31 24 26 -11 47 -1 46 23 56 22 28 -12 -6 -3 -8 -2 -26 -22 -30 -19 -4 -10 -34 35 61 -13 -21 -16 -24 41 -20 51 -44 -15 -46 48 50 -5 -32 -9 -42 53 54 -29 -56 -7 -18 59 -17 -50 -14
right_child=1 5 3 17 8 9 25 15 32 14 20 36 34 44 38 58 57 30 40 37 21 -23 39 -25 27 -27 -28 52 29 -31 49 -33 33 -35 -36 -37 -38 -39 -40 -41 42 -43 43 -45 45 -47 -48 -49 60 -51 -52 -53 -54 -55 55 -57 -58 -59 -60 -61 -62 -63
leaf_value=-0.050651874574964235 0.0026707930371462517 0.07896025683790249 -0.036421875087247889 0.0045660500557889701 0.027287777498342557 0.06814420848542696 -0.026385418646404656 0.012017232079176779 0.056117018493024272 0.088605118505172914 0.0034111808143312702 -0.018411081106309495 0.064203479062080279 0.022129692449941733 0.11147806635130497 0.036923747346283758 -0.04515846412519816 0.053388299141271078 0.044489028520242689 0.080276490697244809 -0.026731890038899603 0.032224615359142048 -0.03026029018680762 0.042163534454810213 0.05617327768228314 -0.010908505802054332 0.013789509926199548 0.038356412684100963 0.01044039946018978 -0.0065090824168873946 0.012915681101501092 -0.024717392658747533 0.057868676377001042 0.097239644265334782 0.073758675925264999 0.085003149886084289 -0.007974665134152863 0.096485123588262417 0.14219062177801481 -0.010623184237048826 0.030988057480375628 0.021179259747886647 0.038406787109258309 0.068356331744737986 0.011300770799187241 0.024031284230817799 0.03621803499534311 0.0071662117502819455 0.0073223959052718356 0.040284023122100603 0.033200561102710482 0.045233772330605312 0.057639360772808644 0.055439727550338214 0.039051933546809643 0.059457341377772678 0.082847189683832936 -0.036412788783013308 0.068600457672894757 0.063666988812542472 0.027904765332894925 0.05647786947051258
leaf_weight=102727 14617 528 6255 1780 14776 7117 4891 693 1891 2844 952 6577 8356 7641 1383 1129 19258 1087 9232 5847 612 512 1770 2441 5909 2656 4240 7544 1737 4363 557 3947 582 580 2298 591 5016 1648 542 1343 9633 614 9010 653 8176 2271 623 507 944 954 5530 1493 1997 2645 1601 2462 1578 4196 764 582 1618 9024
leaf_count=102727 14617 528 6255 1780 14776 7117 4891 693 1891 2844 952 6577 8356 7641 1383 1129 19258 1087 9232 5847 612 512 1770 2441 5909 2656 4240 7544 1737 4363 557 3947 582 580 2298 591 5016 1648 542 1343 9633 614 9010 653 8176 2271 623 507 944 954 5530 1493 1997 2645 1601 2462 1578 4196 764 582 1618 9024
internal_value=6.19373e-06 0.0420014 -0.0387605 -0.00921055 0.0270722 0.064668 -0.0477417 0.0160808 0.0370343 0.082555 -0.016977 -0.0223352 0.0559317 0.0112027 0.101581 0.035643 -0.0493432 0.0247522 0.0352752 0.0769212 -0.00662702 -0.0013941 -0.0159134 0.0294085 0.0500443 -0.0209495 0.00517383 0.0493376 -0.00398066 -0.00167805 0.0400273 -0.0319079 0.0645036 0.0778527 0.0625073 0.0610484 -0.0139009 0.0839024 0.120471 -0.0218191 0.038567 0.0430469 0.0364354 0.040465 0.0174847 0.0140783 0.0167271 0.0291425 0.0138921 0.0302711 0.0309257 0.0329192 0.0468353 0.0453017 0.0429686 0.0514746 0.0708586 -0.0436019 0.0532249 0.0461795 0.02035 0.0602096
internal_weight=335344 160969 174375 40647 97055 63914 133728 46150 50905 20959 33084 21795 42955 36945 4769 9205 126181 7563 47852 16190 11289 7224 4065 17217 22686 7547 18857 22158 6712 6100 2598 10202 3053 1162 20269 17971 11593 7495 1925 3113 30635 9846 20789 9663 18088 10447 4965 6730 4342 1511 6223 11126 16249 14252 11607 4063 8695 23454 2475 1711 2562 17380
internal_count=335344 160969 174375 40647 97055 63914 133728 46150 50905 20959 33084 21795 42955 36945 4769 9205 126181 7563 47852 16190 11289 7224 4065 17217 22686 7547 18857 22158 6712 6100 2598 10202 3053 1162 20269 17971 11593 7495 1925 3113 30635 9846 20789 9663 18088 10447 4965 6730 4342 1511 6223 11126 16249 14252 11607 4063 8695 23454 2475 1711 2562 17380
cat_boundaries=0 1 2 3 4
cat_threshold=1 1 1 9216
is_linear=0
shrinkage=0.03


Tree=24
num_leaves=63
num_cat=0
split_feature=1 1 2 1 1 2 2 1 2 5 1 2 1 1 3 2 1 1 23 1 1 23 2 5 3 2 29 31 23 16 26 2 5 5 23 6 5 16 25 18 20 23 23 5 31 29 18 18 23 19 23 25 7 23 19 7 4 23 26 25 23 23
split_gain=573400 63536.6 40700.7 13364.8 10694.2 10512.9 4633.61 4275.23 3122.47 2195.1 2115.28 1855.81 1726.92 1424.56 1096.53 1039.47 1015.56 953.416 805.843 793.998 787.138 621.881 620.637 592.599 525.205 506.493 451.712 430.161 718.513 470.304 418.113 396.831 403.249 388.657 412.627 482.443 383.625 382.219 485.873 378.646 369.687 359.446 345.563 376.046 341.272 339.566 338.863 338.491 333.517 331.038 325.745 364.509 358.614 348.18 323.081 320.657 308.322 305.444 297.18 426.254 356.603 341.716
threshold=0.79298018086260391 2.6599474716514031 0.31003417874874734 1.5548768279514544 3.6371676767548977 1.4220610285474935 1.7768058128265134 0.21507797274963339 2.7547952058655469 0.99030102696599998 2.0940930682127603 1.8780037666810316 3.0938889153692721 0.4054678504506592 0.96100296284021425 2.6757210905639419 1.070401381955193 4.4690025878997881 -0.55822315702467107 4.3385597009712873 0.44566042620230245 -0.18771856543719898 2.064989111574286 -2.4534710099539589 0.24830900727834368 3.4685476005787357 0.1836773534595661 1.1458548393517918 0.60019216940316622 9.3500000000000032 14.801341223716731 4.0279178775222411 1.2332470453008615 0.6720439639416812 -0.86167001593038528 8.5000000000000018 0.46465076060914806 10.250000000000002 6.337706563986278 583.03248182830828 36.408765373125327 0.14539831731376898 -0.79462857753386928 -1.0295183214315353 1.948943651910201 -0.30463657615447065 361.22138282094005 22.061986462017874 0.34469468539800274 4.3100708759369413 -0.79462857753386928 13.91896556754026 3.8399479208607232 -0.95260028690456633 3.278570080070065 18.453238206526809 2.3154178522201634 -0.69174588062027931 94.283443069458002 22.497666360021281 -0.10282099713736061 -0.51477383718533543
decision_type=2 2 2 2 2 2 2 2 2 2 2 2 2 2 2 2 2 2 2 2 2 2 2 2 2 2 2 2 2 2 2 2 2 2 2 2 2 2 2 2 2 2 2 2 2 2 2 2 2 2 2 2 10 2 2 8 2 2 2 2 2 2
left_child=2 3 7 6 12 13 16 24 10 19 22 50 25 14 -4 49 -2 -11 42 58 -9 -20 39 -13 -1 33 -25 28 37 -29 -31 32 -14 34 35 54 -21 38 -16 -5 47 46 43 -10 -28 -30 -18 -12 -41 -8 53 52 -52 -7 -3 -24 -36 -17 59 -6 61 -60
right_child=1 4 5 8 9 11 15 20 18 17 40 23 31 -15 27 57 41 -19 21 36 -22 -23 55 26 -26 -27 44 29 45 30 -32 -33 -34 -35 56 -37 -38 -39 -40 48 -42 -43 -44 -45 -46 -47 -48 -49 -50 -51 51 -53 -54 -55 -56 -57 -58 -59 60 -61 -62 -63
leaf_value=-0.049129597067285737 -0.0018693671908657662 0.061075362881434815 -0.033700798379158896 0.02509073897143213 0.072907553988610194 -0.001662647663309735 0.021312070763017683 -0.035433113934704052 0.069662010982823486 0.090657388768541583 0.030628687739483421 0.051973050361533053 0.058697163482219941 -0.012356408914364674 -0.039427825265516671 0.036677731390168618 0.010559226203711407 0.12389763195465671 0.076017081277824403 0.080101612170481756 -0.019205610455526136 0.051631322882342325 0.034760106756198735 0.015909599892400303 -0.042302452702373615 0.067377026669975887 0.016873385635053955 -0.033467798664818464 -0.024756915120123655 -0.03246447189118374 -0.0036466286148520289 0.085266775337563563 0.075253691367861975 0.055508623943171055 0.042591407942028245 0.029602869887667863 0.099666699108030318 -0.041414864945500576 0.00090444234357586967 0.012967739414281516 0.031875228564983892 0.015554732747442278 0.027308803016363851 0.039677666878092072 0.04757174578844206 0.0042981069637625883 0.00032069249016487714 0.041240468294959219 0.030820915192955056 0.0353493324278812 0.0093938947470866702 0.015119558033275315 -0.016069331588962402 0.024884856782396547 0.035244505463212665 0.015305918487926798 0.052380438794347527 0.065023635154348808 0.061071452127519125 0.057225774912919365 0.066094711224880559 0.087872101192634375
leaf_weight=108089 11280 1007 8667 14659 5333 817 5430 7129 522 2623 3404 820 18256 11098 526 627 7552 1193 1448 2834 4356 2924 6653 2434 11494 1253 505 767 624 523 3208 600 1499 4479 5194 2760 1541 1975 544 5139 9379 6049 1247 1481 956 850 4731 14880 1154 2121 692 742 1744 969 819 874 7186 829 566 2392 1720 2882
leaf_count=108089 11280 1007 8667 14659 5333 817 5430 7129 522 2623 3404 820 18256 11098 526 627 7552 1193 1448 2834 4356 2924 6653 2434 11494 1253 505 767 624 523 3208 600 1499 4479 5194 2760 1541 1975 544 5139 9379 6049 1247 1481 956 850 4731 14880 1154 2121 692 742 1744 969 819 874 7186 829 566 2392 1720 2882
internal_value=5.06763e-06 0.0395446 -0.0388327 0.0248756 0.0629571 -0.0116952 0.0109461 -0.0467952 0.0333106 0.0804729 0.030859 0.015346 0.0543708 -0.0207899 -0.0260776 0.0297818 0.0052128 0.101198 0.0513366 0.075865 -0.0292894 0.0597855 0.0251104 0.0288142 -0.0484752 0.0486483 0.0238783 -0.0187357 -0.0252737 -0.0121463 -0.00772427 0.0607385 0.0599722 0.0475386 0.0454188 0.0376174 0.0870989 -0.0335872 -0.0190136 0.022444 0.0367715 0.0095699 0.0398966 0.0476459 0.0370545 -0.0080441 0.00661742 0.0392737 0.0162635 0.0252758 0.00253728 -0.00322444 -0.00883151 0.01277 0.0496176 0.0325128 0.0482923 0.0529843 0.0720207 0.0680919 0.0778218 0.0835675
internal_weight=336049 166520 169529 102383 64137 38461 38619 131068 63764 21084 56142 9679 43053 28782 17684 9007 29612 3816 7622 17268 11485 4372 28479 4715 119583 22698 3895 9017 4519 4498 3731 20355 19755 21445 16966 4586 4375 3045 1070 20952 27663 18332 3250 2003 1461 1474 12283 18284 6293 7551 4964 3178 2436 1786 1826 7527 12380 1456 12893 7725 5168 3448
internal_count=336049 166520 169529 102383 64137 38461 38619 131068 63764 21084 56142 9679 43053 28782 17684 9007 29612 3816 7622 17268 11485 4372 28479 4715 119583 22698 3895 9017 4519 4498 3731 20355 19755 21445 16966 4586 4375 3045 1070 20952 27663 18332 3250 2003 1461 1474 12283 18284 6293 7551 4964 3178 2436 1786 1826 7527 12380 1456 12893 7725 5168 3448
is_linear=0
shrinkage=0.03


Tree=25
num_leaves=63
num_cat=2
split_feature=1 1 2 1 1 2 1 2 2 5 2 1 1 1 1 1 2 3 1 31 3 2 25 31 29 26 18 25 6 5 5 27 5 32 18 32 21 20 13 17 3 4 27 21 30 25 32 29 17 31 25 20 29 26 31 2 3 28 30 26 32 17
split_gain=538492 59883.3 38595.1 11471.6 10956.3 9830.69 4887.79 4341.31 3199.27 2146.81 2015.18 1819.5 1499.08 1339.27 1144.36 958.632 949.92 929.488 845.094 705.731 623.443 596.537 537.136 504.644 647.119 494.917 440.768 431.029 418.211 408.062 400.78 525.132 376.258 373.056 351.974 349.004 348.726 341.648 334.571 322.198 314.899 313.711 313.542 311.002 307.934 301.397 300.039 355.528 487.606 317.991 294.972 284.472 354.108 279.199 277.554 268.132 258.017 248.219 239.575 237.73 236.219 249.678
threshold=0.79298018086260391 2.5866332409235482 0.37914522281498142 1.5548768279514544 3.6371676767548977 1.4060193890775772 0.21507797274963339 1.8245158400606811 2.7547952058655469 0.69954670466355995 1.8780037666810316 3.0069838686729793 1.9190152319085572 4.4690025878997881 0.24251549515296647 1.1370204782182427 2.6474988578823067 1.2592374541912981 0.42570936678934884 2.8791115263802709 0.2782816059005499 2.0530152378753956 3.3751880616270094 2.7326321147191819 0.030158821736771958 95.274362564086871 583.03248182830828 13.731182554504406 7.5000000000000009 -0.5953131272966361 0.85460566359260415 0.14032258064516132 0.68559713487019391 -0.7085281700688667 361.22138282094005 -0.13276761923003969 67.294359006819505 36.408765373125327 1.9920624853864328 76.950000000000017 0.93761331206326426 2.7363452244346442 0.086559139784946254 17.941724172885067 0 14.142649196008202 0.13106205296165688 0.030158821736771958 73.000000000000014 2.762383166500904 1.804996410614528 40.299461206478959 0.1836773534595661 40.099214267730687 1.1643424018538722 3.5662821135513991 1.409436483156298 1.4241046555330634 1 109.89785137176511 -1.1259900067348807 76.800000000000026
decision_type=2 2 2 2 2 2 2 2 2 2 2 2 2 2 2 2 2 2 2 2 2 2 2 2 2 2 2 2 2 2 2 2 2 2 2 2 2 2 2 2 2 2 2 2 1 2 2 2 2 2 2 2 2 2 2 2 2 2 1 2 2 2
left_child=2 3 6 7 11 14 20 15 12 25 39 29 21 -11 17 56 51 36 -8 -10 -1 58 -12 24 -24 41 -19 -21 -14 -3 31 46 35 -26 -17 42 50 38 54 -7 -16 55 44 -27 -31 -18 47 49 -49 -13 -4 52 -9 -35 -30 -6 -2 -56 -5 -44 -52 -62
right_child=1 4 5 8 9 10 18 16 19 13 22 30 28 -15 40 34 45 26 -20 27 -22 -23 23 -25 33 43 -28 -29 37 32 -32 -33 -34 53 -36 -37 -38 -39 -40 -41 -42 -43 59 -45 -46 -47 -48 48 -50 -51 60 -53 -54 -55 57 -57 -58 -59 -60 -61 61 -63
leaf_value=-0.04762880540960876 -0.0031560353342468049 0.062138306963255362 -0.050114859055861403 0.024201528952958695 0.063610298744591787 -0.0002082220937502937 -0.033996921726609987 0.017122632121597422 0.044412654412696713 0.08395424673032649 0.00015949864553552141 0.060355447523885677 0.039378156241839046 0.11577632301599178 -0.018646983557164702 0.01372737583963215 0.038685317426971795 -0.019850947811288662 -0.01839313759206836 0.052668467642282238 -0.040183304162769794 0.031981396322697989 0.0171813366988583 0.056851362028764008 0.021755354403482318 0.075262552615994668 0.0037398261235946726 0.080534750075743497 0.041682002265037571 0.053411554750267577 0.066398513666733952 0.0699643532139088 0.052751904258571562 0.036594019234802551 0.0045671399994111949 0.046982899736673252 -0.021953333667850516 0.026347425345270108 0.039028372035859245 0.023395261423965936 -0.0094138411029003732 0.069165714954177171 0.056571583274902533 0.096741629195213313 0.032857087279069358 0.065852689577852661 0.058453408363324327 0.068136832472248679 0.041192381279456541 0.041191470872406821 -0.038217275147020807 0.045325473481676502 0.03181433069164747 0.068362873730759874 0.030357808256008329 0.035730763478964304 0.0055422307730449271 0.016432068415873354 0.016371078349499742 0.032845885814614083 -0.017980783438483351 -0.038834823618600973
leaf_weight=109234 9648 1312 1040 5899 823 4593 7488 3722 4562 4356 502 3914 7215 1714 6139 10111 857 2661 5398 1147 11392 4519 2026 671 515 6442 971 967 1673 751 4004 2166 4276 504 6034 8586 2439 8906 6538 582 7291 6484 1281 745 5934 691 8258 712 4490 1036 2876 563 2474 539 7862 539 4495 1373 8883 579 1521 793
leaf_count=109234 9648 1312 1040 5899 823 4593 7488 3722 4562 4356 502 3914 7215 1714 6139 10111 857 2661 5398 1147 11392 4519 2026 671 515 6442 971 967 1673 751 4004 2166 4276 504 6034 8586 2439 8906 6538 582 7291 6484 1281 745 5934 691 8258 712 4490 1036 2876 563 2474 539 7862 539 4495 1373 8883 579 1521 793
internal_value=5.23705e-05 0.0383459 -0.037645 0.0233255 0.059893 -0.00991836 -0.0450505 0.0105837 0.0315829 0.0778776 0.0154284 0.0518616 0.0291064 0.0930278 -0.0197031 0.00531218 0.0297893 -0.0263148 -0.0274701 0.051158 -0.0469273 0.0224322 0.029512 0.0329707 0.0284268 0.0717314 -0.0135476 0.0655752 0.0329401 0.0457115 0.0575356 0.0557952 0.0446904 0.0429485 0.0103063 0.0426634 -0.0316528 0.0311703 0.0336241 0.00246633 -0.0136398 0.0663512 0.0382983 0.0775548 0.0352044 0.0509853 0.0541096 0.0505491 0.0449422 0.0563902 -0.0354295 0.0249007 0.0230098 0.0532593 0.0303684 0.0527483 -0.000390527 0.0282974 0.0195031 0.0492939 -0.0324414 -0.0251957
internal_weight=335716 166541 169175 98139 68402 35663 133512 38595 59544 21103 9932 47299 52868 6070 25731 30288 8307 12301 12886 6676 120626 19301 4757 4255 3584 15033 3632 2114 33567 22719 24580 20576 21407 1558 16145 17131 8669 26352 17446 5175 13430 7846 8545 7187 6685 1548 18410 10152 5202 4950 6230 6759 6196 1043 10908 1362 14143 9235 14782 1860 5190 2314
internal_count=335716 166541 169175 98139 68402 35663 133512 38595 59544 21103 9932 47299 52868 6070 25731 30288 8307 12301 12886 6676 120626 19301 4757 4255 3584 15033 3632 2114 33567 22719 24580 20576 21407 1558 16145 17131 8669 26352 17446 5175 13430 7846 8545 7187 6685 1548 18410 10152 5202 4950 6230 6759 6196 1043 10908 1362 14143 9235 14782 1860 5190 2314
cat_boundaries=0 1 2
cat_threshold=1 1
is_linear=0
shrinkage=0.03


Tree=26
num_leaves=63
num_cat=0
split_feature=1 1 4 1 1 5 1 5 1 1 31 5 5 1 1 5 1 31 5 1 1 23 24 5 16 29 1 16 1 32 5 25 24 23 27 16 4 5 24 23 23 24 24 23 5 23 18 27 24 19 25 32 32 24 27 25 24 17 23 25 23 23
split_gain=507140 50436.9 38305.7 12056.3 8648.62 7187.1 6683.42 4092.15 3625.07 2342.41 1874.52 1830.56 1547.78 1482.7 1157.76 834.469 831.167 823.128 772.316 700.57 688.922 619.509 1116.17 606.39 595.883 564.99 558.052 552.36 500.372 480.841 433.936 424.135 666.159 423.331 464.997 439.207 387.492 381.872 374.861 439.33 456.207 373.632 414.027 365.845 365.842 348.497 323.622 336.586 322.438 316.794 314.707 314.153 311.999 310.666 306.676 304.527 303.615 652.167 602.073 313.961 312.145 298.475
threshold=0.91629074379508402 2.8601720838512592 0.79717618486689446 1.9190152319085572 0.3435640621522314 -1.2789073894836012 3.9269174890273653 -0.7485902861469671 0.21511226468267011 1.3575612665463621 1.8757975794386275 0.61842687703095023 -0.82588641651910433 3.3844318597703054 2.3735682885461036 -1.6137810419071468 0.15613183866401317 1.1458548393517918 -2.4534710099539589 4.6382841949739868 0.60256635725545604 0.60019216940316622 -0.63395513778623447 -0.69314715415866157 18.000000000000004 0.23277141575115587 1.2891581856277794 9.3500000000000032 0.6594039883782834 -0.041169588262951397 -0.80615868515460454 6.337706563986278 -0.13690101447512068 0.1283936251113518 0.072580645161290328 15.750000000000002 0.43866707687222312 0.79654587837592528 0.32041146939831461 -0.87025318080773884 -0.97122121956981788 -0.77873524214321999 -0.5793997530542554 -0.051478754770346226 1.2808433483002077 -0.83440738405450643 41.853209403187257 0.32258064516129042 -0.91281223188962002 8.6371977438490841 4.8798862397069902 1.0000000180025095e-35 0.022219004642296532 -0.93262014971044682 0.0059139784946236574 3.1358031452343034 -0.91968655568559032 74.500000000000014 -0.15389057670406206 18.611174346718901 -0.26295251545706949 -0.034327600513243302
decision_type=2 2 2 2 2 2 2 2 2 2 2 2 2 2 2 2 2 2 2 2 2 2 2 2 2 2 2 2 2 2 2 2 2 2 2 2 2 2 2 2 2 2 2 2 2 2 2 2 2 2 2 2 2 2 2 2 2 2 2 2 2 2
left_child=2 3 4 7 16 10 13 15 17 43 50 46 -5 30 51 -2 36 21 -12 -13 -6 31 -23 -10 25 48 -17 -19 61 33 -3 -7 -33 35 -35 -11 -1 49 39 40 -16 53 -43 -9 -15 -27 -8 -48 -20 -32 -4 -14 -50 -28 -31 -24 57 59 60 -41 -59 -25
right_child=1 6 5 12 20 8 11 9 23 29 18 19 14 44 38 26 -18 27 24 -21 -22 22 55 28 -26 45 41 -29 -30 54 37 32 -34 34 -36 -37 -38 -39 -40 56 -42 42 -44 -45 -46 -47 47 -49 52 -51 -52 -53 -54 -55 -56 -57 -58 58 -60 -61 -62 -63
leaf_value=-0.046200300288649847 0.061219060366155049 0.079237325490984792 -0.017302291468451064 0.059610093722669989 -0.02497732728196133 -0.047526661116474106 0.080942972553755724 0.0014264183779546346 0.0026717760934877799 0.017678579784183492 0.053716562052053961 0.088048486063602924 0.028648806052190081 0.061960606036735512 0.04098874927554013 0.022459235022421292 -0.035472837532538715 -0.041383145637154756 0.035631916998615419 0.1143397488902783 -0.010611167962995391 0.0091744043198567649 -0.042758035043772964 -0.021554670044523872 0.0023715045557110895 0.062128364767680182 0.037976797483485154 -0.011547909094133089 -0.0035848176390819667 0.022277676085152364 0.049974194686720944 -0.040512774295108474 -0.0005917898967820114 0.020635904955729679 0.050370421447683701 0.0069051889614980795 -0.039578467695285689 0.05947307987704574 0.051155876434675368 0.038710539298739195 0.024502645395492972 0.013915462337302951 0.041178253166810445 0.010093792458066573 0.079563078112982563 0.030266817028718283 0.065770352948445812 0.090904743637485838 -0.0023851641699823142 0.033574837004008623 0.0032310920222896394 0.036199916476224808 0.024806799609175045 0.062615343398659304 0.038235001647530083 -0.02182107034627466 0.044302504668366965 0.033355421975858626 0.023176010274781965 0.059467990560364926 0.063825195450656541 -0.0089340599158341874
leaf_weight=108712 1045 504 905 2519 6765 3042 2977 11303 4431 9441 778 3254 17758 14554 2704 2965 7715 677 650 1394 5423 723 1353 3649 1121 519 1055 3128 5568 4344 17989 1311 527 5672 515 5341 8854 3892 2431 1536 3506 814 1331 7156 1217 804 5305 567 807 1172 2562 7035 711 874 1463 1197 10750 687 3531 1220 572 3154
leaf_count=108712 1045 504 905 2519 6765 3042 2977 11303 4431 9441 778 3254 17758 14554 2704 2965 7715 677 650 1394 5423 723 1353 3649 1121 519 1055 3128 5568 4344 17989 1311 527 5672 515 5341 8854 3892 2431 1536 3506 814 1331 7156 1217 804 5305 567 807 1172 2562 7035 711 874 1463 1197 10750 687 3531 1220 572 3154
internal_value=-8.42278e-05 0.0384528 -0.0353874 0.0266617 -0.0427276 -0.00856113 0.0624585 0.0165285 -0.0158377 0.0130123 0.0150626 0.0806933 0.0366187 0.056191 0.0354934 0.0361836 -0.0450747 -0.0284596 0.0261233 0.096048 -0.0185921 -0.033839 -0.0236777 -0.00684891 0.0214155 0.0275186 0.0324261 -0.0169036 -0.0102587 0.0186798 0.05139 -0.040623 -0.0290991 0.0165562 0.0231497 0.0137896 -0.0457033 0.0507642 0.0398084 0.0386725 0.0317083 0.0396433 0.0308888 0.00478832 0.0633437 0.0429526 0.0725785 0.0682726 0.0180229 0.0489801 -0.00214599 0.0307983 0.0103906 0.0492732 0.0263274 -0.0329919 0.0410269 0.0363344 0.0295849 0.0479903 0.0473964 -0.0157144
internal_weight=335479 160393 175086 107568 137469 37617 52825 53319 28760 45235 8857 13497 54249 39328 51730 8084 125281 11958 5390 4648 12188 8153 3273 16802 4612 3491 7039 3805 12371 26776 23557 4880 1838 20969 6187 14782 117566 23053 26937 24506 6210 4074 2145 18459 15771 1323 8849 5872 2168 19161 3467 24793 1518 1929 5807 2550 18296 7546 4790 2756 1259 6803
internal_count=335479 160393 175086 107568 137469 37617 52825 53319 28760 45235 8857 13497 54249 39328 51730 8084 125281 11958 5390 4648 12188 8153 3273 16802 4612 3491 7039 3805 12371 26776 23557 4880 1838 20969 6187 14782 117566 23053 26937 24506 6210 4074 2145 18459 15771 1323 8849 5872 2168 19161 3467 24793 1518 1929 5807 2550 18296 7546 4790 2756 1259 6803
is_linear=0
shrinkage=0.03


Tree=27
num_leaves=63
num_cat=0
split_feature=1 1 3 1 1 1 3 3 3 5 1 31 3 1 5 5 1 1 24 5 1 1 24 24 13 17 23 20 5 20 13 23 5 24 20 31 18 31 26 24 24 17 23 24 23 24 29 13 29 24 1 31 24 26 5 23 23 7 29 19 28 23
split_gain=476494 53903 33383.1 10542.6 9416.23 7283.62 5140.79 3866.89 2538.02 1965.32 1601.2 1517.27 1223.18 1172.9 1007.36 901.693 881.655 811.872 788.716 777.103 656.609 589.429 577.305 822.409 911.48 708.887 822.456 600.96 551.103 531.184 523.536 525.434 495.943 464.461 458.784 458.003 453.837 541.086 438.87 432.349 382.978 603.385 500.105 535.158 403.074 368.734 400.076 421.4 364.078 362.941 361.716 357.632 343.022 331.348 327.115 313.789 340.758 310.691 309.728 304.929 297.603 292.254
threshold=0.77883471940172544 2.5866332409235482 0.96100296284021425 1.5548768279514544 3.6106108232957301 0.24251549515296647 1.7794918269356166 1.9141702174542723 2.5444738851146274 1.2808433483002077 3.0938889153692721 1.2679841979650515 0.36783048683535097 1.9349758304733309 -1.3772300492815088 -1.001042726721632 4.2258995486549535 1.0867665582944832 0.76785215827905995 -2.4534710099539589 0.4054678504506592 4.7568862410327446 -0.77873524214321999 -0.88264628153994396 2.363139529370319 74.850000000000009 0.11135109471829405 38.810513370996993 0.46465076060914806 40.299461206478959 1.7647574848715892 0.97516411509186673 -0.61039408307294984 0.37672789363518527 40.299461206478959 2.6904726922044726 691.9795920360566 1.7857814716702218 17.520700216293324 -0.96914236212857563 -0.91968655568559032 74.500000000000014 -0.87025318080773884 -0.30410362911654215 -0.15389057670406206 -0.96914236212857563 0.1836773534595661 2.4002752113857109 0.044109217475255945 0.83910684176851646 0.21511226468267011 2.4122511847452106 -0.21294651993841582 62.006820201873772 0.78121300196969523 -0.15389057670406206 -0.80493205379724719 32.008265551780532 0.044109217475255945 8.6371977438490841 -0.036372833768900679 -0.051478754770346226
decision_type=2 2 2 2 2 2 2 2 2 2 2 2 2 2 2 2 2 2 2 2 2 2 2 2 2 2 2 2 2 2 2 2 2 2 2 2 2 2 2 2 2 2 2 2 2 2 2 2 2 2 2 2 2 2 2 2 2 10 2 2 2 2
left_child=2 3 5 7 10 12 18 17 13 16 32 -8 -1 -5 -10 39 -6 61 30 -13 -7 -11 23 25 -25 53 35 -24 57 38 31 36 -3 54 40 -27 50 -38 -21 -9 41 -34 43 -42 -43 -40 47 -47 -41 -14 -4 -50 -17 -16 59 56 -32 -18 -36 -15 -12 -2
right_child=1 4 6 8 9 20 11 15 14 21 60 19 49 33 22 52 28 -19 -20 29 -22 -23 27 24 -26 26 -28 -29 -30 -31 55 -33 34 -35 58 -37 37 -39 45 48 42 44 -44 -45 -46 46 -48 -49 51 -51 -52 -53 -54 -55 -56 -57 -58 -59 -60 -61 -62 -63
leaf_value=-0.044576393013007094 -0.0058673673288762206 0.061169683376264959 -0.023726188282765258 0.019963253487847957 0.064931582185019668 -0.029805894035242936 -0.011433339587696382 0.056665698464188848 0.07282857023537187 0.090206543593550653 0.059166890011310695 0.048911075385328982 -0.032751610777337695 0.028110278593433392 0.036724590958842895 0.022114917682614085 0.066623214600197211 0.0083230431868979594 -0.031897104836428047 -0.0098254048019416826 -0.017611335668418424 0.12807242632688931 0.036303652133389902 0.044326518034992712 0.087810681865438972 0.03224132751863127 0.014676809309623604 0.015551361965509583 0.090081811212815041 0.046585241080308593 0.0055025919081131136 0.01516228245447525 0.050811515704122692 0.041754049626040381 0.041045273443384156 0.062040856683233177 -0.013259469522750294 0.018258423488909572 0.034854167292083446 0.023238350630521234 0.027215512863012169 0.046872988077998314 0.050669583025472358 0.046549489361315102 0.026484799486099348 -0.0010365322349866687 0.025941558878113048 0.027048166189810523 0.030030032247938095 -0.047351040368607225 -0.011743497702796294 0.060257723235828592 0.0067281446236673766 0.061940398730994127 0.036376928133667004 0.018199295140518015 -0.023094844017641163 0.08772450097291877 0.019232322222158014 0.014713540941385814 0.05156282053879737 0.0034902681206972078
leaf_weight=114009 7042 1451 4475 17909 13077 6621 1499 727 784 1829 9548 835 11146 16566 790 4726 3043 16392 1785 560 10030 513 6811 1139 720 1309 1667 1553 2473 532 988 552 2300 2732 1194 738 1407 746 954 2158 2066 1194 10619 3555 3373 1792 1560 652 872 1810 4630 612 1808 1276 4021 747 598 879 1178 1704 10040 5231
leaf_count=114009 7042 1451 4475 17909 13077 6621 1499 727 784 1829 9548 835 11146 16566 790 4726 3043 16392 1785 560 10030 513 6811 1139 720 1309 1667 1553 2473 532 988 552 2300 2732 1194 738 1407 746 954 2158 2066 1194 10619 3555 3373 1792 1560 652 872 1810 4630 612 1808 1276 4021 747 598 879 1178 1704 10040 5231
internal_value=8.55222e-05 0.0358677 -0.0356308 0.0217525 0.056374 -0.041134 -0.00312025 0.00974108 0.0297095 0.0726456 0.0487367 0.0158882 -0.0435811 0.0258359 0.0396053 0.0249434 0.0694806 0.00395538 -0.0131276 0.0218406 -0.0224678 0.098756 0.0379554 0.0439449 0.0613585 0.0382961 0.0303848 0.032462 0.0787248 0.0180672 -0.0107482 -0.0133127 0.0439654 0.0300342 0.0429738 0.0431099 -0.014715 -0.00232173 0.015278 0.0354959 0.0442705 0.0382402 0.0468078 0.0394738 0.0318605 0.0181204 0.0140949 0.00649571 0.0311982 -0.0348087 -0.0176426 0.0426564 0.0178657 0.0524103 0.0285887 0.00223428 -0.00531874 0.0714581 0.0302756 0.0268652 0.0552835 -0.00187916
internal_weight=335547 167619 167928 99287 68332 143616 24312 39568 59719 21814 46518 8384 126965 42932 16787 10903 19472 28665 15928 6885 16651 2342 16003 7639 1859 5780 3714 8364 6395 6050 14143 11810 26930 25023 25479 2047 11258 2153 5518 4369 23107 6867 16240 5621 4567 4958 4004 2444 3642 12956 9105 1484 6534 2066 22291 2333 1586 3922 2372 18270 19588 12273
internal_count=335547 167619 167928 99287 68332 143616 24312 39568 59719 21814 46518 8384 126965 42932 16787 10903 19472 28665 15928 6885 16651 2342 16003 7639 1859 5780 3714 8364 6395 6050 14143 11810 26930 25023 25479 2047 11258 2153 5518 4369 23107 6867 16240 5621 4567 4958 4004 2444 3642 12956 9105 1484 6534 2066 22291 2333 1586 3922 2372 18270 19588 12273
is_linear=0
shrinkage=0.03


Tree=28
num_leaves=63
num_cat=3
split_feature=1 1 2 1 2 1 2 1 1 2 5 1 2 2 1 2 1 1 24 1 24 24 1 7 7 26 17 24 2 5 5 5 4 7 2 28 24 2 2 30 24 24 18 32 24 31 19 24 19 18 27 7 29 34 20 30 19 26 24 24 19 7
split_gain=447659 45093.5 38272.5 10020.9 9068.42 6372.44 4518.31 4137.95 1793.92 1740.7 1658.87 1474.15 1416.06 1222.29 1183.47 955.247 791.079 703.105 636.242 628.878 497.231 493.323 427.541 427.452 425.762 432.933 511.934 752.317 417.973 401.817 401.719 396.658 375.343 409.595 353.787 359.711 389.374 342.203 337.083 331.013 391.472 321.732 318.868 308.136 514.888 585.613 304.914 302.197 325.39 298.032 301.818 292.058 290.938 290.276 287.906 285.956 313.072 284.72 316.086 310.51 282.953 257.843
threshold=0.91629074379508402 2.8272713346370639 0.31003417874874734 1.9046504694620168 1.6761608551646381 3.855440885125001 2.002321183191667 0.3276523178845272 0.42570936678934884 2.9855211657054217 0.73237430365454037 1.3771598297185033 1.0574926181711322 2.6358809109737042 3.2524784816627186 2.0893392622170555 2.3735682885461036 4.6382841949739868 -0.8982586596074329 0.11332653719707649 -0.72208999473568902 -0.52211334636400797 0.6594039883782834 3.4492965067997954 1.7022610834739591 27.275717639923077 76.15000000000002 -0.13690101447512068 1.3604457243516117 0.83529668224490228 -1.3273831369669833 1.2808433483002077 1.0222669884806586 3.1486236173153554 4.1247606955594049 -0.11357900553847343 -0.94995492655104952 3.8123307373919828 2.7974802550561226 0 -0.46236593929171266 -0.60021428054836823 583.03248182830828 -1.1176363150522846 -0.35273909160235833 0.91937167548619236 2.051498226037566 -0.82964644928663578 2.051498226037566 41.853209403187257 0.32258064516129042 19.499057653496084 0.23277141575115587 1 40.299461206478959 2 8.6371977438490841 18.650166702270454 -0.13690101447512068 0.051476858357251264 8.6371977438490841 2.5771492991804363
decision_type=2 2 2 2 2 2 2 2 2 2 2 2 2 2 2 2 2 2 2 2 2 2 2 10 10 2 2 2 2 2 2 2 2 10 2 2 2 2 2 1 2 2 2 2 2 2 2 2 2 2 2 8 2 9 2 1 2 2 2 2 2 10
left_child=2 3 7 6 8 14 11 19 12 16 49 28 18 51 37 -6 55 -12 -4 57 -15 -22 -9 -17 43 -26 -27 -28 -2 39 -11 34 -10 41 35 36 -16 60 52 40 -18 -34 -13 -20 45 -45 -43 48 -32 -7 -51 53 -25 -8 -41 56 -5 -1 -59 -60 -3 -30
right_child=1 5 4 9 15 10 13 22 32 30 17 42 -14 20 31 23 29 -19 24 -21 21 -23 -24 38 25 26 27 -29 61 -31 47 -33 33 -35 -36 -37 -38 -39 -40 54 -42 46 -44 44 -46 -47 -48 -49 -50 50 -52 -53 -54 -55 -56 -57 -58 58 59 -61 -62 -63
leaf_value=-0.043555417057711585 0.0020675731531136967 0.04699307948916321 -0.0052802562459362051 0.03461231587088745 0.010491010790516805 0.075609917267049936 0.012632011984942754 -0.024165864733333563 -0.012338743650451171 0.076121479999309558 0.082728330009913406 0.018644439001532336 -0.0082472037795408935 0.058926537048144274 0.049668836948627414 0.0068866735050687562 0.034254444602182708 0.11056579289807394 -0.037054152515393735 -0.035149451822922423 0.010859013217712429 0.048368446567072697 -0.0082382659331150503 0.024504730303817286 -0.037071134712845774 -0.033898940340044065 -0.027615414674974345 0.01172968429088303 0.030531084008915205 0.045849414304237932 0.039687950346526113 0.072814377779916062 0.020977659267890782 -0.0070693747208594856 0.077926090285637836 0.05103673612504761 0.064458624281966956 0.07041436652288488 0.057995054428492274 0.041712138597329772 0.021065398622855239 0.014913564455016324 0.010605766029148192 0.024958746052132205 -0.024181728551275764 -0.019416222759182488 -0.015824097526508353 0.039683678549661233 0.064378311117580092 0.062754524179691101 0.085961479346293043 0.0085747935984155678 0.045814774714113826 0.030117929879343197 0.020478877648094362 0.02615617834342903 0.014011413306640574 -0.04131163866544775 -0.0063438287571844802 -0.033917829895665517 0.031948111681892467 0.0095180646005148459
leaf_weight=108795 14174 18305 1214 8016 3939 3727 1048 5509 7534 519 3067 14718 5567 1716 2436 539 9950 1208 730 9605 509 841 2102 1817 5339 2124 1110 716 583 3345 778 1407 967 5973 659 9497 5426 547 520 6361 2583 512 6396 502 2042 562 658 2172 1424 6588 587 788 862 6687 648 16829 734 4097 516 1296 1247 5085
leaf_count=108795 14174 18305 1214 8016 3939 3727 1048 5509 7534 519 3067 14718 5567 1716 2436 539 9950 1208 730 9605 509 841 2102 1817 5339 2124 1110 716 583 3345 778 1407 967 5973 659 9497 5426 547 520 6361 2583 512 6396 502 2042 562 658 2172 1424 6588 587 788 862 6687 648 16829 734 4097 516 1296 1247 5085
internal_value=-6.84292e-05 0.0361059 -0.0332394 0.0246794 -0.00873952 0.0582239 0.0153777 -0.0412668 -0.0151249 0.0338369 0.0747638 0.0106957 -0.0210985 0.0319124 0.0518641 0.02082 0.0321083 0.0907144 -0.0260833 -0.0425818 0.0481647 0.0343183 -0.0197753 0.0316759 -0.0280048 -0.0314841 -0.0238951 -0.0121978 0.00482266 0.0361711 0.0509088 0.0571706 -0.00751954 -0.00303777 0.0559291 0.0550718 0.0599106 0.0467226 0.0358353 0.0345031 0.0315457 0.00822092 0.0162124 -0.0195495 -0.0153825 0.0015389 -0.00236686 0.0478337 0.0557645 0.0684703 0.0647117 0.026041 0.0314341 0.0278137 0.0397651 0.0284667 0.0328932 -0.0432026 -0.0366744 -0.0261047 0.0460419 0.0117044
internal_weight=335752 160605 175147 105904 43227 54701 52545 131920 35550 53359 15177 40956 19906 11589 39524 7677 48466 4275 14339 124309 3066 1350 7611 3738 13125 9289 3950 1826 19842 22887 4893 19425 15644 8110 18018 17359 7862 20099 3199 19542 12533 2137 21114 3836 3106 1064 1170 4374 2202 10902 7175 8523 2679 7735 7009 25579 8750 114704 5909 1812 19552 5668
internal_count=335752 160605 175147 105904 43227 54701 52545 131920 35550 53359 15177 40956 19906 11589 39524 7677 48466 4275 14339 124309 3066 1350 7611 3738 13125 9289 3950 1826 19842 22887 4893 19425 15644 8110 18018 17359 7862 20099 3199 19542 12533 2137 21114 3836 3106 1064 1170 4374 2202 10902 7175 8523 2679 7735 7009 25579 8750 114704 5909 1812 19552 5668
cat_boundaries=0 1 2 3
cat_threshold=2 9216 1
is_linear=0
shrinkage=0.03


Tree=29
num_leaves=63
num_cat=2
split_feature=1 1 2 1 2 1 1 2 2 5 2 1 1 1 24 1 1 3 25 2 1 24 20 1 29 3 3 23 31 23 23 2 23 20 30 16 2 23 23 22 24 24 6 29 5 19 6 24 5 29 16 13 2 28 1 16 26 26 16 8 28 24
split_gain=421976 42301.5 36423.1 9448.61 8641.03 6311.9 4142.1 3776.68 2042.51 1746.55 1673.06 1633.77 1128.15 1065.14 965.093 944.971 768.642 585.657 571.526 539.331 523.925 521.347 498.567 497.552 470.384 445.638 441.591 421.042 558.608 417.63 387.886 387.614 386.638 384.241 426.546 376.792 367.153 360.525 359.841 344.192 340.729 329.926 327.854 316.384 311.131 309.426 299.75 492.801 296.014 294.031 293.849 292.229 289.399 289.877 288.786 281.489 279.895 559.205 578.802 277.088 274.086 273.034
threshold=0.91629074379508402 2.7800003367145174 0.32350023142729967 1.7688336504320554 1.4220610285474935 3.7536527174678422 0.21511226468267011 2.1982253417245032 3.0566362251843877 1.1463199737802052 2.2216208377897386 0.55961580177221515 3.2123324975754666 1.2891581856277794 -0.91968655568559032 2.2159700290611544 0.49475034477898933 0.96100296284021425 2.4652421584613227 2.2103874584920704 4.4690025878997881 -0.96914236212857563 40.299461206478959 4.7568862410327446 0.1836773534595661 1.409436483156298 0.14405326918305214 0.60019216940316622 0.9587680882576578 -0.042903177641794764 0.99863729997741479 3.6583312675088133 0.76232555469153152 40.299461206478959 0 10.650000000000002 2.9337796851520186 -0.80493205379724719 0.1283936251113518 1 -0.74541039586774327 -0.21294651993841582 8.5000000000000018 0.090987515499620877 0.46465076060914806 8.6371977438490841 9.5000000000000018 -0.53667642277345495 1.3977650139343882 -0.3584786147457602 9.7500000000000018 1.1972202532309983 4.0279178775222411 -0.11357900553847343 0.24251549515296647 9.7500000000000018 69.306928062438956 54.922030735015845 9.9500000000000011 -2.3731413772839578 0.80501122439877526 -0.99374406038856444
decision_type=2 2 2 2 2 2 2 2 2 2 2 2 2 2 2 2 2 2 2 2 2 2 2 2 2 2 2 2 2 2 2 2 2 2 1 2 2 2 2 1 2 2 2 2 2 2 2 2 2 2 2 2 2 2 2 2 2 2 2 10 2 2
left_child=2 3 6 7 11 12 26 13 15 20 18 14 45 25 51 19 -8 54 -6 60 61 -9 24 -11 -20 -2 -1 28 55 -13 41 -10 -29 34 56 -12 49 39 42 -30 -37 -28 -15 -35 -22 -3 -26 -48 52 -23 -34 -4 53 -14 -16 -19 57 -17 -59 -41 -5 -7
right_child=1 5 4 8 10 9 16 21 31 23 35 29 48 38 17 33 -18 27 22 -21 44 36 -24 -25 46 -27 30 32 37 -31 -32 -33 50 43 -36 40 -38 -39 -40 59 -42 -43 -44 -45 -46 -47 47 -49 -50 -51 -52 -53 -54 -55 -56 -57 -58 58 -60 -61 -62 -63
leaf_value=-0.042364313251413391 -8.4497656823145787e-05 0.045305087020216593 -0.0111674045922238 0.025153200714536531 -0.018224866084856017 0.053449829525972291 -0.02870319976820309 0.054734231232047618 0.048709063483890251 0.086150044117222255 0.047505177457595381 -0.011262375341963527 0.057086057933340768 0.017836719401638307 -0.032294178541917275 0.03392370803124805 -0.012704911687891316 -0.015022379624863995 0.00099764859184648053 0.033012752209703573 0.069145377781998738 0.013622764630180651 0.033837174100531588 0.11920521525353041 0.0048940256515436842 0.0096808087673673701 -0.033454214868426951 0.012880469245252324 0.0048163162747342321 0.00094923504558291211 -0.012926619036516311 0.075537622916139649 -0.0018489394691349429 0.032183496578873115 0.039674715492888778 0.040585094633344136 0.050203341313431495 -0.024228388434109811 0.020107235373408625 -0.0018914937977380026 0.013373826970798464 -0.041550836627529383 0.0084323533306265661 0.011734116720304411 0.088944587377596918 0.030098269712253364 0.0095124502276866529 0.041390859368296354 0.070640694446071253 0.032045088752496828 -0.027746149709364998 0.012041367301365354 0.071471535602564015 0.048970405819725504 -0.021641032311897592 -0.037337578013122576 0.04065025322607474 -0.0062822635195015301 0.025436004330048733 -0.030713353031593067 0.01645733967870143 0.065976044904775544
leaf_weight=101273 9569 19702 1103 13522 692 2036 7340 1020 3153 1907 1168 6390 7708 5084 5931 10163 4297 689 4000 6771 1826 1032 720 584 1145 7499 8061 665 1189 4159 573 595 820 1517 10265 732 776 1876 6566 540 963 10921 9747 1248 1389 1326 925 828 1020 3330 756 868 814 9082 3817 2051 2780 606 3483 673 4355 10032
leaf_count=101273 9569 19702 1103 13522 692 2036 7340 1020 3153 1907 1168 6390 7708 5084 5931 10163 4297 689 4000 6771 1826 1032 720 584 1145 7499 8061 665 1189 4159 573 595 820 1517 10265 732 776 1876 6566 540 963 10921 9747 1248 1389 1326 925 828 1020 3330 756 868 814 9082 3817 2051 2780 606 3483 673 4355 10032
internal_value=5.08486e-05 0.0351889 -0.0321469 0.0236918 -0.00805091 0.0558226 -0.0399136 0.0132937 0.0316271 0.0706911 0.0146143 -0.0160844 0.0491497 0.0097989 -0.0209266 0.0301539 -0.0228038 -0.0229982 0.00779051 0.0257857 0.0668424 0.0350979 0.0101641 0.0941229 0.00767042 0.00420757 -0.0415604 -0.0175768 -0.0211905 -0.00644971 -0.0373874 0.0530631 -0.00623788 0.0337305 0.0348139 0.0343726 0.0311503 -0.0143893 0.014257 -0.00667041 0.02521 -0.0381222 0.0116611 0.0229914 0.0778242 0.0443535 0.016863 0.0246446 0.0545515 0.0277072 -0.0143202 -0.000941989 0.0535995 0.052712 -0.028136 -0.0317638 0.0318735 0.0301479 0.0207333 -0.0177968 0.02304 0.0638858
internal_weight=335672 160507 175165 103081 42700 57426 132465 44623 58458 17774 11173 31527 39652 38465 20978 54710 11637 19007 8310 24648 15283 6158 7618 2491 6898 17068 120828 9259 7018 10549 19555 3748 2241 30062 27297 2863 5138 4278 21397 2402 1695 18982 14831 2765 3215 21028 2898 1753 18624 4362 1576 1971 17604 16790 9748 2740 17032 14252 4089 1213 17877 12068
internal_count=335672 160507 175165 103081 42700 57426 132465 44623 58458 17774 11173 31527 39652 38465 20978 54710 11637 19007 8310 24648 15283 6158 7618 2491 6898 17068 120828 9259 7018 10549 19555 3748 2241 30062 27297 2863 5138 4278 21397 2402 1695 18982 14831 2765 3215 21028 2898 1753 18624 4362 1576 1971 17604 16790 9748 2740 17032 14252 4089 1213 17877 12068
cat_boundaries=0 1 2
cat_threshold=2 17
is_linear=0
shrinkage=0.03


Tree=30
num_leaves=63
num_cat=1
split_feature=1 1 3 1 2 1 2 1 1 2 5 1 1 3 2 1 5 2 27 23 32 23 7 2 25 23 1 23 3 2 26 5 2 32 26 23 23 1 13 2 26 23 23 23 25 7 31 23 29 32 28 20 23 18 18 20 32 23 23 23 26 30
split_gain=396086 45812.2 27671.9 8760.7 8528.4 5619.09 5035.98 4692.98 2146.19 1939.4 1062.08 981.295 944.872 894.808 887.936 714.768 616.639 615.175 611.174 582.981 627.07 567.241 538.968 509.272 502.039 578.572 488.635 456.347 453.045 433.317 431.379 430.285 390.851 390.15 389.493 405.968 407.797 377.566 373.058 365.782 361.45 471.983 358.836 400.915 711.625 403.867 343.353 326.802 316.697 324.301 314.606 311.911 311.112 322.729 309.786 379.114 316.985 301.187 299.867 632.087 290.532 289.855
threshold=0.75936310677040109 2.5021014733873388 0.93761331206326426 3.4363998887236114 2.0135656321668209 0.24251549515296647 1.7474115758906208 1.6014057484277575 4.3385597009712873 3.0389727748561328 1.0770132188554573 2.8742003996605909 1.180801969247423 0.2782816059005499 1.238998972681207 2.0651549239280915 0.60576161730011646 2.7974802550561226 0.14032258064516132 -0.034327600513243302 -1.1520859088747482 0.44709379298511415 18.174740576548562 2.6474988578823067 6.337706563986278 -0.94723957588908092 0.39208914962665514 -0.73388536643219904 4.1537608658190965 1.552656875234429 17.520700216293324 0.79654587837592528 3.1379445020633434 0.048690000510210225 41.307750892639156 0.094275748646527283 0.46238297290351504 0.27230601692261591 2.1479536780177368 3.4964900211226611 18.2065659046173 0.78409092058139029 -0.80493205379724719 -0.15389057670406206 11.418027806270027 5.362549324770618 0.83306415471504047 0.99628166032228249 0.1836773534595661 -0.73330768694771431 1.0000000180025095e-35 40.299461206478959 0.14539831731376898 361.22138282094005 22.061986462017874 36.408765373125327 -0.32059987831854797 -0.10282099713736061 0.69174588062027964 0.36075750887067765 5.4116878867149163 0
decision_type=2 2 2 2 2 2 2 2 2 2 2 2 2 2 2 2 2 2 2 2 2 2 8 2 2 2 2 2 2 2 2 2 2 2 2 2 2 2 2 2 2 2 2 2 2 10 2 2 2 2 2 2 2 2 2 2 2 2 2 2 2 1
left_child=2 4 5 11 7 13 14 12 16 22 -10 32 29 -1 19 -9 28 30 31 24 21 -21 23 54 37 -26 -7 -27 -5 -2 -8 33 51 50 -35 38 -37 -4 -36 -11 41 60 -16 -44 45 -45 -42 -15 -32 -50 -13 61 53 -14 56 -56 -6 -30 59 -57 -22 -3
right_child=1 3 6 8 9 26 17 15 10 39 -12 18 52 47 42 -17 -18 -19 -20 20 40 -23 -24 -25 25 27 -28 -29 57 -31 48 -33 -34 34 35 36 -38 -39 -40 -41 46 -43 43 44 -46 -47 -48 -49 49 -51 -52 -53 -54 -55 55 58 -58 -59 -60 -61 -62 -63
leaf_value=-0.040810432144938374 -0.0014005680765355626 0.034383645216406147 -0.035255446112090125 0.053453255056862117 0.0093578623236355071 -0.027706465684923791 -0.0077128209316057053 0.018366080521020109 0.073004246201980427 0.048440034745676583 0.10438516290448489 0.044695013579430218 0.011422770842312427 -0.034002533215833401 0.0084998770464763205 0.028871435733873876 0.067142683686274213 0.051330245784081116 0.063378501402187246 -0.001422485463286911 -0.010543658264389593 -0.036643921114865481 0.018220819299530032 0.039056710701207024 -0.024304491599376046 0.018490761241054653 -0.016852288065637072 -0.012785812812680748 0.072765647315108886 0.011489357714660585 0.014568306004759295 0.054052523677167827 0.050042832395639156 0.040327642595595646 0.043905186975687772 0.02210755060474116 0.056110911655602197 -0.017574485906401149 0.064345745580932576 0.074159717641772913 0.028686838719074782 -0.026783406245935434 -0.017294742034440719 0.0018262652924351387 0.030925851329130696 -0.030332175013250147 -0.00072869055058567898 -0.0094673801989001057 0.013008340185823438 0.039598675974845593 0.033715076671464665 0.023741890838826663 0.016122332738957343 0.001251590942562802 0.033036248412742865 0.022462128452933432 0.030804105116919032 0.049272760029524895 0.0063410433840472248 0.050608429429778584 0.020245756165304329 0.042646546962117997
leaf_weight=110448 15786 10990 2364 12362 1469 6012 524 17094 4555 2293 1281 4502 7281 15758 2143 8889 6612 550 1794 701 579 993 3764 4993 1648 729 9958 976 2122 2752 2828 4015 2047 3913 1230 686 604 2044 2658 667 602 750 1776 1134 559 504 867 509 633 1219 5180 1703 5535 4570 11579 5314 1077 704 765 831 518 6094
leaf_count=110448 15786 10990 2364 12362 1469 6012 524 17094 4555 2293 1281 4502 7281 15758 2143 8889 6612 550 1794 701 579 993 3764 4993 1648 729 9958 976 2122 2752 2828 4015 2047 3913 1230 686 604 2044 2658 667 602 750 1776 1134 559 504 867 509 633 1219 5180 1703 5535 4570 11579 5314 1077 704 765 831 518 6094
internal_value=-1.15653e-07 0.0325809 -0.032656 0.0504286 0.0188051 -0.0377258 -0.00329777 0.0122537 0.0637526 0.0311846 0.0799758 0.0423147 0.00522781 -0.0398397 -0.0107837 0.0219649 0.0593922 0.0212621 0.0463899 -0.0152837 -0.00729568 -0.0221159 0.0288741 0.0304109 -0.0204322 -0.0116575 -0.0209458 0.000601951 0.0559971 0.000515547 0.018038 0.0450389 0.0374964 0.0430973 0.0476063 0.0530626 0.0381837 -0.0270859 0.0579439 0.0543509 0.000297216 -0.00852615 -0.00138229 -0.00671662 0.00185432 -0.00813083 0.0113823 -0.033238 0.0209264 0.0305698 0.038841 0.0361165 0.0102507 0.00750273 0.0283499 0.0297047 0.0184726 0.0670106 0.0241023 0.0263065 0.0040209 0.0373427
internal_weight=335037 167711 167326 73052 94659 142685 24641 61907 27636 32752 5836 45416 35924 126715 18887 25983 21800 5754 24582 12771 5010 1694 29792 26028 7761 3353 15970 1705 15188 18538 5204 22788 20834 18773 9091 5178 1290 4408 3888 2960 3316 1847 6116 3973 2197 1638 1469 16267 4680 1852 9682 18787 17386 11851 21035 18489 2546 2826 6910 6145 1097 17084
internal_count=335037 167711 167326 73052 94659 142685 24641 61907 27636 32752 5836 45416 35924 126715 18887 25983 21800 5754 24582 12771 5010 1694 29792 26028 7761 3353 15970 1705 15188 18538 5204 22788 20834 18773 9091 5178 1290 4408 3888 2960 3316 1847 6116 3973 2197 1638 1469 16267 4680 1852 9682 18787 17386 11851 21035 18489 2546 2826 6910 6145 1097 17084
cat_boundaries=0 1
cat_threshold=2
is_linear=0
shrinkage=0.03


Tree=31
num_leaves=63
num_cat=1
split_feature=1 1 2 1 2 1 2 1 2 1 5 1 2 1 2 2 1 1 24 1 32 24 2 25 24 16 1 24 25 24 29 34 24 24 31 25 24 25 25 24 29 18 5 16 5 5 24 24 24 17 31 7 20 21 17 7 24 31 18 24 32 25
split_gain=374726 40894.9 26902 8494.69 7100.22 6676.5 3537.15 2974.87 2095.35 1753.64 1496.92 1180.58 1048.56 995.602 856.223 849.776 799.728 768.148 701.634 550.594 546.957 466.368 452.429 435.446 404.292 573.111 384.655 367.851 352.438 347.293 340.451 336.768 331.449 665.695 604.977 438.41 346.831 492.187 324.049 319.191 315.872 314.273 315.944 310.089 309.457 314.681 310.091 624.678 319.973 480.044 306.076 301.328 299.751 297.867 293.935 277.561 277.421 269.928 332.022 264.77 422.209 344.902
threshold=0.79298018086260391 2.6599474716514031 0.32350023142729967 1.6014057484277575 1.5794856284130732 3.4854349728363641 1.7768058128265134 0.20315731031163212 2.7547952058655469 4.0867267977357287 0.55759672519520831 2.0794415342292556 1.1076662341142942 0.27230601692261591 2.0265966994748563 3.0389727748561328 1.180801969247423 3.0938889153692721 -0.77873524214321999 0.47414859376858193 -0.05566102202641085 -0.91968655568559032 2.0135656321668209 4.8178586940491401 -0.72208999473568902 18.450000000000003 4.9529772614864394 -0.56532384738233998 2.3417255616636692 -0.88264628153994396 0.11853411682973876 0 -0.79980977965991029 -0.62058661934845294 0.94028109837251861 1.6851914298711881 -0.14540367380369007 6.337706563986278 17.579950761787035 0.72208999473568902 0.044109217475255945 637.19260424194351 -2.4534710099539589 10.250000000000002 -0.84843873281483184 0.9641696940459159 -0.50739640075491554 -0.30410362911654215 -0.91968655568559032 74.500000000000014 1.9795891131550467 2.4895739395974492 40.299461206478959 17.40217106970557 73.500000000000014 10.491553346110367 0.10281720934011641 2.3275515126564854 748.84348699455279 -0.91281223188962002 0.022219004642296532 12.623634618552783
decision_type=2 2 2 2 2 2 2 2 2 2 2 2 2 2 2 2 2 2 2 2 2 2 2 2 2 2 2 2 2 2 2 9 2 2 2 2 2 2 2 2 2 2 2 2 2 2 2 2 2 2 2 8 2 2 2 8 2 2 2 2 2 2
left_child=2 3 7 6 12 17 16 28 11 24 -11 22 13 21 -6 31 -2 44 20 -9 55 -4 57 -16 25 -7 -12 -26 -1 38 -13 -8 -23 34 -34 -35 -37 -38 -22 56 59 42 -25 -30 -3 46 48 -48 49 -46 -42 -15 -32 -49 -29 -10 -14 -5 -59 61 -61 -33
right_child=1 5 4 8 14 9 15 19 18 10 26 30 39 51 23 -17 -18 -19 -20 -21 29 32 -24 41 27 -27 -28 54 43 -31 52 40 33 35 -36 36 37 -39 -40 -41 50 -43 -44 -45 45 -47 47 53 -50 -51 -52 -53 -54 -55 -56 -57 -58 58 -60 60 -62 -63
leaf_value=-0.039715053314097443 -2.7012038552476937e-05 0.061415268796054939 -0.0040999265287503077 0.019617604473445172 0.0069625014004254466 0.050025329235987133 0.013889578956036298 -0.02789257874850674 0.058462764022485431 0.063011676274033271 0.082333124212504091 0.032413723005779604 -0.0055910626013395328 -0.0060406868342755297 0.0058839711906173847 0.060642328287944504 0.0095822837410030112 0.0480218281237281 0.03224469867584806 -0.014078320751022753 0.039887617403784617 -0.044454480012539634 0.026569212489465456 0.045540034674234689 0.074922219918661201 0.068362826014121247 0.10847815905409181 0.042346323845520936 -0.024804332167014213 0.083815630123783208 0.027220120341682776 0.013089879162047237 0.019831589599460017 -0.042239365055169814 -0.021099267200249985 -0.03101273564978415 -0.024803569822972854 0.0027756284926503758 0.072433381671044461 -0.026018992912688169 0.021215871107064178 0.051965131200060403 0.020646769230301863 -0.036806667786106265 0.04625382926685364 0.048981461253580841 0.019171626606834326 0.045882228199944051 0.044008584557928707 0.028495285240224398 0.041136824964257884 -0.016091172834829488 0.011007532021339122 0.0278443659548222 0.063608176306046676 0.034543998877446962 0.013716810497290947 0.015418645704856329 -0.0071462047359008929 0.0037975555350667749 0.029961856614094843 0.043574817713682427
leaf_weight=108462 15718 565 884 14277 4083 9329 2702 8411 612 6126 3268 15880 5383 4119 721 572 15458 15443 3437 3781 671 882 7799 620 1764 1891 673 902 2573 546 11310 573 513 1655 868 3663 2059 810 500 601 1114 570 1808 8484 2125 2447 2266 2302 7731 3988 1927 7753 1139 1335 1965 1676 760 2400 773 1366 932 816
leaf_count=108462 15718 565 884 14277 4083 9329 2702 8411 612 6126 3268 15880 5383 4119 721 572 15458 15443 3437 3781 671 882 7799 620 1764 1891 673 902 2573 546 11310 573 513 1655 868 3663 2059 810 500 601 1114 570 1808 8484 2125 2447 2266 2302 7731 3988 1927 7753 1139 1335 1965 1676 760 2400 773 1366 932 816
internal_value=4.57804e-05 0.0320356 -0.0313503 0.0202508 -0.00902253 0.0508157 0.00972035 -0.0377495 0.0273557 0.0625759 0.0724135 0.025279 -0.0156626 -0.0186883 0.0164608 0.025239 0.00473834 0.0428299 0.042279 -0.023616 0.0508392 -0.0250487 0.0205531 0.0268654 0.0563071 0.053145 0.0869297 0.0639029 -0.0391902 0.0637197 0.0294868 0.0230606 -0.026818 -0.0251699 -0.00587799 -0.0284185 -0.0248871 -0.0170259 0.0540331 -0.00524504 0.0266704 0.0318931 0.0270839 -0.0340262 0.0392972 0.0387205 0.0374369 0.0316013 0.0399128 0.0347013 0.033886 -0.0126082 0.0257418 0.0393086 0.0570043 0.0410554 -0.00319312 0.0178574 0.00991885 0.0207534 0.014451 0.031091
internal_weight=335781 166318 169463 102198 37752 64120 41178 131711 61020 25918 10067 53578 29950 23206 7802 10002 31176 38202 7442 12192 4005 11334 25249 3719 15851 11220 3941 4631 119519 1717 28329 9430 10450 9568 1381 8187 6532 2869 1171 6744 6728 2998 2428 11057 22759 22194 19747 5903 13844 6113 3041 11872 12449 3637 2867 2288 6143 17450 3173 3687 2298 1389
internal_count=335781 166318 169463 102198 37752 64120 41178 131711 61020 25918 10067 53578 29950 23206 7802 10002 31176 38202 7442 12192 4005 11334 25249 3719 15851 11220 3941 4631 119519 1717 28329 9430 10450 9568 1381 8187 6532 2869 1171 6744 6728 2998 2428 11057 22759 22194 19747 5903 13844 6113 3041 11872 12449 3637 2867 2288 6143 17450 3173 3687 2298 1389
cat_boundaries=0 1
cat_threshold=9345
is_linear=0
shrinkage=0.03


Tree=32
num_leaves=63
num_cat=0
split_feature=1 1 2 1 2 1 2 1 2 1 2 2 1 1 1 5 27 1 2 27 25 24 24 1 24 29 23 17 19 23 29 19 24 16 23 24 5 32 24 25 7 16 24 23 32 23 16 24 24 24 17 23 2 32 25 23 23 20 24 24 23 13
split_gain=351158 40360.4 24305.6 8160.65 7659.86 5419.41 4451.25 4150.66 1909.99 1888.45 1021.57 982.095 971.086 812.476 760.003 627.923 584.809 523.248 517.342 515.133 476.326 462.483 662.418 445.341 423.305 457.095 449.099 421.298 445.253 421.447 404.639 372.156 371.141 413.243 373.846 370.474 367.533 367.383 363.474 362.769 359.396 456.316 403.276 335.29 362.393 354.718 332.225 332.165 365.647 327.775 325.982 340.705 325.052 324.584 318.956 548.294 529.745 316.453 310.816 301.589 301.344 296.095
threshold=0.75936310677040109 2.5021014733873388 0.70056428139170179 3.3844318597703054 2.0135656321668209 0.25945734864355613 1.8780037666810316 1.4724720661102479 3.0566362251843877 4.7568862410327446 1.2558360982465546 0.10136372832061971 3.9269174890273653 2.0651549239280915 2.8601720838512592 0.63127758353096175 0.074731182795698944 1.1164056565574854 2.6358809109737042 0.14032258064516132 3.4944851819866449 -0.72208999473568902 -0.60703521118548998 0.39208914962665514 -0.97322851985520697 -0.44453435048290696 -0.83440738405450643 76.950000000000017 2.5703227282623566 0.48504197719567638 0.030158821736771958 3.580189827618049 -0.72208999473568902 18.450000000000003 -0.82482438823869786 0.83910684176851646 1.0770132188554573 -0.67543172181550626 -0.99374406038856444 8.6201453130291696 18.174740576548562 10.250000000000002 0.37672789363518527 -0.042903177641794764 -1.1378957227842774 0.44709379298511415 16.900000000000002 -0.77873524214321999 -0.60703521118548998 -0.8905837001257676 74.250000000000014 0.094275748646527283 3.0793821508762971 -0.14526129642115018 7.8804388746779468 -0.94723957588908092 -0.71612580616132582 40.299461206478959 -0.99815866078541837 -0.99374406038856444 -0.87025318080773884 2.4002752113857109
decision_type=2 2 2 2 2 2 2 2 2 2 2 2 2 2 2 2 2 2 2 2 2 2 2 2 2 2 2 2 2 2 2 2 2 2 2 2 2 2 2 2 8 2 2 2 2 2 2 2 2 2 2 2 2 2 2 2 2 2 2 2 2 2
left_child=2 4 5 14 7 11 10 16 18 12 43 -1 32 38 52 -14 17 -2 40 24 -8 49 -23 -7 46 -26 31 28 -12 -30 53 -27 33 -5 -34 -13 -11 -32 -9 -39 41 42 -6 54 45 -45 -16 -10 -49 50 -20 -52 57 -22 -4 -56 -57 -3 -43 -15 -24 -51
right_child=1 3 6 9 8 23 20 13 47 36 27 35 15 59 19 -17 -18 -19 21 -21 30 22 60 -25 25 26 -28 -29 29 -31 37 -33 34 -35 -36 -37 -38 39 -40 -41 -42 58 -44 44 -46 -47 -48 48 -50 61 51 -53 -54 -55 55 56 -58 -59 -60 -61 -62 -63
leaf_value=-0.038274067959817366 -0.00074446245332175512 0.034701686769531059 -0.022491039394073948 0.046877426365466934 0.017674230443837313 -0.02561667430743414 -0.0021750449818662468 0.00056479018479661596 0.06245293095700187 0.078261386549305284 0.0070110916693729699 -0.028034988374130234 0.059633132404315711 0.0062993072525826714 0.026835922534726803 0.075089761823106879 0.030906725117209762 0.0071555206821159864 0.051966877317377473 0.059186449563186375 0.0099119023561089967 0.0048846172431830127 0.028372754208963819 -0.015080328201615815 0.054127397821451352 0.040513288565382576 0.044741186973954405 0.021051600981046494 -0.0048061190476670892 -0.033546355243847872 0.017530018405985153 0.023365831806209495 0.052232477643849244 0.063122156542372257 0.069135104425261773 -0.04099188973970655 0.10834602596336546 0.029024063611586142 0.017082162381811979 0.063060566551621719 0.014718000928811844 0.050088730638048473 0.038697930889946844 -0.0016545873273583356 -0.0003442057448274689 -0.031709394203366853 0.047790791721737669 0.022432816736847876 0.055925822081697628 0.041153929472980105 0.038720225354749803 0.010050820164593322 0.04552984138981226 0.032232384886207492 -0.023559284018078431 0.028213738702064336 -0.011916436019748877 0.020805583719143615 0.028677623601772961 0.028348119440117482 0.054928952892112831 0.070795589633199971
leaf_weight=113702 15622 16264 4850 9095 6405 5568 535 1272 1566 1058 2670 12702 8407 602 2753 3455 690 14589 702 1627 1321 931 1475 10376 3048 2837 10605 782 3023 537 504 1950 2883 1728 2167 2387 663 514 21000 662 2672 646 943 608 2524 841 920 541 665 736 924 631 2295 1059 1177 511 690 1652 12936 8319 531 558
leaf_count=113702 15622 16264 4850 9095 6405 5568 535 1272 1566 1058 2670 12702 8407 602 2753 3455 690 14589 702 1627 1321 931 1475 10376 3048 2837 10605 782 3023 537 504 1950 2883 1728 2167 2387 663 514 21000 662 2672 646 943 608 2524 841 920 541 665 736 924 631 2295 1059 1177 511 690 1652 12936 8319 531 558
internal_value=9.29923e-06 0.0306076 -0.0307387 0.0473129 0.0176914 -0.0352745 -0.00195401 0.0114913 0.0294033 0.0595362 -0.00861172 -0.0373173 0.0576218 0.0192104 0.0391151 0.0641649 0.00369747 0.00307102 0.0271994 0.0427705 0.0244156 0.0347239 0.0258347 -0.0187667 0.0415496 0.0434141 0.0412758 0.000368708 -0.00224224 -0.00918234 0.0279179 0.0335599 0.0527134 0.049499 0.0595468 -0.0300976 0.0901315 0.0391974 0.0161392 0.0483699 0.025124 0.0264486 0.0203968 -0.0142313 -0.00721742 -0.0191475 0.0321425 0.0532345 0.0410558 0.0420295 0.0349708 0.027156 0.0348118 0.0198903 -0.0180789 -0.00905191 0.00520428 0.0334265 0.0297141 0.0268646 0.0355214 0.0541593
internal_weight=335906 168363 167543 73407 94956 144735 22808 62094 32862 29456 18213 128791 27735 31193 43951 11862 30901 30211 30090 23740 4595 6488 2937 15944 22113 18440 15392 7012 6230 3560 4060 4787 15873 10823 5050 15089 1721 1680 22272 1176 23602 20930 7348 11201 3973 1449 3673 2772 1206 3551 2257 1555 20211 2380 7228 2378 1201 17916 13582 8921 2006 1294
internal_count=335906 168363 167543 73407 94956 144735 22808 62094 32862 29456 18213 128791 27735 31193 43951 11862 30901 30211 30090 23740 4595 6488 2937 15944 22113 18440 15392 7012 6230 3560 4060 4787 15873 10823 5050 15089 1721 1680 22272 1176 23602 20930 7348 11201 3973 1449 3673 2772 1206 3551 2257 1555 20211 2380 7228 2378 1201 17916 13582 8921 2006 1294
is_linear=0
shrinkage=0.03


Tree=33
num_leaves=63
num_cat=0
split_feature=1 1 2 1 2 1 2 1 2 2 1 1 1 2 1 1 24 23 23 24 24 1 2 2 31 23 31 32 2 32 23 24 23 32 24 7 29 17 16 29 26 27 24 29 16 23 24 23 32 4 29 23 1 23 26 23 18 31 31 24 23 32
split_gain=332638 37085.5 23964.7 9572.77 6616.4 4377.4 3464.03 2511.15 1762.42 1264.38 1149.97 1042.27 1016.4 894.128 867.747 866.368 683.665 624.93 565.025 552.818 612.499 469.603 452.581 449.086 435.735 432.709 420.397 413.121 392.263 389.549 380.002 390.466 368.039 359.064 351.834 348.459 340.852 325.68 312.439 415.915 310.263 306.908 314.852 365.064 349.171 309.896 336.499 305.961 300.688 280.425 273.801 271.16 361.442 282.523 295.908 269.716 268.687 267.471 266.963 266.621 259.387 355.219
threshold=0.79298018086260391 2.8601720838512592 0.31003417874874734 1.6952458482715891 1.3604457243516117 3.9269174890273653 1.7890626435820978 0.21507797274963339 2.8440214239711099 1.8780037666810316 4.9529772614864394 2.2740374981390876 3.317603858101982 3.0389727748561328 1.1370204782182427 0.37992638403495499 -0.8982586596074329 -0.55822315702467107 0.11135109471829405 -0.79980977965991029 -0.74541039586774327 0.47414859376858193 0.70056428139170179 3.3221833256476181 1.5585421012997365 0.36075750887067765 1.4195821523821803 -1.0000000180025095e-35 2.2342619908852988 0.13106205296165688 0.14539831731376898 -0.25466173847491491 0.62729398729515495 -0.32976968430291315 -0.96914236212857563 5.0169535273582673 0.044109217475255945 76.950000000000017 18.000000000000004 -0.12953202345550593 33.851200580596874 0.14032258064516132 -0.97322851985520697 -0.44453435048290696 16.900000000000002 -0.83440738405450643 -0.23802450821255547 -0.31226905285971468 0.36738387885828988 0.14737631639502233 0.09525087604983648 0.094275748646527283 4.1773950906305855 0.025746965133975602 104.44958744049073 -0.43938332272944897 5.8386826694889224 2.40512085787568 2.4222492348218365 0.085727341951035305 -0.042903177641794764 -1.1259900067348807
decision_type=2 2 2 2 2 2 2 2 2 2 2 2 2 2 2 2 2 2 2 2 2 2 2 2 2 2 2 2 2 2 2 2 2 2 2 10 2 2 2 2 2 2 2 2 2 2 2 2 2 2 2 2 2 2 2 2 2 2 2 2 2 2
left_child=2 3 7 6 15 12 14 49 11 37 23 27 41 28 -2 16 35 33 29 -18 -21 -9 -22 -7 -11 -20 -13 -5 -8 -19 31 -16 -27 -10 -30 -4 48 -6 39 47 -29 42 44 -44 -3 46 -45 -26 -36 -1 56 53 -53 54 55 -25 -28 -38 -52 -51 -17 -62
right_child=1 5 4 8 9 10 13 21 17 24 -12 26 -14 -15 30 60 19 18 25 20 22 -23 -24 51 38 32 50 40 34 -31 -32 -33 -34 -35 36 -37 57 -39 -40 -41 -42 -43 43 45 -46 -47 -48 -49 -50 59 58 52 -54 -55 -56 -57 -58 -59 -60 -61 61 -63
leaf_value=-0.037725843993869981 -0.0005152828570227962 0.025889174698573218 0.009971781644355384 0.020074765898869622 -0.00034126355101257825 0.075418024962400826 0.01717715757068641 -0.026384125342760627 0.013628436923446896 -0.00099880797091180819 0.099177844780571497 0.039953960417154065 0.050995748874612196 0.057731687088271755 0.0012150217533640928 -0.013959999260828283 -0.04328030161800412 0.047643378829046831 0.01985154282006809 0.0068892646744646829 -0.027671434896235581 -0.013362167868727884 -0.016268652899705482 0.0619374191601436 0.0080506572138871468 0.060169686317158612 0.013985744738666584 0.024699499132542234 0.047287068215815665 0.071516028364744536 0.015048276107545172 0.011218261919171857 0.027702746552912317 0.036099948130197596 0.01172475339220495 -0.018646713785963245 0.025081588687960753 0.022488254930682575 0.0093562281409499213 0.040486170743838659 0.038724649285132237 0.055227699262544477 0.052190470209687881 0.026337565092890564 0.048432748437776452 0.043122844578235987 0.043419129383682725 0.034587681648826085 0.037300924173038867 -0.031462157390275754 0.021388484117278301 0.054301234975889186 0.086618996536472842 0.038723150233539172 0.066055718604005914 0.046458717498895657 0.032552530905861937 0.050279962282021827 0.031458753306270272 -0.037407517035640957 -0.015595673893106239 0.0010171443296629207
leaf_weight=91588 13970 2444 913 23166 5105 2339 6334 7810 849 591 873 3466 18494 669 6838 6679 1101 1765 910 664 7096 3686 5664 2162 928 777 753 6149 765 1005 6678 7218 550 2704 1808 652 929 627 782 1774 1874 1366 2717 2599 840 9315 1774 676 535 14880 6672 576 798 641 3976 2127 12884 662 3742 13048 1800 3232
leaf_count=91588 13970 2444 913 23166 5105 2339 6334 7810 849 591 873 3466 18494 669 6838 6679 1101 1765 910 664 7096 3686 5664 2162 928 777 753 6149 765 1005 6678 7218 550 2704 1808 652 929 627 782 1774 1874 1366 2717 2599 840 9315 1774 676 535 14880 6672 576 798 641 3976 2127 12884 662 3742 13048 1800 3232
internal_value=9.61173e-05 0.0301752 -0.029524 0.0205083 -0.00864261 0.0508883 0.0100252 -0.0356254 0.0277391 0.0116635 0.06566 0.0258802 0.0458414 0.0241369 0.00526407 -0.0163002 -0.0208187 0.0404653 0.0473168 -0.022848 -0.0211567 -0.0222165 -0.0226182 0.0633029 0.0230989 0.0359464 0.0301409 0.022117 0.0220746 0.056418 0.00915722 0.00635402 0.0468677 0.030757 0.0286508 -0.00197248 0.0249714 0.00217339 0.0265195 0.0304731 0.0279976 0.0413029 0.040323 0.0420349 0.0317204 0.0400008 0.0333087 0.0193073 0.0176318 -0.0369142 0.0287187 0.060511 0.0733169 0.0584953 0.0600044 0.0543243 0.0315328 0.0356911 0.0250203 -0.034246 -0.0100859 -0.00493502
internal_weight=336009 166713 169296 113672 38284 53041 46406 131012 67266 10483 13492 58706 39549 11702 34704 27801 16090 8560 5007 14525 13424 11496 12760 12619 4751 2237 27517 31189 11033 2770 20734 14056 1327 3553 4699 1565 3934 5732 4160 3378 8023 21055 19689 16405 3284 13688 4373 1604 2343 119516 24051 10280 1374 8906 8265 4289 13637 1591 10414 27928 11711 5032
internal_count=336009 166713 169296 113672 38284 53041 46406 131012 67266 10483 13492 58706 39549 11702 34704 27801 16090 8560 5007 14525 13424 11496 12760 12619 4751 2237 27517 31189 11033 2770 20734 14056 1327 3553 4699 1565 3934 5732 4160 3378 8023 21055 19689 16405 3284 13688 4373 1604 2343 119516 24051 10280 1374 8906 8265 4289 13637 1591 10414 27928 11711 5032
is_linear=0
shrinkage=0.03


Tree=34
num_leaves=63
num_cat=0
split_feature=1 1 2 1 2 1 2 1 5 2 1 2 1 2 2 5 1 4 1 23 1 4 25 7 2 18 7 31 16 19 18 2 23 29 5 4 5 1 19 23 32 23 23 32 26 25 26 23 26 23 1 32 31 23 23 26 19 16 29 32 25 18
split_gain=312194 31894.7 26616.8 7908.64 6543.39 4273.77 3057.41 2907.78 1334.81 1314.09 1256.76 1233.8 1033.42 856.902 615.571 665.423 583.371 563.476 507.301 475.292 465.068 408.551 389.345 438.998 385.346 374.901 368.778 556.397 529.377 449.147 367.194 367.074 361.96 344.87 333.315 322.835 317.042 310.38 309.833 304.665 304.032 299.917 295.521 287.199 285.79 279.251 295.015 275.723 274.703 273.743 296.443 273.098 300.956 263.7 338.028 260.679 306.1 253.959 251.653 265.33 249.624 244.7
threshold=0.91629074379508402 2.8742003996605909 0.31003417874874734 1.9190152319085572 1.4220610285474935 3.7536527174678422 2.002321183191667 0.22316892147771508 1.2808433483002077 3.0793821508762971 0.58087391901449981 2.0893392622170555 1.3397157092474539 2.6358809109737042 4.1813182443253583 0.85460566359260415 2.4719625028417709 0.974134799286274 0.54255517987695989 -0.69174588062027931 4.4690025878997881 2.4173752888409648 2.4652421584613227 2.9511739858110029 2.813319969497218 583.03248182830828 2.4895739395974492 0.9587680882576578 16.900000000000002 8.6371977438490841 691.9795920360566 3.6583312675088133 -0.042903177641794764 0.1836773534595661 1.1868640817134419 0.14737631639502233 0.4936675123750483 4.7568862410327446 5.6010034669341282 0.97516411509186673 0.022219004642296532 0.79462857753386984 -0.051478754770346226 1.0000000180025095e-35 127.12684478759762 13.558187480587314 60.8990795135498 0.1283936251113518 38.744190597534178 0.99466323211226848 0.089737579203513773 0.05616174456218196 1.9355749147862429 -0.54389891703310034 0.094275748646527283 25.334101438522314 2.5703227282623566 12.200000000000001 0.55642315151173627 -0.68357624697897257 12.411586490357598 361.22138282094005
decision_type=2 2 2 2 2 2 2 2 2 2 2 2 2 2 2 2 2 2 2 2 2 2 2 10 2 2 10 2 2 2 2 2 2 2 2 2 2 2 2 2 2 2 2 2 2 2 2 2 2 2 2 2 2 2 2 2 2 2 2 2 2 2
left_child=2 3 7 6 10 14 12 35 20 16 17 22 42 -8 15 21 43 49 -9 -15 -7 30 -6 -24 38 -14 28 -28 39 55 45 53 -12 40 -18 -1 -22 -10 -13 41 -25 -19 61 -5 -23 -3 -47 48 51 50 -4 52 -27 -11 -55 57 -57 -29 -35 -60 -44 -2
right_child=1 5 4 9 11 8 13 18 37 31 32 24 25 19 -16 -17 34 26 -20 -21 36 44 23 33 -26 47 27 29 -30 -31 -32 -33 -34 58 -36 -37 -38 -39 -40 -41 -42 -43 60 -45 -46 46 -48 -49 -50 -51 -52 -53 -54 54 -56 56 -58 -59 59 -61 -62 -63
leaf_value=-0.036580793493111267 0.0039379002865314811 0.044596888278065697 -0.030224065623266953 0.023034964451003847 -0.01717317674050171 0.055629673989213042 0.02121526577569214 -0.023864844428406227 0.076992335440053308 0.030325898317423137 -0.0097436623277607215 0.017803543805503995 0.015497016806491321 0.024606767031590638 0.076160823814135192 0.05226944885402264 0.030460773628855811 -0.0062378135555013706 -0.0098591299308976778 0.048781267192177506 0.060127928819396409 0.042440303780143976 0.029166642109055563 -0.0053006967366166901 0.048096570865838614 0.0053600852763907901 -0.026207262343332306 -0.033184864171795066 0.01244093323509458 0.013815045612557942 0.018646026811405498 0.065214320716840399 0.0021763322664113513 0.027517080921233401 0.046029675527352411 -0.032904914347444407 0.079381845676442353 0.10553579426184297 0.042778664142918699 0.0057828427771909521 0.01967348062336027 -0.032793421891036921 0.006094890288438402 0.029418731536774247 0.057863363412847924 0.021959786228406844 0.038032193885280501 0.016413926709027957 0.017383082084082315 -0.0015088701786860677 -0.019663423820455068 0.016019281136841083 -0.013236911601766337 0.058660156442355414 0.034203553085479219 0.0029657013026670185 -0.016369211726392847 -0.012216131088958035 -0.0033121643206604373 0.019332738066721186 0.022898700637840261 -0.0051584293626125016
leaf_weight=92434 6931 3303 4283 21724 626 12277 8741 7448 1502 1333 5816 2609 16242 1208 508 5621 18854 724 3400 1928 1953 18072 742 2893 618 1513 3449 964 1060 588 1031 693 3780 754 1343 28823 1444 515 540 540 512 814 6121 9105 1190 1502 3448 2023 979 500 5543 735 1614 1153 964 1287 1715 1142 1020 850 911 4314
leaf_count=92434 6931 3303 4283 21724 626 12277 8741 7448 1502 1333 5816 2609 16242 1208 508 5621 18854 724 3400 1928 1953 18072 742 2893 618 1513 3449 964 1060 588 1031 693 3780 754 1343 28823 1444 515 540 540 512 814 6121 9105 1190 1502 3448 2023 979 500 5543 735 1614 1153 964 1287 1715 1142 1020 850 911 4314
internal_value=-1.20398e-05 0.0301842 -0.0276823 0.0208973 -0.00728918 0.0494099 0.0126494 -0.0343767 0.0614209 0.0288579 -0.0141496 0.0124987 0.00879674 0.0260639 0.043274 0.0427739 0.0275331 -0.01801 -0.0194817 0.0395231 0.058422 0.0408953 0.00537435 0.00747008 0.0264626 0.0130125 -0.0136575 -0.0167015 -0.00477376 -0.0109277 0.0356618 0.0451223 -0.00504952 0.00477788 0.0315072 -0.0357084 0.068417 0.0845233 0.0221474 -0.0135639 -0.00152206 -0.0203533 0.00346497 0.0249248 0.0434079 0.0377749 0.0331824 0.00712661 0.00323262 -0.0231783 -0.0242797 -0.0003723 -0.00424456 0.0409979 0.0476304 -0.0137867 -0.00808891 -0.0218702 0.0129403 0.00700508 0.00828656 0.000447468
internal_weight=336269 160795 175474 108429 43369 52366 53260 132105 17691 55169 32205 11164 41383 11877 34675 34167 51026 22609 10848 3136 15674 28546 7397 6771 3767 23106 12283 9145 3138 5696 9284 4143 9596 6029 20197 121257 3397 2017 3149 2078 3405 1538 18277 30829 19262 8253 4950 6864 4841 10326 9826 3862 3127 3450 2117 5108 3002 2106 2624 1870 7032 11245
internal_count=336269 160795 175474 108429 43369 52366 53260 132105 17691 55169 32205 11164 41383 11877 34675 34167 51026 22609 10848 3136 15674 28546 7397 6771 3767 23106 12283 9145 3138 5696 9284 4143 9596 6029 20197 121257 3397 2017 3149 2078 3405 1538 18277 30829 19262 8253 4950 6864 4841 10326 9826 3862 3127 3450 2117 5108 3002 2106 2624 1870 7032 11245
is_linear=0
shrinkage=0.03


Tree=35
num_leaves=63
num_cat=1
split_feature=1 1 3 1 1 3 1 3 5 5 1 31 5 1 24 20 1 32 22 13 24 1 27 31 1 23 5 27 24 16 24 31 24 24 24 5 24 3 23 23 16 18 1 24 16 20 23 24 24 18 23 8 6 20 24 32 23 24 26 28 18 13
split_gain=293625 32586.9 21120.9 7917.55 4558.53 4121.18 3781.07 2524.7 1574.68 1360.94 1291.55 1156.29 907.485 776.684 684.68 671.484 636.885 610.386 755.627 581.682 509.18 503.425 492.252 519.606 451.58 421.83 390.202 360.765 514.594 681.614 434.736 366.582 350.847 349.838 615.313 344.267 344.08 340.602 440.313 336.58 333.787 321.429 320.356 319.46 332.335 314.962 310.269 539.642 422.967 376.938 308.302 287.885 279.917 279.344 276.554 274.722 272.71 261.843 329.442 307.669 261.294 261.011
threshold=0.79298018086260391 2.7644758707224981 0.78205882513325753 1.6484564126970387 3.7248305732691009 1.6735921835187997 0.1857438529189438 1.7442082121853819 -0.82588641651910433 1.2808433483002077 2.0940930682127603 1.2073792729196759 -1.4276096404118854 3.2524784816627186 0.77873524214322021 40.299461206478959 0.42570936678934884 -1.3397536980980507 0 1.5029525892764648 -0.93262014971044682 1.070401381955193 0.074731182795698944 1.8757975794386275 4.40161869695691 0.58637393129089799 -2.4534710099539589 0.023118279569892475 -0.73385833101097553 9.7500000000000018 -0.20454453068330639 1.1643424018538722 0.37672789363518527 -0.77873524214321999 -0.60703521118548998 -0.84843873281483184 0.25466173847491447 0.14405326918305214 0.99863729997741479 0.094275748646527283 10.650000000000002 583.03248182830828 4.2813435207769075 -0.8982586596074329 15.350000000000001 37.232655154541476 -0.83440738405450643 -0.30410362911654215 -0.71010885522459943 637.19260424194351 -0.40828930082137055 -3.9233142840079367 8.5000000000000018 29.947675969211883 -0.77873524214321999 -1.2345705023673161 0.46238297290351504 -0.99904236206516772 127.12684478759762 -0.11357900553847343 41.853209403187257 2.0038523556015932
decision_type=2 2 2 2 2 2 2 2 2 2 2 2 2 2 2 2 2 2 1 2 2 2 2 2 2 2 2 2 2 2 2 2 2 2 2 2 2 2 2 2 2 2 2 2 2 2 2 2 2 2 2 8 2 2 2 2 2 2 2 2 2 2
left_child=2 3 6 7 13 14 37 21 33 24 61 52 54 35 17 19 -8 43 20 51 -19 -2 23 60 -6 -25 -21 28 -22 30 -30 -31 45 53 -35 -3 -28 -1 -39 50 -20 -23 -11 -4 -45 56 47 -37 -48 -49 -26 -13 -7 -5 -9 -54 -12 -15 59 -59 -14 -10
right_child=1 4 5 8 9 11 16 12 10 42 32 15 22 57 -16 -17 -18 18 40 26 27 41 -24 25 39 -27 36 -29 29 31 -32 -33 -34 34 -36 46 -38 38 -40 -41 -42 -43 -44 44 -46 -47 48 49 -50 -51 -52 -53 55 -55 -56 -57 -58 58 -60 -61 -62 -63
leaf_value=-0.035405925822043917 -0.0022468858928818688 0.061891139992986705 0.00082154100823603313 0.035469327727890389 0.052823772105496623 -0.025362526493131362 -0.02501992900952563 0.050470470148414569 0.016498583843544908 0.068791477356200254 0.027289244882463301 0.011367131298133453 -0.0010707027694630558 0.024703030377189374 -0.027370884965978087 0.041483371800495029 -0.013556171370962662 0.026473794222018752 -0.030309324859990206 0.03845332848411611 0.024067757852409839 0.0089466638430446763 0.037589308214701814 0.016883163839536083 0.074019256945110246 0.044211706039863165 0.017921069728481915 -0.024787347531773009 -0.0019675442174020875 -0.019201505895205258 0.028046179202543077 0.0001410601886930134 0.037209969263420815 0.011985210432968241 0.04908108337417548 0.021077949372994856 -0.0041697405819736775 -0.031942954729526928 -0.0069829361367046384 0.087896000344776404 -0.012137456100273902 3.9021938355456066e-05 0.093556385374271134 -0.015941476899171171 -0.03440020546394857 0.022148961933600584 0.036092415199318037 0.04309138451993752 0.047489619011780171 0.015868343578236046 0.054676387403695272 -0.012545363175308199 -0.017281494763472842 0.059477540005565196 0.026917216925221279 0.011763889100662303 0.036954515111035459 0.050065619344192756 0.065652335551920141 0.041212284749539974 0.012364032817209523 0.023473558322385003
leaf_weight=100367 10051 501 529 663 12369 709 9590 839 16570 1023 21045 806 2251 532 2569 804 8042 551 1098 697 646 11861 847 8097 1171 540 4030 637 990 2210 768 1465 3128 700 955 2834 751 20261 660 510 5304 5263 1065 1998 1585 9995 12855 2920 3888 552 2415 1022 535 1469 1013 636 3054 6971 787 7714 3086 6879
leaf_count=100367 10051 501 529 663 12369 709 9590 839 16570 1023 21045 806 2251 532 2569 804 8042 551 1098 697 646 11861 847 8097 1171 540 4030 637 990 2210 768 1465 3128 700 955 2834 751 20261 660 510 5304 5263 1065 1998 1585 9995 12855 2920 3888 552 2415 1022 535 1469 1013 636 3054 6971 787 7714 3086 6879
internal_value=-1.36774e-05 0.0282831 -0.0278345 0.0185578 0.0464069 -0.00515703 -0.0327869 0.0087219 0.0252476 0.058686 0.0240722 0.0106201 0.0179104 0.0406406 -0.0129029 0.0155327 -0.0197966 -0.0108054 -0.00775171 0.0126505 -0.00111617 0.00308212 0.0154263 0.01407 0.0557542 0.0186164 0.0175366 -0.0033994 -0.00113969 -0.00415631 0.0111866 -0.0115011 0.0275486 0.0440218 0.0334743 0.0371498 0.0144503 -0.0346744 -0.0311574 0.0645282 -0.0152515 0.00620974 0.0816163 -0.0209348 -0.0241436 0.0266569 0.0365987 0.0308543 0.0387524 0.0387923 0.061087 -0.00199964 -0.0105571 0.052112 0.0376946 -0.00152326 0.0285215 0.0457641 0.0464801 0.0454306 0.00670193 0.0185493
internal_weight=335673 166413 169260 108306 58107 30340 138920 43848 64458 18553 60671 9990 16673 39554 20350 8110 17632 17781 13669 7306 7267 27175 14821 13974 16465 8637 5478 6716 6079 5433 1758 3675 37222 3787 1655 23550 4781 121288 20921 4096 6402 17124 2088 4112 3583 34094 23049 6306 16743 3472 3586 1828 1880 2132 1852 1171 24099 16004 15472 14685 5337 23449
internal_count=335673 166413 169260 108306 58107 30340 138920 43848 64458 18553 60671 9990 16673 39554 20350 8110 17632 17781 13669 7306 7267 27175 14821 13974 16465 8637 5478 6716 6079 5433 1758 3675 37222 3787 1655 23550 4781 121288 20921 4096 6402 17124 2088 4112 3583 34094 23049 6306 16743 3472 3586 1828 1880 2132 1852 1171 24099 16004 15472 14685 5337 23449
cat_boundaries=0 1
cat_threshold=17
is_linear=0
shrinkage=0.03


Tree=36
num_leaves=63
num_cat=1
split_feature=1 1 2 1 2 1 1 2 1 2 5 1 4 2 2 24 1 7 1 13 26 2 24 2 5 4 5 16 24 24 7 1 28 26 24 24 24 25 32 5 23 7 16 23 24 32 23 22 24 23 13 23 24 17 23 16 25 26 19 23 4 32
split_gain=276021 33626.7 17713.8 6454.73 6445.47 4036.39 3900.46 2689.81 1757.06 1340.54 1032.02 769.775 708.529 651.59 574.878 530.097 506.961 502.96 494.899 486.632 459.698 411.233 409.873 404.989 374.206 347.869 341.991 341.029 354.365 348.982 338.597 338.512 326.055 323.861 477.103 418.985 437.755 323.491 537.983 320.457 303.985 350.278 301.241 290.162 463.742 297.223 301.518 294.093 285.75 540.719 272.004 268.315 435.345 372.31 386.381 266.927 262.961 262.457 258.543 252.262 255.682 250.506
threshold=0.6931471842852357 2.5021014733873388 0.80647585948073652 3.3392382371244618 2.064989111574286 0.1857438529189438 1.423073596750432 1.7474115758906208 4.0867267977357287 3.0389727748561328 0.61842687703095023 1.9629372736191468 0.68096308559926766 1.3604457243516117 3.9823064597849571 -0.99550911953113219 2.9729378510615185 18.174740576548562 0.36303941099773923 1.9566768326385497 18.2065659046173 2.7819097433271911 0.52211334636400808 2.6358809109737042 1.0179565718695893 3.901888492763165 1.2332470453008615 10.250000000000002 0.37672789363518527 -0.99815866078541837 2.9511739858110029 0.9915146303373098 0.15207191970260253 94.283443069458002 -0.99904236206516772 -0.73385833101097553 -0.56532384738233998 16.851755244336946 -0.059260899689604497 0.71592394458003861 0.094275748646527283 30.519935464004586 18.450000000000003 -0.86167001593038528 -0.23802450821255547 -0.16793127257859333 -0.11988119229922731 0 -0.84831994561267254 0.62729398729515495 1.1444449833251094 0.1283936251113518 -0.25466173847491491 73.950000000000017 -0.90199700731761212 10.250000000000002 9.9571286079463786 25.073710823059063 8.6371977438490841 -0.65365639399891895 2.158386023573891 -0.716970682638714
decision_type=2 2 2 2 2 2 2 2 2 2 2 2 2 2 2 2 2 8 2 2 2 2 2 2 2 2 2 2 2 2 10 2 2 2 2 2 2 2 2 2 2 10 2 2 2 2 2 1 2 2 2 2 2 2 2 2 2 2 2 2 2 2
left_child=2 4 5 14 6 12 13 15 24 17 40 51 -1 31 16 -4 26 23 -7 -17 -9 -22 61 27 33 -12 43 28 -6 -29 -15 -2 -25 35 -35 -5 -37 -11 -39 50 41 -10 57 44 -3 -45 56 -46 55 -50 -13 52 53 54 -8 -48 -47 -21 -18 -19 -61 -14
right_child=1 3 7 8 9 18 11 20 10 37 25 39 22 30 -16 19 58 59 -20 42 21 -23 -24 32 -26 -27 -28 29 -30 -31 -32 -33 -34 34 -36 36 -38 38 -40 -41 -42 -43 -44 45 47 46 48 -49 49 -51 -52 -53 -54 -55 -56 -57 -58 -59 -60 60 -62 -63
leaf_value=-0.033917065853894528 -0.0039861894236382566 0.015826153528058731 0.022400870816835949 0.03899058110505469 0.015846899412251609 -0.024149845846503856 -0.02525367843829333 -0.0089646328036906194 0.049059438349881739 0.035616386071684887 0.071433525095821807 0.0077706201650059627 -0.025913965477231231 0.02533732050895874 0.066370647631299753 -0.011192863008476366 0.039255834846044557 0.0074584283403237349 -0.014628258128795696 -0.015766136241495352 0.017856080260990052 0.046556341193358199 -0.036490634060882619 0.028224544575505106 0.057690926539982666 0.098160306980085724 0.045925932786677795 0.049262537920762663 0.037005631490980559 0.025831340933869001 0.0072430087933477152 0.0032398838516767819 0.044332872647106662 0.027937972770215248 0.05600069976074281 0.061688450927645605 0.043206414768717331 0.04008686271284647 0.077133883643612261 0.029116383200968061 0.076941429236146677 0.066246162071343387 0.024064201714689506 0.028956596367864046 0.037649604192054771 0.034197309296833019 0.0029738496454499129 0.018840792256336655 0.061344561823366089 0.027238363454245063 0.021705985463808232 0.018610861649344446 0.016728920526053268 0.010530017703214928 0.0033772752688265711 0.030454848554838345 0.048740187811724067 0.0090609178281084515 0.023093457122462829 0.0072758425831829085 0.033307695411539898 -0.014168434570872015
leaf_weight=116211 10937 2809 514 8074 5750 8717 559 511 4451 1482 3028 1539 4851 1052 500 10410 14702 2138 11347 687 4299 500 2302 3522 2861 563 1390 604 813 11634 7884 12495 1707 641 4358 1887 3203 867 620 4542 567 1483 532 9687 2602 2215 555 1179 582 1524 7156 6466 7183 6030 1708 744 2426 854 975 544 914 2498
leaf_count=116211 10937 2809 514 8074 5750 8717 559 511 4451 1482 3028 1539 4851 1052 500 10410 14702 2138 11347 687 4299 500 2302 3522 2861 563 1390 604 813 11634 7884 12495 1707 641 4358 1887 3203 867 620 4542 567 1483 532 9687 2602 2215 555 1179 582 1524 7156 6466 7183 6030 1708 744 2426 854 975 544 914 2498
internal_value=-2.00066e-06 0.0266576 -0.0277847 0.0420752 0.0151876 -0.0312743 0.0100124 3.19896e-05 0.0524293 0.0266105 0.062752 0.0169261 -0.0332668 0.00249601 0.0343787 -0.00731826 0.0339843 0.0245433 -0.01877 -0.00855045 0.0180128 0.0208917 -0.0254231 0.0261106 0.0474605 0.0757544 0.0313715 0.0240413 0.0184941 0.0270074 0.00938616 -0.000133052 0.0335204 0.0458336 0.0524338 0.0433082 0.050112 0.045772 0.0557402 0.0226421 0.055517 0.0534068 0.00471397 0.0305305 0.0251038 0.0325395 0.0368325 0.0319664 0.029951 0.0367867 0.0192453 0.0134741 0.0113231 0.00663585 -0.00372262 0.01877 0.0418436 -0.00202253 0.0382583 0.0140482 0.0236529 -0.0219339
internal_weight=335385 171152 164233 73006 98146 145926 67551 18307 31116 30595 10092 35183 125862 32368 41890 12997 41390 27626 20064 12483 5310 4799 9651 24030 21024 3591 25713 18801 6563 12238 8936 23432 5229 18163 4999 13164 5090 2969 1487 13237 6501 5934 2073 24323 6590 17733 8046 3781 3405 2106 8695 21946 15480 8297 2267 1299 4641 1541 15677 3596 1458 7349
internal_count=335385 171152 164233 73006 98146 145926 67551 18307 31116 30595 10092 35183 125862 32368 41890 12997 41390 27626 20064 12483 5310 4799 9651 24030 21024 3591 25713 18801 6563 12238 8936 23432 5229 18163 4999 13164 5090 2969 1487 13237 6501 5934 2073 24323 6590 17733 8046 3781 3405 2106 8695 21946 15480 8297 2267 1299 4641 1541 15677 3596 1458 7349
cat_boundaries=0 1
cat_threshold=5
is_linear=0
shrinkage=0.03


Tree=37
num_leaves=63
num_cat=1
split_feature=1 1 2 1 2 2 1 1 2 5 24 1 1 2 1 2 1 31 25 1 7 27 7 26 5 24 19 24 24 13 32 2 13 24 24 18 32 32 29 24 24 24 16 29 31 30 18 2 5 26 16 24 5 24 24 19 24 16 24 27 31 5
split_gain=261049 29425 17289.1 6125.74 5755.48 3706.43 3476.87 2980.19 1514.21 1433.83 805.782 776.909 706.838 647.327 633.194 607.297 514.214 488.556 453.887 441.893 436.491 387.355 386.849 492.457 384.94 372.066 387.86 365.367 546.842 366.792 361.677 349.275 345.917 341.674 381.922 341.183 336.979 336.895 505.662 381.445 728.173 486.845 315.512 302.774 352.894 298.013 310.915 296.736 295.561 293.02 363.216 302.05 291.166 285.69 264.584 262.569 261.959 516.388 459.976 326.945 287.267 251.105
threshold=0.75936310677040109 2.4853188704083755 0.59630013930973835 3.4363998887236114 2.0135656321668209 1.8780037666810316 0.1857438529189438 1.4724720661102479 3.0389727748561328 1.2808433483002077 -0.99815866078541837 4.0867267977357287 2.8742003996605909 1.2558360982465546 2.0070720335047079 1.3604457243516117 0.39208914962665514 1.4999249042398113 1.804996410614528 4.2813435207769075 2.0816104444599062 0.14032258064516132 19.499057653496084 97.085345458984378 0.46465076060914806 -0.97322851985520697 3.580189827618049 -0.66012780149078443 0.64713682673509043 1.2350018859849314 -0.61491750964217473 3.4374903888725643 1.5279727003785919 -0.5510813381777947 -0.71010885522459943 189.61365123276713 -0.041169588262951397 0.014890967946666002 1.6641722339275355 -0.72208999473568902 -0.8099950225495034 -0.60703521118548998 16.900000000000002 0.030158821736771958 2.7326321147191819 0 748.84348699455279 3.1379445020633434 0.35981371535120826 19.45810585021972 10.250000000000002 -0.57240397273781507 1.1868640817134419 0.77873524214322021 -0.99374406038856444 3.580189827618049 -0.72208999473568902 18.000000000000004 -0.56532384738233998 0.13924731182795699 3.5912393499179838 0.47241611350734464
decision_type=2 2 2 2 2 2 2 2 2 2 2 2 2 2 2 2 2 2 2 2 10 2 8 2 2 2 2 2 2 2 2 2 2 2 2 2 2 2 2 2 2 2 2 2 2 1 2 2 2 2 2 2 2 2 2 2 2 2 2 2 2 2
left_child=2 4 6 12 7 10 18 15 22 11 -4 56 47 20 45 35 -8 -7 -1 -11 49 25 23 37 -13 42 -27 29 36 -15 -20 -10 -22 34 -28 -2 -29 -6 39 40 -39 -41 -14 44 -19 -9 55 52 -35 51 -51 -12 -3 -34 -16 -47 57 59 -58 60 61 -5
right_child=1 3 5 9 8 17 16 14 31 19 13 24 21 27 54 -17 -18 43 30 -21 32 -23 -24 -25 -26 26 33 28 -30 -31 -32 -33 53 48 -36 -37 -38 38 -40 41 -42 -43 -44 -45 -46 46 -48 -49 -50 50 -52 -53 -54 -55 -56 -57 58 -59 -60 -61 -62 -63
leaf_value=-0.033211730322544736 0.0040087568974901677 0.027787592143234108 0.025594320891107625 0.029505787517163609 0.021049708890193662 -0.0061744691553263743 -0.023368859533524446 0.017766953876027568 0.039310426937069494 0.062394043986879338 0.0047259006888423797 0.051706898242561083 0.022497622229541651 -0.025917406209554725 0.0041782700867354699 0.0098091306888466213 -0.013289362900385496 0.01144799298117237 -0.029084192497101511 0.087874104553335136 -0.019695906744924632 0.050890164944827176 0.013111039178792227 0.048476783899621005 0.064975922011512935 0.04154787214895244 0.032784912582527775 0.0040678149637487504 -0.022314035019453875 -0.0031031014215206014 -0.010231009340199408 0.062549466308924231 -0.0016993319510115107 0.014713185049572501 0.052499850100521925 -0.0035240450640386029 0.030110645202256096 0.025812638880839407 0.055328002096046762 0.0087546660183759478 0.058292842895715451 0.027189307146260212 0.042612032639112715 0.034093088387867426 0.039458224542700412 0.0091911133171382019 -0.00038159639001153863 0.040642075027646184 0.034532353323359723 0.024389072632013942 -0.0078464377436660709 -0.020189238037042572 0.042748684565432071 -0.026843846208083697 0.02374588784139809 0.019506230027244432 0.064281895018207108 0.05533569363728167 0.044082648168538269 0.050314635421069925 0.052576106441083535 0.042241797617428051
leaf_weight=104748 11779 18472 576 3925 15345 548 9283 8326 2050 1682 671 5605 2825 947 667 9008 8999 1958 17733 1060 8351 1794 2950 755 3247 11382 3862 2712 618 1905 973 846 1966 1440 1172 10002 531 2153 578 1743 879 5018 945 1605 508 6909 2012 2125 1296 582 674 1247 1266 508 9708 3283 1673 2438 2782 2045 891 2241
leaf_count=104748 11779 18472 576 3925 15345 548 9283 8326 2050 1682 671 5605 2825 947 667 9008 8999 1958 17733 1060 8351 1794 2950 755 3247 11382 3862 2712 618 1905 973 846 1966 1440 1172 10002 531 2153 578 1743 879 5018 945 1605 508 6909 2012 2125 1296 582 674 1247 1266 508 9708 3283 1673 2438 2782 2045 891 2241
internal_value=-2.00185e-05 0.0263875 -0.026512 0.0405149 0.0152404 -0.00397665 -0.0306308 0.00986671 0.0254958 0.051722 -0.00926281 0.0494275 0.0338721 -0.0102381 0.0164472 0.00325985 -0.0184124 0.0203698 -0.0324394 0.0723861 -0.0139098 0.0373596 0.0234508 0.0246004 0.056608 0.0362897 0.0379947 -0.00257672 0.00343764 -0.0107106 -0.0281065 0.0461953 -0.0167774 0.0327664 0.0374224 0.000549622 0.00837179 0.0238902 0.0280807 0.0264452 0.0353094 0.0224468 0.0275893 0.0239461 0.0172863 0.0133884 0.0103951 0.0299219 0.0241471 -0.00411877 0.0071282 -0.0114832 0.0287578 -0.00690612 0.0224905 0.0125217 0.0454372 0.0429858 0.0517317 0.0396493 0.0365252 0.0341651
internal_weight=335822 168179 167643 74168 94011 25907 141736 61694 32317 27589 21288 24847 46579 20712 30905 30789 18282 4619 123454 2742 13999 24716 29421 26471 8852 22922 19152 6713 3861 2852 18706 2896 10825 7770 5034 21781 3243 25716 10371 9793 3032 6761 3770 4071 2466 20530 12204 21863 2736 3174 1256 1918 19738 2474 10375 10192 15995 11540 4455 9102 7057 6166
internal_count=335822 168179 167643 74168 94011 25907 141736 61694 32317 27589 21288 24847 46579 20712 30905 30789 18282 4619 123454 2742 13999 24716 29421 26471 8852 22922 19152 6713 3861 2852 18706 2896 10825 7770 5034 21781 3243 25716 10371 9793 3032 6761 3770 4071 2466 20530 12204 21863 2736 3174 1256 1918 19738 2474 10375 10192 15995 11540 4455 9102 7057 6166
cat_boundaries=0 1
cat_threshold=1
is_linear=0
shrinkage=0.03


Tree=38
num_leaves=63
num_cat=2
split_feature=2 2 5 5 2 2 2 5 5 5 5 2 2 5 5 13 5 27 23 23 32 30 26 23 24 26 18 5 24 23 24 26 5 18 23 23 25 23 5 24 23 26 24 31 23 2 21 32 24 23 18 23 31 2 4 25 23 24 24 4 24 34
split_gain=234864 25882.9 16545.5 8469.79 5499.85 5448 3994.49 3583.79 2578.14 1401.78 1114.61 1113.99 997.791 970.724 853.587 787.511 697.279 648.154 498.848 607.223 501.829 963.16 586.793 669.678 633.945 550.67 608.329 474.056 973.672 868.495 1160.39 467.717 467.109 465.191 456.153 456.079 735.18 435.987 408.072 383.941 376.482 606.668 459.478 444.431 370.032 365.859 361.151 360.724 856.799 373.492 355.165 346.98 528.791 342.641 332.883 327.291 358.975 319.77 320.663 317.3 312.282 308.533
threshold=0.87546673594021029 2.262547136306662 0.31993551133472392 0.68559713487019391 0.18976397984103835 3.1772518474855422 1.4060193890775772 0.47241611350734464 1.0179565718695893 0.51502866469111386 1.2332470453008615 3.8932853743240874 0.18976397984103835 -0.19959347246256301 1.3350820746125569 1.9566768326385497 -0.1709869078051808 0.072580645161290328 -0.92632396825149488 -0.97881962527324673 -0.0038134801427016636 0 60.8990795135498 0.52941438753421288 -0.98376170968447474 104.44958744049073 128.21944362209894 -0.34463889907503792 -0.99815866078541837 -0.82482438823869786 -0.30410362911654215 44.886652278900151 1.8418761201944653 583.03248182830828 0.67924831531502439 0.58637393129089799 5.8632327313304602 0.36075750887067765 -1.0604984746389847 0.85728304567511382 0.69174588062027964 56.278158760070774 -0.86599350048911161 2.6521862995860688 -0.13690605792347518 0.61283594149563214 11.930268354133128 -1.1259900067348807 -0.73385833101097553 0.44709379298511415 361.22138282094005 0.094275748646527283 3.5912393499179838 1.4630145700916726 1.2588322231611493 17.283627578984667 0.36075750887067765 -0.8982586596074329 -0.79980977965991029 3.4907738458761517 -0.13690101447512068 1
decision_type=2 2 2 2 2 2 2 2 2 2 2 2 2 2 2 2 2 2 2 2 2 1 2 2 2 2 2 2 2 2 2 2 2 2 2 2 2 2 2 2 2 2 2 2 2 2 2 2 2 2 2 2 2 2 2 2 2 2 2 2 2 9
left_child=2 3 4 6 -1 7 13 18 12 11 53 51 -4 57 -9 27 39 -17 19 -3 22 -22 23 31 25 26 -24 28 -8 30 -30 -20 -10 -29 35 -23 -37 46 -13 47 41 43 -43 -31 -33 -18 -26 49 -49 60 -15 52 61 -5 -52 56 -35 -2 -59 -11 -6 -7
right_child=1 5 8 10 16 9 15 14 32 59 -12 38 -14 50 -16 17 45 -19 20 -21 21 34 24 -25 37 -27 -28 33 29 40 -32 44 -34 55 -36 36 -38 -39 -40 -41 -42 42 -44 -45 -46 -47 -48 48 -50 -51 54 -53 -54 -55 -56 -57 -58 58 -60 -61 -62 -63
leaf_value=-0.031631831108878641 0.0035887432977702322 0.029184483458576823 -0.013737472877700585 0.022205556424007258 -0.025139885143877102 0.032139065465909375 0.046544196861026087 0.043464791259619232 0.018316949073082012 0.056531852607359857 0.04877408388170127 0.077402435065945602 0.0031107818897782957 0.008094807322925451 0.071943289272925023 0.018132745713128062 -0.015329523513070627 0.052618193913188824 0.02773506277300852 0.013129640524130858 0.067538526237181762 0.031190294559751652 0.027638569908917901 0.045984437750800827 0.015767207998080273 0.064322796965088816 0.064369374053139375 0.016670044001776518 0.036143966913952039 -0.017064788505553204 0.0020482126562537946 0.019163451850348005 0.045014689443140056 0.001612340187856178 0.017998831518754376 0.02327060639810713 0.069311428310181875 0.044045031749762993 0.050519761573359814 -0.0348985122033377 0.014669665455811476 0.022265103508054399 -0.0084696548965275849 0.0091927741460718099 0.0044597384247244253 -0.0048379840323870054 0.028943243479184543 0.012094332984498432 -0.019127636310461556 -0.03620952619831929 -0.00817575016500224 0.031546759624064377 0.065059526479399707 0.034230072248163483 0.0068264832762430887 0.029864277097077552 0.023268079181043639 -0.027055717604697393 -0.0082141107200454037 0.075283354986103931 -0.0064118530587868143 0.043214149406223812
leaf_weight=120721 1843 3837 5617 3611 2744 3626 503 9232 3418 2354 3839 555 7231 8380 1067 15681 8715 503 3032 4766 682 10140 2163 836 3329 724 501 14504 1479 3140 2278 3958 713 4819 2074 543 753 1033 8936 1667 968 1005 769 708 2526 4563 4347 925 5338 1816 3104 4079 824 5376 2323 503 799 901 8048 1372 1137 8969
leaf_count=120721 1843 3837 5617 3611 2744 3626 503 9232 3418 2354 3839 555 7231 8380 1067 15681 8715 503 3032 4766 682 10140 2163 836 3329 724 501 14504 1479 3140 2278 3958 713 4819 2074 543 753 1033 8936 1667 968 1005 769 708 2526 4563 4347 925 5338 1816 3104 4079 824 5376 2323 503 799 901 8048 1372 1137 8969
internal_value=-8.07727e-05 0.0245046 -0.0256724 0.0127634 -0.0288979 0.0360846 0.00877423 0.0304723 0.00237265 0.046227 0.0352252 0.0438271 -0.00425756 -0.00104374 0.0464487 0.0138413 -0.0166274 0.0192205 0.0268309 0.020303 0.0283606 0.032791 0.025553 0.0202893 0.0300471 0.0410795 0.0346539 0.0110728 0.0059926 0.00399973 0.0155007 0.018009 0.0229738 0.0137432 0.0310126 0.0333639 0.0501847 0.0257342 0.0521317 -0.0213961 -0.00256383 -0.00554151 0.00895573 -0.012228 0.0134431 -0.0117273 0.0232429 -0.0195003 -0.0145104 -0.0249683 0.00422449 0.039309 0.0416559 0.0294136 -0.00175375 0.00679995 0.0047102 -0.0077826 -0.0101252 0.0635282 -0.0196685 0.0400995
internal_weight=335947 171342 164605 85084 147626 86258 72258 55543 16979 30715 12826 26989 12848 24599 10299 47659 26905 16184 45244 8603 36641 14192 22449 10352 12097 3388 2664 31475 10850 10347 3757 9516 4131 20625 13510 11436 1296 8709 9491 13627 6590 5622 1774 3848 6484 13278 7676 11960 6263 5697 13807 17498 13419 8987 5427 6121 5618 10792 8949 3726 3881 12595
internal_count=335947 171342 164605 85084 147626 86258 72258 55543 16979 30715 12826 26989 12848 24599 10299 47659 26905 16184 45244 8603 36641 14192 22449 10352 12097 3388 2664 31475 10850 10347 3757 9516 4131 20625 13510 11436 1296 8709 9491 13627 6590 5622 1774 3848 6484 13278 7676 11960 6263 5697 13807 17498 13419 8987 5427 6121 5618 10792 8949 3726 3881 12595
cat_boundaries=0 1 2
cat_threshold=4 1089
is_linear=0
shrinkage=0.03


Tree=39
num_leaves=63
num_cat=2
split_feature=1 1 3 1 1 2 1 2 2 1 1 24 1 2 2 2 3 1 1 2 24 16 13 7 31 18 19 19 2 24 24 16 24 27 25 20 24 30 1 25 24 24 24 4 24 24 27 7 30 24 24 21 16 19 24 24 31 18 25 24 27 27
split_gain=231239 28118.9 14476.6 5646.57 4952.96 2920.4 2610.5 2359.74 1576 1462.37 755.332 727.783 613.333 563.344 559.745 540.42 515.812 471.893 438.466 431.462 430.59 775.351 454.711 390.306 331.755 468.019 335.422 318.459 309.367 474.186 305.872 522.227 367.763 316.662 362.435 297.585 303.975 291.405 290.436 273.321 272.925 260.713 340.214 257.354 256.307 252.661 251.626 239.643 230.671 225.454 253.303 230.504 217.354 437.863 215.68 215.039 212.384 211.794 236.669 298.537 294.211 241.38
threshold=0.6931471842852357 2.5455312809541826 0.93761331206326426 1.5221253403435007 3.3844318597703054 1.6761608551646381 0.1857438529189438 1.7768058128265134 3.0389727748561328 4.2813435207769075 1.9629372736191468 0.76785215827905995 4.9529772614864394 2.6757210905639419 2.8282169024580179 3.9823064597849571 0.4039031492322947 1.0867665582944832 3.0069838686729793 2.4313508049437913 -0.98376170968447474 18.450000000000003 1.5029525892764648 2.4003503069123373 1.8757975794386275 637.19260424194351 1.8147540035069032 4.3100708759369413 1.1744317464543665 -0.5510813381777947 -0.72208999473568902 18.450000000000003 -0.5793997530542554 0.13924731182795699 20.10581316862616 36.408765373125327 -0.98933596577443683 0 0.39208914962665514 2.7207239525092226 -0.91281223188962002 -0.72208999473568902 0.32041146939831461 1.1720257328650343 -0.27122391875406221 -0.77873524214321999 0.040322580645161303 2.6677144347273214 1 -0.88264628153994396 -0.99374406038856444 11.930268354133128 16.900000000000002 2.051498226037566 -0.46997674302731973 0.83910684176851646 2.7926103708828385 22.061986462017874 18.611174346718901 -0.98933596577443683 0.034946236559139789 0.020967741935483876
decision_type=2 2 2 2 2 2 2 2 2 2 2 2 2 2 2 2 2 2 2 2 2 2 2 8 2 2 2 2 2 2 2 2 2 2 2 2 2 1 2 2 2 2 2 2 2 2 2 10 1 2 2 2 2 2 2 2 2 2 2 2 2 2
left_child=2 3 6 7 15 11 16 17 10 30 19 20 40 24 27 18 -1 43 39 48 21 -4 23 52 -7 26 -26 -9 -25 -30 31 33 -32 34 46 37 -37 -12 -8 -3 -11 56 -43 -2 -31 -10 -6 -45 -5 50 51 -35 53 -22 -55 -18 -38 -39 60 -60 61 -59
right_child=1 4 5 8 9 13 38 14 45 12 35 -13 -14 -15 -16 -17 55 -19 -20 -21 22 -23 -24 28 25 -27 -28 -29 29 44 32 -33 -34 49 -36 36 41 57 -40 -41 -42 42 -44 47 -46 -47 -48 -49 -50 -51 -52 -53 -54 54 -56 -57 -58 58 59 -61 -62 -63
leaf_value=-0.031087405338964619 -0.0046059969551532553 0.044175848222337666 0.032281991177109219 0.017573972551318776 0.038750875442053821 0.001043018837879677 -0.021903032266155774 0.013084408098232747 0.050433283636783822 0.051677224412867657 0.029614670603368625 -0.02684367929836037 0.084736008988685246 0.038502824437633455 0.041191619298082294 0.061811251857600405 -0.022231370121722764 0.0056686168111184047 0.035753467967480877 0.02615144797027779 0.011668470535444187 -0.017196385924149928 -0.00048252976553853262 -0.020650399118131969 0.02359715975775788 0.037190426197421717 0.0016498931346708881 0.026313708654923083 -0.021778107843798272 0.018689872417267401 0.060522037441269036 0.054537792514430625 0.045165074140999385 0.05305241107757231 0.030993904703498151 0.0007941481021582975 0.022232428015563833 0.013968476780612513 -0.014251853572869183 0.028646599282541731 0.065449247481491543 0.011825098556176404 0.028423409161366639 0.014656546381979687 -0.007959420256851233 0.03152019362950742 0.054653146350176568 0.00023643090081041466 0.011152773806097378 0.031184500497031687 0.057931339150179943 0.026172333752104145 0.011404559564160066 -0.0043563173903187489 -0.030134982682002921 -0.034628039584208563 0.040283609314050173 0.02056501139497071 0.048283244619610984 0.025581603162331931 0.011106724487478974 0.032806425987896827
leaf_weight=113356 9803 1080 636 8293 3768 1863 9435 5897 1574 3489 6416 1943 858 779 942 549 8807 16424 15798 2825 658 509 4120 4583 1058 776 1529 2277 1096 627 2164 2711 4433 589 4689 841 3113 2531 8571 23885 2279 4740 1454 1285 664 1132 1232 5294 12947 661 1875 593 729 525 659 1490 733 5210 692 2219 2046 2040
leaf_count=113356 9803 1080 636 8293 3768 1863 9435 5897 1574 3489 6416 1943 858 779 942 549 8807 16424 15798 2825 658 509 4120 4583 1058 776 1529 2277 1096 627 2164 2711 4433 589 4689 841 3113 2531 8571 23885 2279 4740 1454 1285 664 1132 1232 5294 12947 661 1875 593 729 525 659 1490 733 5210 692 2219 2046 2040
internal_value=3.74316e-05 0.0244209 -0.0253795 0.0142426 0.0389299 -0.00316706 -0.0289471 0.00582905 0.0202395 0.0483594 0.0191575 -0.00960213 0.0608013 0.0147745 0.0193269 0.0322277 -0.0305016 0.00207595 0.0318218 0.0151345 -0.00733121 0.0103077 -0.00881285 -0.0124079 0.0112041 0.0168232 0.0106538 0.0167835 -0.016091 -0.0073121 0.0447175 0.0424404 0.0502446 0.0399748 0.037064 0.0221768 0.0181244 0.0242565 -0.018266 0.0293271 0.0571707 0.0195749 0.0157412 -0.00152657 0.00500551 0.0425941 0.0427199 0.00306194 0.0136634 0.0475004 0.0509716 0.0397339 -0.00241123 -0.00789512 -0.0187708 -0.0240411 0.0257206 0.0219146 0.0235557 0.0310518 0.0211929 0.0240297
internal_weight=335794 171381 164413 100728 70653 22754 141659 41922 58806 29341 56100 16749 6626 6005 9116 41312 123653 32806 40763 24065 14806 1145 13661 9541 5226 3363 2587 8174 6970 2387 22715 16118 6597 13407 9689 32035 10881 21154 18006 24965 5768 10040 6194 16382 1291 2706 5000 6579 21240 3718 3057 1182 2571 1842 1184 10297 3846 14738 12207 2911 9296 7250
internal_count=335794 171381 164413 100728 70653 22754 141659 41922 58806 29341 56100 16749 6626 6005 9116 41312 123653 32806 40763 24065 14806 1145 13661 9541 5226 3363 2587 8174 6970 2387 22715 16118 6597 13407 9689 32035 10881 21154 18006 24965 5768 10040 6194 16382 1291 2706 5000 6579 21240 3718 3057 1182 2571 1842 1184 10297 3846 14738 12207 2911 9296 7250
cat_boundaries=0 1 2
cat_threshold=1 1
is_linear=0
shrinkage=0.03


Tree=40
num_leaves=63
num_cat=0
split_feature=1 2 1 2 1 1 1 2 1 2 31 5 13 29 16 1 24 1 24 24 25 23 24 5 13 19 1 19 23 23 25 23 24 24 27 24 23 24 24 24 16 29 31 17 24 23 24 25 27 23 24 20 17 24 24 31 24 4 24 16 23 24
split_gain=216796 20596.2 20305.5 4749.64 4640.59 2998.16 2282.8 2144.73 1113.55 1054.31 997.932 937.55 639.937 568.826 785.872 550.644 496.469 454.25 450.702 704.599 443.274 1056.18 979.28 432.993 529.827 396.123 395.846 384.049 406.908 382.795 381.934 407.188 388.692 487.152 364.53 361.685 356.42 355.883 527.316 352.06 350.873 347.117 393.582 333.619 333.501 332.259 419.878 327.484 346.255 308.499 299.584 415.813 397.799 1010.4 384.735 395.527 327.818 309.577 299.16 348.015 321.517 294.604
threshold=0.9915146303373098 0.31003417874874734 2.8903861342717225 1.4060193890775772 1.9349758304733309 3.9269174890273653 0.36303941099773923 2.4313508049437913 0.4054678504506592 3.0793821508762971 1.8757975794386275 1.045651058114119 1.9566768326385497 0.32602983347956432 17.400000000000002 3.3844318597703054 -0.91968655568559032 1.3862943998629091 -0.77873524214321999 -0.60703521118548998 12.904465170857568 -0.30411483232751813 -0.8099950225495034 1.0770132188554573 1.6803221766507339 4.3100708759369413 0.089737579203513773 7.1024359047382122 0.36075750887067765 0.1283936251113518 4.8798862397069902 -0.15389057670406206 -0.53667642277345495 -0.21294651993841582 0.14032258064516132 -0.66012780149078443 -0.042903177641794764 -0.79980977965991029 -0.74541039586774327 -0.91281223188962002 16.900000000000002 0.1425018753733748 2.8374383774821381 76.300000000000026 -0.97322851985520697 -0.83440738405450643 -0.30410362911654215 7.9703137812835569 0.020967741935483876 0.66655057241353266 0.77873524214322021 39.885580166800132 76.300000000000026 -0.5 -0.21294651993841582 1.3288300434518381 -0.077175462126646291 0.974134799286274 -0.72208999473568902 18.450000000000003 -0.82482438823869786 -0.6729242335534279
decision_type=2 2 2 2 2 2 2 2 2 2 2 2 2 2 2 2 2 2 2 2 2 2 2 2 2 2 2 2 2 2 2 2 2 2 2 2 2 2 2 2 2 2 2 2 2 2 2 2 2 2 2 2 2 2 2 2 2 2 2 2 2 2
left_child=1 6 4 8 7 15 26 12 16 23 30 -7 17 20 35 34 -3 -2 25 -20 22 -22 39 24 41 -9 -1 28 -26 -14 -5 32 -32 -34 44 -15 47 -18 -39 -12 -38 -6 -43 -35 -4 46 -46 -10 -49 -29 51 52 54 -54 -40 -56 57 -55 59 -17 -60 -47
right_child=2 3 5 10 9 11 -8 18 36 -11 13 -13 29 14 -16 58 37 -19 19 -21 21 -23 -24 -25 27 -27 -28 49 -30 -31 31 -33 33 43 -36 -37 40 38 50 -41 -42 42 -44 -45 45 61 -48 48 -50 -51 -52 -53 53 56 55 -57 -58 -59 60 -61 -62 -63
leaf_value=-0.030070291591932558 0.0037419672666321037 -0.00022150809493094853 0.024133042391869919 -0.013540895705695518 0.022486187884523695 0.049698727280896422 -0.012344743172993541 0.032385329108344456 -0.012530872806550516 0.038587561917633857 -0.0015074962311460252 0.070455342280874605 0.012943232928798882 0.02791543989808673 -0.0010569879248724105 0.036004082558298268 -0.032276163821841085 0.010649181884990803 0.0012878024794861437 0.033085040142004696 -0.0030321656632975079 0.05082644340539158 0.019695534960941542 0.03269563721889749 0.023986930846753102 0.060959270921110274 -0.024176957222607643 0.01860246526453439 0.033683410937965681 0.026871108463077317 -0.014817504416651982 0.02234242049403122 0.02802930677578681 -0.020671068176211747 0.048031766548004479 0.055511165995170204 -0.0043379080204860119 0.008046833646605963 -0.011130480186092988 -0.031015957928378406 0.011443368417788796 0.011327706221402277 0.033410851807994801 0.012680409239019665 0.019789098134135475 0.034795340407773767 0.036254295576787152 0.011370712711432016 -0.010456074526200294 -0.0070011860884883707 -0.027889172409498088 -0.028834899355441083 -0.042792853544633004 -0.019385850142430248 -0.032318366728009626 -0.0058791498643849093 0.014944220739226107 0.0061688824119161051 0.040618155340374579 0.050877107157488555 0.056252916376767742 0.046389769197599337
leaf_weight=113267 15383 1530 3396 1370 7312 11077 7377 1925 7479 4276 1158 2423 7482 1109 586 9088 1452 19363 998 1685 597 720 2159 3897 23621 575 11426 2601 4709 2335 1077 910 670 551 1542 715 5165 734 3433 526 1675 7456 802 520 2672 8879 2969 1229 1387 503 2303 1898 531 813 2162 669 1094 888 2850 1719 2155 2617
leaf_count=113267 15383 1530 3396 1370 7312 11077 7377 1925 7479 4276 1158 2423 7482 1109 586 9088 1452 19363 998 1685 597 720 2159 3897 23621 575 11426 2601 4709 2335 1077 910 670 551 1542 715 5165 734 3433 526 1675 7456 802 520 2672 8879 2969 1229 1387 503 2303 1898 531 813 2162 669 1094 888 2850 1719 2155 2617
internal_value=2.69571e-05 -0.0224973 0.0258466 -0.00546648 0.0182781 0.0412969 -0.0285718 0.0116316 -0.0112431 0.0242688 0.0102375 0.0534489 0.00950501 0.0171437 0.0291682 0.0369603 -0.0165478 0.00759215 0.0298893 0.0212818 0.0115048 0.026493 0.00634055 0.0230623 0.0222602 0.0390659 -0.0295313 0.0245052 0.0256043 0.016268 -2.43139e-05 0.00495437 -0.000690279 0.00806637 0.0338738 0.038855 -0.005756 -0.0181107 -0.0166841 -0.010789 -0.000467805 0.0177213 0.0134913 -0.00449433 0.0327991 0.0345089 0.0284796 -0.00933707 -0.000199693 0.0144488 -0.0180028 -0.0160096 -0.0134575 -0.00506217 -0.0179076 -0.0260918 0.0021696 -0.00606613 0.0412574 0.0383923 0.0473994 0.0374538
internal_weight=335490 179180 156310 47110 104923 51387 132070 49746 34442 55177 12668 13500 44563 7570 2410 37887 17507 34746 5183 2683 5160 1317 3843 50901 47004 2500 124693 31434 28330 9817 5098 3728 2818 1741 22075 1824 16935 15977 14525 1684 6840 15570 8258 1071 20533 17137 5641 10095 2616 3104 13791 11488 9590 3326 6264 2831 2795 1701 15812 10807 5005 11496
internal_count=335490 179180 156310 47110 104923 51387 132070 49746 34442 55177 12668 13500 44563 7570 2410 37887 17507 34746 5183 2683 5160 1317 3843 50901 47004 2500 124693 31434 28330 9817 5098 3728 2818 1741 22075 1824 16935 15977 14525 1684 6840 15570 8258 1071 20533 17137 5641 10095 2616 3104 13791 11488 9590 3326 6264 2831 2795 1701 15812 10807 5005 11496
is_linear=0
shrinkage=0.03


Tree=41
num_leaves=63
num_cat=0
split_feature=1 1 3 2 1 1 2 1 5 2 24 3 1 1 1 32 19 19 27 3 24 23 24 1 32 23 19 3 23 24 1 23 23 28 19 2 24 27 16 25 18 17 16 24 24 2 24 24 23 24 24 1 23 32 24 21 17 23 24 23 16 24
split_gain=204007 24635 12885.3 4865.6 4553.91 2668.48 2535.76 2369.05 1179.81 1159.65 819.302 651.75 638.15 579.37 564.867 511.436 485.835 555.367 465.604 462.041 377.621 373.197 346.664 342.66 337.213 569.869 942.41 519.831 473.967 423.974 491.822 418.603 393.709 349.004 317.463 380.012 316.573 748.866 451.152 305.851 303.234 301.937 301.837 876.252 562.633 406.709 293.026 303.711 292.342 287.818 286.251 365.874 283.579 281.643 281.548 294.144 280.781 279.321 595.892 284.831 629.496 668.637
threshold=0.6931471842852357 2.5021014733873388 0.96100296284021425 2.064989111574286 3.4854349728363641 1.4430283580371965 1.8780037666810316 0.1857438529189438 1.2808433483002077 3.0389727748561328 0.63395513778623458 1.409436483156298 3.0218552525094773 4.0867267977357287 1.9629372736191468 -1.3780351167004909 8.6371977438490841 5.2450690341885755 0.074731182795698944 0.42457889341276928 -0.75674278485945512 0.094275748646527283 -0.99815866078541837 4.1773950906305855 0.014890967946666002 -0.52941438753421244 4.7088274871254567 2.4298701743888609 0.71612580616132593 -0.53667642277345495 1.9629372736191468 0.58637393129089799 0.67924831531502439 1.1641499304051812 4.7088274871254567 2.2764391754574675 -0.87444874304365161 0.029569892473118285 10.250000000000002 8.7710605235469945 361.22138282094005 73.950000000000017 10.250000000000002 -0.53667642277345495 -0.35273909160235833 1.2558360982465546 -0.77873524214321999 -0.60703521118548998 0.11135109471829405 -0.91281223188962002 -0.35273909160235833 2.1102458664973605 0.025746965133975602 -0.21969554279175832 0.71010885522459966 66.757736584289049 73.65000000000002 -0.86167001593038528 -0.30410362911654215 -0.11988119229922731 11.800000000000002 -0.8982586596074329
decision_type=2 2 2 2 2 2 2 2 2 2 2 2 2 2 2 2 2 2 2 2 2 2 2 2 2 2 2 2 2 2 2 2 2 2 2 2 2 2 2 2 2 2 2 2 2 2 2 2 2 2 2 2 2 2 2 2 2 2 2 2 2 2
left_child=2 3 7 5 12 11 10 19 13 24 15 40 57 -6 -7 56 17 42 53 -1 -18 52 -16 -10 25 29 36 -28 31 30 -5 33 -33 -26 35 -8 38 -38 -27 -37 -2 -31 43 -17 -44 -46 48 -48 -11 -40 51 -43 -15 -13 55 -55 -4 58 -3 -59 61 -61
right_child=1 4 6 9 8 14 34 -9 23 46 -12 18 -14 21 22 16 20 -19 -20 -21 -22 -23 -24 -25 28 26 27 -29 -30 41 -32 32 -34 -35 -36 39 37 -39 49 -41 -42 50 44 -45 45 -47 47 -49 -50 -51 -52 -53 -54 54 -56 -57 -58 59 -60 60 -62 -63
leaf_value=-0.029278626734563575 0.00186191151651654 0.011934928386404486 -0.034342534274967501 -0.0089508056958467631 0.040196891378274507 0.011306214590994113 0.0040450829778175251 -0.017120884323867134 0.054698113803442541 0.058000545060853836 -0.023359031240658499 0.0034865642383483443 0.034762271114935232 0.049077550845765212 -0.0040135931920495527 -0.016482719512483975 0.03436205410815734 -0.020720059684105913 0.034236666120462833 -0.022536302240682989 0.0004960766245043815 0.065741116959233709 0.020217842237978859 0.076971757712166688 0.022566809499000286 0.0056054356074816064 0.024241013879401366 0.061302833918904169 0.0014824331915550962 0.0076977548003221777 0.014044105739340666 0.060951950922140369 0.027579588278429584 0.044091386082990326 0.034119897169635191 0.0087253610475790926 0.011042603224138175 0.055443712603889007 0.025579283265975847 0.03493582325401088 -0.0058142936925427227 0.053876611759002935 0.0016487188488663149 0.019837692374680783 -0.024039964997451053 0.00019256972086926301 0.013161507516475247 0.042620122568168002 0.031135530612644156 0.0038389779507408224 0.017433321373613871 0.018043873737650838 0.02562120232141863 0.026749979940796229 -0.0028577533540744032 0.0077739066814743914 -0.011463136529643449 0.032796667462606684 0.029346411092186411 0.010552078069204071 0.035047060557046004 0.030333955880757251
leaf_weight=113997 12059 2903 629 1410 14483 21280 1733 18152 1435 1114 2548 9112 18818 7062 553 919 533 1603 557 10048 660 1210 12689 1228 7514 2203 593 829 700 1563 2046 592 715 748 880 687 710 660 3651 971 7513 537 4522 1690 1779 958 568 720 573 647 2105 501 515 1506 770 1443 2067 10854 4567 3323 3996 2871
leaf_count=113997 12059 2903 629 1410 14483 21280 1733 18152 1435 1114 2548 9112 18818 7062 553 919 533 1603 557 10048 660 1210 12689 1228 7514 2203 593 829 700 1563 2046 592 715 748 880 687 710 660 3651 971 7513 537 4522 1690 1779 958 568 720 573 647 2105 501 515 1506 770 1443 2067 10854 4567 3323 3996 2871
internal_value=-5.49807e-05 0.0228399 -0.0239346 0.0130153 0.0360039 0.00850975 -0.00266602 -0.0272517 0.0461128 0.0229163 -0.00762043 0.00240374 0.0304609 0.0439271 0.0143383 -0.00500288 -0.0024741 -0.00437096 0.00750311 -0.0287334 0.0157067 0.0500489 0.0192048 0.0650943 0.020999 0.0184485 0.0235304 0.0459865 0.0253233 0.0126515 0.00466312 0.0270656 0.0428701 0.024541 0.0180921 0.0138886 0.0194468 0.0325567 0.0166612 0.0241343 -0.00108545 0.0185068 -0.00170599 0.00703705 -0.00485106 -0.0155733 0.0407181 0.0297302 0.0489946 0.0223149 0.0238614 0.036751 0.0475012 0.0063297 0.0132817 0.0174935 -0.0168548 0.0276166 0.0225924 0.0293943 0.0257559 0.0197383
internal_weight=335822 171446 164376 98181 73265 67482 22179 142197 25933 30699 17908 32960 47332 23270 34522 15360 12664 11471 13388 124045 1193 8787 13242 2663 27724 17455 9293 1422 10269 8162 3456 9569 1307 8262 4271 3391 7871 1370 6501 1658 19572 4706 9868 2609 7259 2737 2975 1288 1687 4298 3143 1038 7577 12831 3719 2949 2696 28514 7470 21044 10190 6194
internal_count=335822 171446 164376 98181 73265 67482 22179 142197 25933 30699 17908 32960 47332 23270 34522 15360 12664 11471 13388 124045 1193 8787 13242 2663 27724 17455 9293 1422 10269 8162 3456 9569 1307 8262 4271 3391 7871 1370 6501 1658 19572 4706 9868 2609 7259 2737 2975 1288 1687 4298 3143 1038 7577 12831 3719 2949 2696 28514 7470 21044 10190 6194
is_linear=0
shrinkage=0.03


Tree=42
num_leaves=63
num_cat=0
split_feature=1 1 3 2 1 1 2 1 5 2 1 24 3 2 13 23 5 3 4 24 24 13 19 24 24 19 24 1 27 26 24 19 25 32 1 27 32 26 24 29 23 24 24 24 23 13 23 32 26 26 32 23 23 23 32 32 29 25 17 24 23 19
split_gain=192301 23166.3 11608.9 4468.88 4378.08 2823.14 2534.36 2142.98 1138.62 966.39 710.185 644.588 630.08 550.255 534.393 548.069 516.814 488.363 485.719 475.442 737.944 979.792 731.837 621.35 574.947 475.25 559.445 472.633 469.506 466.995 459.975 423.678 414.972 387.672 443.667 376.174 414.906 547.339 415.353 509.011 584.813 350.231 722.97 478.642 404.704 349.304 344.125 333.253 408.53 333.158 329.207 467.01 458.224 361.292 349.753 314.522 322.062 311.423 681.836 307.38 349.758 305.882
threshold=0.6931471842852357 2.5021014733873388 0.93761331206326426 2.2103874584920704 3.4854349728363641 1.4430283580371965 1.8780037666810316 0.1857438529189438 0.73237430365454037 3.2934105902536182 4.2813435207769075 0.66012780149078465 1.409436483156298 4.0279178775222411 1.8890037340216783 0.97516411509186673 1.0179565718695893 0.34916335700497109 2.2701107971930594 -0.77873524214321999 -0.88264628153994396 2.4002752113857109 4.7088274871254567 -0.5793997530542554 -0.49252992309759819 8.6371977438490841 -0.75674278485945512 1.9629372736191468 0.074731182795698944 104.44958744049073 -0.82964644928663578 7.1024359047382122 16.851755244336946 0.36738387885828988 2.1400963341176245 0.18655913978494629 1.0000000180025095e-35 41.307750892639156 -0.50739640075491554 0.2245549851524688 -0.46995942967050158 -0.91281223188962002 -0.93262014971044682 -0.96914236212857563 -0.085730500155694681 2.5162511653549617 0.93568234840038345 -0.10881937013760765 13.623743844032282 21.186220312118497 -1.1378957227842774 0.75110426010738152 0.44709379298511415 -0.97516411509186662 -1.6281056405710073 0.35201713721896316 0.030158821736771958 2.0987794223732208 73.65000000000002 -0.99374406038856444 -0.13690605792347518 2.5703227282623566
decision_type=2 2 2 2 2 2 2 2 2 2 2 2 2 2 2 2 2 2 2 2 2 2 2 2 2 2 2 2 2 2 2 2 2 2 2 2 2 2 2 2 2 2 2 2 2 2 2 2 2 2 2 2 2 2 2 2 2 2 2 2 2 2
left_child=2 3 7 5 13 12 11 17 29 19 -10 14 -2 16 15 25 18 -1 -3 20 22 30 41 33 -25 31 -27 -7 47 -6 -22 46 -24 34 -21 36 -20 -38 39 -39 -41 42 43 44 -5 -40 50 -14 -49 -8 52 57 53 -4 -55 56 -51 -52 -59 -31 61 -61
right_child=1 4 6 9 8 27 49 -9 10 -11 -12 -13 28 -15 -16 -17 -18 -19 35 23 21 -23 32 24 -26 26 -28 -29 -30 59 -32 -33 -34 -35 -36 -37 37 38 45 40 -42 -43 -44 -45 -46 -47 -48 48 -50 55 51 -53 -54 54 -56 -57 -58 58 -60 60 -62 -63
leaf_value=-0.028431927101912797 -0.00087020939684955814 0.02408761160521555 -0.025263335431443133 0.040405612143404802 0.037555897350683952 0.011617584425191512 -0.0027978088673313532 -0.016687078722813199 0.048557055913890992 0.048614843368923008 0.069258836880146446 -0.022141626186179434 0.0036424152210083561 0.058392213455439115 0.0065910468519255663 0.020357449919519866 0.038738961077781367 -0.022073265833729813 0.026051801408232211 -0.0067344906373522076 0.041003351236648403 0.069983825951579065 0.022612245687797319 0.047115801932057645 0.020703216323213848 0.031544584691709343 -0.0083841420028676929 0.018249902865260032 0.033326970487183263 0.035881219016335002 0.008262371443829717 -0.034398010237044981 0.056902694121780617 0.022629014662497834 0.015765224045173311 0.051523607577405525 0.026644955824989183 0.038533019994800702 0.01006593173467645 0.083397577261003969 0.037895781220996565 0.0019940842560539165 0.045607689897472131 0.0041263032438264057 0.016618744086869121 0.041046651168929527 -0.03381749473931623 -0.00034734360958507123 0.021916458276107876 0.0090560743487714188 -0.024786902409041991 0.02264867678642539 -0.033973128564059013 -0.02043540827298955 0.0047304331245163669 0.042986311534223706 0.02844514232785884 0.024607620433888321 -0.0085759117962783404 0.064973613359034066 0.074284746222136933 0.044416464716679149
leaf_weight=111701 19546 16577 972 926 12381 22978 621 17870 4734 1336 2248 2541 10562 587 2586 570 4603 12155 12107 1691 1016 754 547 828 7109 519 791 16760 597 1601 626 683 788 1412 1470 763 5481 4888 737 542 503 972 932 1732 2135 591 519 1111 2226 1804 756 520 922 730 1531 500 1351 639 4138 833 544 3576
leaf_count=111701 19546 16577 972 926 12381 22978 621 17870 4734 1336 2248 2541 10562 587 2586 570 4603 12155 12107 1691 1016 754 547 828 7109 519 791 16760 597 1601 626 683 788 1412 1470 763 5481 4888 737 542 503 972 932 1732 2135 591 519 1111 2226 1804 756 520 922 730 1531 500 1351 639 4138 833 544 3576
internal_value=-4.07426e-05 0.0221985 -0.0232174 0.0126604 0.0349566 0.00898575 -0.00329518 -0.0264071 0.0448742 0.0238252 0.0552672 -0.00812641 0.00264478 0.0295274 -0.00587697 -0.00830459 0.0291591 -0.0278088 0.0281094 0.0223711 0.0271095 0.0417308 0.0227246 0.0184121 0.0234865 -0.00959647 0.00749474 0.0144168 0.00738295 0.0410284 0.0285841 -0.0115612 0.0429894 0.00958876 0.00373721 0.0307073 0.0300579 0.0338526 0.0392712 0.0426763 0.0617805 0.0186559 0.0214805 0.0167464 0.0238688 0.0239555 -0.0100918 0.006257 0.0145147 0.0174984 -0.00886952 -0.00439996 -0.0153677 -0.0100174 -0.00342192 0.0209459 0.0173905 -0.00696019 -0.004116 0.0475546 0.0512879 0.0483696
internal_weight=335769 171350 164419 98054 73296 73780 22693 141726 25917 24274 6982 18417 34042 47379 15876 13290 46792 123856 42189 22938 10428 2396 8032 12510 7937 12720 1310 39738 14496 18935 1642 11410 1335 4573 3161 25612 24849 12742 7261 5933 1045 6697 5725 4793 3061 1328 10727 13899 3337 4276 10208 6053 4155 3233 2261 3655 3155 5533 4777 6554 4953 4409
internal_count=335769 171350 164419 98054 73296 73780 22693 141726 25917 24274 6982 18417 34042 47379 15876 13290 46792 123856 42189 22938 10428 2396 8032 12510 7937 12720 1310 39738 14496 18935 1642 11410 1335 4573 3161 25612 24849 12742 7261 5933 1045 6697 5725 4793 3061 1328 10727 13899 3337 4276 10208 6053 4155 3233 2261 3655 3155 5533 4777 6554 4953 4409
is_linear=0
shrinkage=0.03


Tree=43
num_leaves=63
num_cat=2
split_feature=1 1 3 1 2 2 1 1 5 24 2 13 1 1 32 31 24 26 3 2 24 23 1 24 24 24 31 16 24 16 31 5 31 29 5 20 24 1 24 26 30 23 17 13 30 32 21 3 28 24 7 1 27 5 31 24 2 23 20 23 23 16
split_gain=180789 21935.7 11736.4 5537.1 3719.29 2774.75 2187.84 1690.69 1172.82 813.247 773.337 673.227 660.612 624.473 614.09 566.09 1745.6 660.045 551.78 481.45 422.315 393.917 381.965 358.206 1059.99 436.63 670.442 426.052 428.008 470.533 352.131 346.491 345.21 343.785 335.788 333.017 381.336 332.738 331.804 320.946 312.293 300.335 374.819 286.11 285.061 283.78 322.607 280.239 272.788 278.437 271.687 270.998 270.315 304.22 267.796 267.715 366.546 263.686 256.167 250.521 417.846 601.876
threshold=0.6931471842852357 2.2740374981390876 0.76150547665978252 3.3844318597703054 2.2342619908852988 1.7993813348425691 1.2891581856277794 0.17233684853827505 1.2808433483002077 0.77873524214322021 3.0389727748561328 1.5029525892764648 2.8903861342717225 4.0867267977357287 -1.1378957227842774 0.83306415471504047 -0.48505984619519632 19.45810585021972 1.409436483156298 3.3442385685530547 -0.94445443497892134 0.44709379298511415 1.7688336504320554 -0.72208999473568902 -0.59330490695953197 -0.36874934642598389 2.40512085787568 18.550000000000004 -0.8905837001257676 15.750000000000002 1.6454656903724885 0.40146962258222235 2.7326321147191819 0.030158821736771958 1.0770132188554573 40.299461206478959 -0.94445443497892134 4.1773950906305855 -0.96914236212857563 27.275717639923077 0 -0.66655057241353222 73.950000000000017 1.8890037340216783 1 -0.045327476804668969 73.894985053620886 4.283275049264347 0.96265510547624145 -0.99374406038856444 2.9511739858110029 0.47414859376858193 0.14032258064516132 0.85460566359260415 2.7169455166450893 -0.56532384738233998 1.2558360982465546 0.14539831731376898 40.299461206478959 -0.87025318080773884 -0.085730500155694681 10.250000000000002
decision_type=2 2 2 2 2 2 2 2 2 2 2 2 2 2 2 2 2 2 2 2 2 2 2 2 2 2 2 2 2 2 2 2 2 2 2 2 2 2 2 2 1 2 2 2 1 2 2 2 2 2 10 2 2 2 2 2 2 2 2 2 2 2
left_child=2 4 7 12 6 9 18 -1 13 11 23 14 19 47 21 16 -16 -18 40 34 -17 39 45 27 -25 26 -26 28 29 38 -7 -15 43 54 35 44 -37 -10 -6 -4 -2 42 -41 -30 -3 46 -8 -5 49 -24 -20 -9 53 -14 -32 -22 -57 -48 -52 -46 -61 -62
right_child=1 3 5 8 10 30 22 51 37 -11 -12 -13 52 31 15 20 17 -19 50 -21 55 -23 48 24 25 -27 -28 -29 32 -31 33 -33 -34 -35 -36 36 -38 -39 -40 41 -42 -43 -44 -45 59 -47 57 -49 -50 -51 58 -53 -54 -55 -56 56 -58 -59 -60 60 61 -63
leaf_value=-0.027288033006519746 0.001131509920417493 0.028288186241456334 -0.028652429688721896 0.036690942626940656 0.027631290745368856 -0.001904059945193764 0.0094573777790227694 -0.01943818720784168 0.051845123279408635 -0.024278101946038969 0.041756812187867878 0.0018788017692650514 0.028340334619519434 0.042239047131690285 0.047334842561718472 0.0075880364998625527 -0.02009269131622219 0.014972284718134374 0.018033307400126021 0.040349489320239448 -0.023826629698941393 -0.030437763640327957 0.00091135754021353451 -0.0033186074988330511 0.020092156959088663 0.018330796229131679 0.064676724068883487 0.0069665299336026821 0.017512115822775624 0.04258632811958777 0.0073290665960299775 0.054574556732659672 0.060743116398871928 0.030389797771774463 0.033966029513275167 0.035739764563661132 0.0073531997741110352 0.07292401400983177 0.0075910562345841573 -0.029716179607830084 -0.0072512215044012555 0.0048263499408528624 -0.0051822474521896937 0.043260159875842905 0.015077134897131273 0.01619858404406482 -0.0058762639598243863 0.055046898095817108 0.0081040837767810282 0.017764333848965322 0.002991520792611667 -0.010870580002947142 0.043082462628827416 0.038497226895689331 0.031857890287943225 -0.015148387954509917 0.007864896193717304 0.016289119738301647 0.021254261542057288 0.027147612444212162 0.0025194810622401315 0.02327755780633356
leaf_weight=120352 9926 8219 925 16960 1455 827 14511 11392 1680 2765 1953 5620 17230 5092 684 961 1358 744 1563 1595 1678 1608 937 1774 723 3443 527 898 668 862 1933 3634 538 1595 2542 520 2280 1239 1526 905 6693 1024 1466 960 4206 4324 2376 801 4090 15264 8345 4724 1539 3193 502 2322 847 601 749 9881 1794 4206
leaf_count=120352 9926 8219 925 16960 1455 827 14511 11392 1680 2765 1953 5620 17230 5092 684 961 1358 744 1563 1595 1678 1608 937 1774 723 3443 527 898 668 862 1933 3634 538 1595 2542 520 2280 1239 1526 905 6693 1024 1466 960 4206 4324 2376 801 4090 15264 8345 4724 1539 3193 502 2322 847 601 749 9881 1794 4206
internal_value=4.18244e-05 0.021602 -0.0224484 0.0322178 0.0107461 -0.0046673 0.00779034 -0.0260656 0.0428002 -0.00903463 0.0241187 -0.00693657 0.0267747 0.0407942 -0.0103476 -0.00521898 0.00589094 -0.00767541 0.00117113 0.0242199 -0.0105487 -0.017772 0.0120779 0.0215284 0.0164301 0.023891 0.0390718 0.0262864 0.0291655 0.0230993 0.0159184 0.0474046 0.0398504 0.0195736 0.0234495 0.0225847 0.0126793 0.0609017 0.0174024 -0.0130278 -0.00224565 -0.00873485 -0.0145896 0.0327812 0.0235621 0.00931782 0.00761237 0.037534 0.0150418 0.0167902 0.00649795 -0.016931 0.0308681 0.0299373 0.0124409 -0.0141487 -0.00899477 -0.00138168 0.00450653 0.0216218 0.0233498 0.0170782
internal_weight=335549 171317 164232 86611 84706 27764 69379 136468 29406 22907 15327 20142 57205 26487 14522 8594 2786 2102 27276 35243 5808 5928 42103 13374 6467 4693 1250 6907 6009 3843 4857 8726 2166 4030 33648 31106 2800 2919 2981 4320 16619 3395 2371 1628 28306 21812 17488 17761 20291 16201 10657 16116 21962 20423 2435 4847 3169 2977 9094 20087 15881 6000
internal_count=335549 171317 164232 86611 84706 27764 69379 136468 29406 22907 15327 20142 57205 26487 14522 8594 2786 2102 27276 35243 5808 5928 42103 13374 6467 4693 1250 6907 6009 3843 4857 8726 2166 4030 33648 31106 2800 2919 2981 4320 16619 3395 2371 1628 28306 21812 17488 17761 20291 16201 10657 16116 21962 20423 2435 4847 3169 2977 9094 20087 15881 6000
cat_boundaries=0 1 2
cat_threshold=1 1
is_linear=0
shrinkage=0.03


Tree=44
num_leaves=63
num_cat=0
split_feature=3 0 3 5 0 3 5 3 5 3 5 5 4 31 29 3 23 5 0 23 4 23 18 25 23 31 7 18 5 16 9 23 26 16 7 19 4 21 3 0 23 5 23 26 7 29 31 23 25 23 29 26 6 25 19 28 9 29 23 16 25 31
split_gain=166713 16035.8 15851.4 4680.5 3071.4 2295.5 1991.69 1734.96 1164.1 1100.53 985.075 956.335 758.284 664.236 747.143 628.455 579.747 661.052 566.838 554.122 530.029 478.179 470.319 484.987 806.841 498.505 497.494 425.269 419.738 412.309 412.047 410.81 368.355 356.38 346.943 356.459 344.665 341.22 339.474 322.666 317.492 313.674 313.474 310.31 848.467 370.678 769.913 453.269 915.497 477.744 311.198 297.777 450.781 432.78 399.318 296.815 281.914 281.22 403.954 675.31 350.698 468.224
threshold=1.2823637686377889 0.47009709477424627 2.5444738851146274 0.44628822898404658 3.3093783855438237 1.8292929099524267 0.81629062703414335 0.42457889341276928 1.3350820746125569 3.7314482314676467 0.32807309176196925 1.1868640817134419 2.7363452244346442 2.7926103708828385 0.48094855920436314 0.57592940481887334 0.094275748646527283 -1.0924886860856216 1.2528443336486819 -0.45473838294431457 2.8210634291181194 -0.48504197719567627 22.061986462017874 17.283627578984667 -0.65365639399891895 1.8757975794386275 7.2232795145552027 189.61365123276713 -0.48834645430175611 15.750000000000002 -0.53455273995416808 0.99628166032228249 34.262863445281965 18.550000000000004 3.0447422502706885 4.3100708759369413 0.85431898559338149 11.112619988935936 1.8292929099524267 0.095309935510158553 -0.9092740615363033 0.30623206717317381 -0.94723957588908092 69.306928062438956 9.4314342156581343 1.5826466696549095 2.4633867673189442 0.48504197719567638 11.418027806270027 0.0085831648773537477 -0.59460726912275141 9.6390392780303813 9.5000000000000018 2.6280583917253444 3.580189827618049 0.17403444191868409 -0.27498290570695444 0.23277141575115587 -0.45473838294431457 9.5000000000000018 6.4266871597177255 2.4122511847452106
decision_type=2 2 2 2 2 2 2 2 2 2 2 2 2 2 2 2 2 2 2 2 2 2 2 2 2 2 8 2 2 2 10 2 2 2 10 2 2 2 2 2 2 2 2 2 8 2 2 2 2 2 2 2 2 2 2 2 10 2 2 2 2 2
left_child=1 7 3 5 9 18 15 39 12 10 13 38 -6 43 32 -3 17 -11 34 21 22 -16 -7 25 -25 28 -26 -17 -24 -21 -14 51 -15 57 35 -2 -8 -19 -5 -1 42 -29 -36 45 -45 47 -47 49 -49 50 -4 52 -9 54 -53 -35 -12 -27 59 -59 -61 -62
right_child=2 6 4 11 8 20 36 31 -10 16 56 -13 30 14 19 27 -18 37 -20 29 -22 -23 23 24 26 33 -28 41 -30 -31 -32 -33 -34 55 40 -37 -38 -39 -40 -41 -42 -43 -44 44 -46 46 -48 48 -50 -51 -52 53 -54 -55 -56 -57 -58 58 -60 60 61 -63
leaf_value=-0.026857892303901811 0.015037706961976106 -0.012078287805726881 0.032753380063415272 0.01664983378518264 0.029563089549822823 0.0048022328635100682 0.0046219569743438113 -0.028172590053734552 0.06523075801011112 0.071537775570266263 0.03949359302103099 0.038320852405740742 0.050002071480650875 0.016349787987351524 0.040249826700878788 0.0030282641927134053 0.020170016349383087 0.056617975038108344 0.0073750712038114247 0.016011128653451029 -0.015826954011187298 0.081473472430517072 -0.0011013320050079552 -0.0015190789690910794 0.05036551778048267 0.014909955823148836 0.024164000627227258 -0.009842552181350505 0.012459150277061267 0.049826101691444184 0.039063244647107524 0.0092325344271640391 0.03011962366503447 0.013906500228946544 -0.0014388238278958273 -0.0098589210595627589 0.019644174729501567 0.034829390307991939 0.025828218901808909 -0.021601930191864679 -0.0068293560152651606 0.0018418398744181606 0.01808774112633724 0.04579359595033216 0.021807658609050425 0.017813646185312108 0.059702123103260986 0.018617423148331761 0.053634810204854208 0.0055134497816924973 0.017327241415044149 -0.015236530427686468 -0.0059724465666741349 -0.017312000752600851 0.0134177157549924 -0.0046640998862226175 0.027061078728314591 0.053380312829974061 0.014205010779357204 0.0021754064405189607 0.020327875324438756 0.052270276603148043
leaf_weight=107743 1905 7809 1313 6100 6266 4566 2151 4191 1576 703 5446 4218 4253 2456 512 8424 1084 848 10443 691 545 536 3152 913 832 10737 3086 6625 5890 619 12438 523 6256 2144 3018 706 3822 2981 9108 11798 8914 3003 975 1659 6707 1091 620 2361 940 2950 11686 902 1028 13330 841 1208 2429 815 2830 608 1799 537
leaf_count=107743 1905 7809 1313 6100 6266 4566 2151 4191 1576 703 5446 4218 4253 2456 512 8424 1084 848 10443 691 545 536 3152 913 832 10737 3086 6625 5890 619 12438 523 6256 2144 3018 706 3822 2981 9108 11798 8914 3003 975 1659 6707 1091 620 2361 940 2950 11686 902 1028 13330 841 1208 2429 815 2830 608 1799 537
internal_value=1.21357e-05 -0.0205878 0.0217109 0.0127392 0.0314394 0.00890884 -0.00136396 -0.0249477 0.0402434 0.0274279 0.0259598 0.0256728 0.0385142 0.0240611 0.0303329 -0.00497063 0.0400124 0.044731 0.00197306 0.0453329 0.0134479 0.0616204 0.0138577 0.0150536 0.0238735 0.0136161 0.0297851 -0.00189348 0.00773403 0.032118 0.0418647 -0.0169467 0.0262494 0.0161857 -0.00166348 0.00829982 0.0142428 0.0397224 0.0221534 -0.0263401 -0.00368143 -0.00619909 0.00334578 0.0216889 0.0265886 0.0197274 0.0331221 0.0185286 0.0286551 0.0164243 0.0188974 -0.0176236 -0.0238097 -0.0154744 -0.00141198 0.00721701 0.0356785 0.0179183 0.0228054 0.0292528 0.0224942 0.0277668
internal_weight=335660 172190 163470 85049 78421 65623 31834 140356 24533 53888 48272 19426 22957 40397 11070 25861 5616 4532 25961 2358 39662 1048 39117 34551 4831 29720 3918 18052 9042 1310 16691 20815 8712 20678 15518 2611 5973 3829 15208 119541 12907 9628 3993 29327 8366 20961 1711 19250 3301 15949 12999 20292 5219 15073 1743 3352 7875 17326 6589 3759 2944 2336
internal_count=335660 172190 163470 85049 78421 65623 31834 140356 24533 53888 48272 19426 22957 40397 11070 25861 5616 4532 25961 2358 39662 1048 39117 34551 4831 29720 3918 18052 9042 1310 16691 20815 8712 20678 15518 2611 5973 3829 15208 119541 12907 9628 3993 29327 8366 20961 1711 19250 3301 15949 12999 20292 5219 15073 1743 3352 7875 17326 6589 3759 2944 2336
is_linear=0
shrinkage=0.03


Tree=45
num_leaves=63
num_cat=0
split_feature=1 1 3 2 1 2 1 1 2 1 1 24 3 5 2 5 13 18 32 23 17 25 20 27 7 27 20 25 23 32 23 18 28 5 17 24 27 5 23 23 23 19 24 23 23 23 25 7 5 17 24 18 27 1 23 32 27 8 18 23 5 13
split_gain=161669 19363.9 10131.9 4195.05 3477.89 2382.89 2342.55 1510.23 965.022 846.902 674.577 579.918 544.868 501.844 484.065 446.661 434.535 432.719 426.068 532.41 717.031 860.082 427.633 420.8 416.611 463.238 363.759 351.099 333.713 333.579 430.153 438.533 327.664 305.193 299.582 289.546 303.803 364.001 372.31 569.478 321.457 321.287 284.908 274.168 555.286 312.979 272.394 272.085 258.453 256.833 363.707 246.659 271.44 245.905 242.829 302.577 258.228 239.134 262.213 238.512 235.608 297.226
threshold=0.6931471842852357 2.5866332409235482 0.76150547665978252 2.0135656321668209 3.6951737262131221 1.5071766060317431 1.6014057484277575 0.17233684853827505 3.0389727748561328 4.9529772614864394 3.0758878545817185 0.77873524214322021 1.6006417500390075 0.60576161730011646 2.2103874584920704 0.65710316699761506 1.6323107043916723 189.61365123276713 -1.1378957227842774 -0.034327600513243302 73.950000000000017 1.6179563127159702 23.47537137397315 0.074731182795698944 18.174740576548562 0.11666666666666668 40.299461206478959 2.5500967260610357 0.44709379298511415 0.014890967946666002 0.71612580616132593 189.61365123276713 0.96265510547624145 -1.8841249220873055 73.950000000000017 -0.99963164097526602 0.14032258064516132 0.45538284850024519 -0.46995942967050158 -0.51477383718533543 -0.41612469599147489 5.2450690341885755 -0.99168614031016833 -0.89445413044074662 -0.85283291294431784 0.58637393129089799 5.9556290360147601 11.009535216019124 -0.91795634601840825 76.300000000000026 -0.99815866078541837 37.117694727060837 0.32258064516129042 0.4054678504506592 0.48504197719567638 -0.45088424442970393 0.031720430107526891 -5.7148022206440858 76.302805655250481 -0.97516411509186662 0.6720439639416812 1.7997838525453342
decision_type=2 2 2 2 2 2 2 2 2 2 2 2 2 2 2 2 2 2 2 2 2 2 2 2 8 2 2 2 2 2 2 2 2 2 2 2 2 2 2 2 2 2 2 2 2 2 2 10 2 2 2 2 2 2 2 2 2 8 2 2 2 2
left_child=2 3 7 6 10 11 12 -1 24 15 48 16 17 32 26 51 18 -2 28 -20 21 -21 -22 -14 25 29 -7 -24 59 49 31 43 42 -10 -34 -12 37 38 39 41 -38 -37 -8 -31 -45 -46 -18 -48 -3 50 -5 -6 -53 -9 55 -51 -57 -16 -59 -4 61 -50
right_child=1 4 5 8 9 14 13 53 33 -11 35 -13 23 -15 57 -17 46 -19 19 20 22 -23 27 -25 -26 -27 -28 -29 -30 30 -32 -33 34 -35 -36 36 40 -39 -40 -41 -42 -43 -44 44 45 -47 47 -49 60 54 -52 52 -54 -55 -56 56 -58 58 -60 -61 -62 -63
leaf_value=-0.025683703437706873 0.0041928274899984599 0.045898476066506787 -0.022479919355428164 0.040273943439187332 0.045282595004688321 0.0019019927738831953 -0.0022875680071825443 -0.018978674244253698 0.056894931800764152 0.072917827031179105 0.009755966365045764 -0.023193470250782711 0.0069827895651454848 0.019902209421621794 0.034642897400360965 0.04954510477177794 -0.0057848060285045425 -0.0034492828138900917 -0.013737003314322477 -0.0026780288365574321 0.015265296212389224 0.049181309859440518 -0.029132299855857132 0.032750160878105089 0.010077107137313027 0.041722318842011316 0.02783794346014622 -0.0044719612646144285 -0.028201313586169806 0.021939253191857532 0.0028476577609864561 0.018048240155140241 -0.011834239658980502 0.031632689022186175 0.0082777498407960223 0.034888032651348162 0.023998768031018077 0.036604358772455249 0.02337926976544559 0.064115385850026796 0.050501917429097765 0.016790718230986382 0.014718636739532857 0.063613359702259314 0.02434866219319028 0.044711084113198657 0.022763651871499195 -0.0043315576941144783 0.016646859682245423 0.0025536560441209097 0.018157189576145254 0.034871006377336942 0.055828621530507314 -0.011414045180277482 0.028327081028579691 0.011257978960058819 0.029729378521102707 0.024242466468828178 -0.00060324099438730623 -0.0073826865569787204 0.030660346851071118 0.025317450643172978
leaf_weight=120554 14268 536 1374 724 4188 4779 952 9489 513 851 506 2636 11770 9867 765 5393 1786 12511 4087 614 669 536 728 595 4325 862 537 1793 1593 2295 861 4777 880 2928 2698 4057 574 8133 6468 512 1598 1147 12661 531 2305 980 828 554 4641 2626 8794 8374 608 6584 753 2718 910 937 643 2998 5021 15877
leaf_count=120554 14268 536 1374 724 4188 4779 952 9489 513 851 506 2636 11770 9867 765 5393 1786 12511 4087 614 669 536 728 595 4325 862 537 1793 1593 2295 861 4777 880 2928 2698 4057 574 8133 6468 512 1598 1147 12661 531 2305 980 828 554 4641 2626 8794 8374 608 6584 753 2718 910 937 643 2998 5021 15877
internal_value=8.21423e-05 0.020454 -0.0211696 0.0122395 0.0328193 -0.00467913 0.00772061 -0.0245315 0.0203443 0.0435727 0.0285609 -0.0100826 0.00302806 0.0145074 0.00956272 0.0422082 -0.00810838 0.000622499 -0.0103219 -0.00597346 0.00134491 0.0216012 -0.00597989 0.00823544 0.0187831 0.0200735 0.00454563 -0.0116368 -0.0164549 0.0194062 0.0232785 0.0248921 0.0114061 0.035476 0.00332165 0.0323157 0.032821 0.0316616 0.0283485 0.0339461 0.0435691 0.0309192 0.0135289 0.0302228 0.0351695 0.030482 0.00194774 0.0119256 0.025244 0.0166469 0.0198598 0.0391861 0.0363199 -0.0158845 0.0122716 0.0103174 0.0159256 0.0209024 0.0141612 -0.0121476 0.0248016 0.0233608
internal_weight=336072 171588 164484 103104 68484 27857 66202 136627 36902 19414 49070 20196 39144 27058 7661 18563 17560 26779 14392 8427 4340 1150 3190 12365 33461 29136 5316 2521 5965 28274 11749 10888 17191 3441 3578 22995 22489 20317 12184 5716 2172 5204 13613 6111 3816 3285 3168 1382 26075 16525 9518 13170 8982 16073 7007 6254 3628 2345 1580 4372 25539 20518
internal_count=336072 171588 164484 103104 68484 27857 66202 136627 36902 19414 49070 20196 39144 27058 7661 18563 17560 26779 14392 8427 4340 1150 3190 12365 33461 29136 5316 2521 5965 28274 11749 10888 17191 3441 3578 22995 22489 20317 12184 5716 2172 5204 13613 6111 3816 3285 3168 1382 26075 16525 9518 13170 8982 16073 7007 6254 3628 2345 1580 4372 25539 20518
is_linear=0
shrinkage=0.03


Tree=46
num_leaves=63
num_cat=0
split_feature=3 0 3 5 2 5 5 2 3 5 5 3 0 3 5 24 3 13 20 13 27 23 28 5 21 24 23 23 23 28 19 17 28 31 3 25 2 24 24 27 21 24 27 23 5 23 32 24 31 24 32 20 16 31 24 27 24 23 23 32 25 5
split_gain=147438 14441.5 14045.4 4175.74 2927.88 2338.43 2179.83 2151.25 1149.63 980.043 842.812 834.143 734.627 727.159 580.812 442.207 429.812 427.464 465.195 418.225 509.928 411.857 572.94 405.225 395.264 393.489 385.74 652.459 624.411 517.425 340.047 392.335 392.411 328.11 318.401 316.53 306.682 306.506 301.859 372.186 347.657 293.428 328.975 287.152 283.906 278.854 274.085 520.847 1078.88 409.133 363.875 284.836 279.455 299.001 304.688 273.767 769.656 405.373 696.146 606.642 372.269 366.87
threshold=1.2823637686377889 0.38779720664024359 2.5444738851146274 0.44628822898404658 3.1574081112048957 0.59309032245526805 0.65710316699761506 1.7768058128265134 0.46421682375149037 0.46465076060914806 1.0770132188554573 0.57592940481887334 0.33644320070743566 4.2180701096071482 1.5620564060452398 -0.98376170968447474 0.57592940481887334 2.3183055131959738 41.264788150328762 1.2350018859849314 0.071505376344086033 0.094275748646527283 0.97753948702077642 -1.0924886860856216 21.691890221558243 0.83910684176851646 0.36075750887067765 0.62729398729515495 0.52941438753421288 1.2496530900440923 1.2580764688618318 73.950000000000017 1.0000000180025095e-35 2.4633867673189442 3.9522380642614769 12.904465170857568 1.8131298195479004 -0.75674278485945512 0.74541039586774327 0.019892473118279574 13.310367659907348 -0.99904236206516772 0.17043010752688173 -0.21293867525431634 -0.54222009404686644 0.29591579977684268 -1.1259900067348807 -0.73385833101097553 1.4195821523821803 -0.13690101447512068 -1.2345705023673161 38.810513370996993 9.9500000000000011 1.2526450609555539 -0.17082345007074987 0.041397849462365598 -0.98376170968447474 -0.84374447618434878 -0.92632396825149488 -0.041169588262951397 7.4454720761186346 -0.45154460233313215
decision_type=2 2 2 2 2 2 2 2 2 2 2 2 2 2 2 2 2 2 2 2 2 2 2 2 2 2 2 2 2 2 2 2 2 2 2 2 2 2 2 2 2 2 2 2 2 2 2 2 2 2 2 2 2 2 2 2 2 2 2 2 2 2
left_child=1 8 3 7 5 17 11 12 -1 13 36 -3 15 21 -7 -2 -8 -4 26 -14 -21 22 23 37 -13 46 29 28 -28 -19 35 32 -32 -31 -11 -9 -5 -6 39 40 -17 -25 -43 44 -15 -23 49 48 -48 -10 -51 52 -49 54 -54 57 -57 58 -33 -59 -60 -62
right_child=2 6 4 10 9 14 16 30 25 34 -12 24 19 43 -16 38 -18 18 -20 20 -22 45 -24 41 -26 -27 27 -29 -30 33 31 55 -34 -35 -36 -37 -38 -39 -40 -41 -42 42 -44 -45 -46 -47 47 51 -50 50 -52 -53 53 -55 -56 56 -58 59 60 -61 61 -63
leaf_value=-0.024954406682309419 0.0186686399406913 -0.013925420766534555 0.019054063050700672 0.016263886189675662 0.069533332846934526 0.036710153115911283 0.0007662870674396469 0.012802233256050904 -0.022824840583224142 0.043855035071118161 0.034147371232689495 0.001839808999269249 0.00027278061198761155 0.070331349631186146 0.062121831634803594 0.01136855630797028 0.014872049028032059 0.022451653416569628 0.0039283558343160144 0.0071961636475014251 0.036455761846272181 0.014432796457824502 0.024339197381486037 0.017775508867394881 -0.0069383706624398037 -0.028563567854576307 0.032779664519587269 0.018915609063468938 0.069045838456282885 0.027675720691624241 0.015866968592577663 0.014540786613861871 0.001299175723910008 0.060928301432966014 0.061140232105160244 -0.0031011092030533934 0.025209213495293734 0.037181148908119792 -0.027476144541531456 -0.016868442398275594 -0.0071907597545392589 0.035059670345035092 0.051949142662342636 0.032013657258247653 0.045608570358736923 0.029814110237759844 0.039612894366147171 0.0027159175103950188 -0.017473331618878946 0.0096188377271147173 -0.02270797883768888 -0.028275804766919464 -0.011042742883805948 -0.0037461125998168193 -0.030914281353439117 0.046485284224017299 0.014210849291395357 0.0070611861373676196 0.015122288504315047 0.020590842751445643 0.062307610109297848 0.032000386620121488
leaf_weight=118660 608 9910 22342 7812 590 6885 2908 2683 5253 3075 5470 8080 9537 501 928 1400 5864 11695 861 15257 551 1731 4135 794 10760 2094 1060 1179 733 562 3298 4331 3356 532 1476 1936 6251 516 640 1865 2565 10423 1177 1231 3236 2804 522 1033 681 746 533 1065 1484 1483 1315 1014 1935 7635 612 4899 564 1048
leaf_count=118660 608 9910 22342 7812 590 6885 2908 2683 5253 3075 5470 8080 9537 501 928 1400 5864 11695 861 15257 551 1731 4135 794 10760 2094 1060 1179 733 562 3298 4331 3356 532 1476 1936 6251 516 640 1865 2565 10423 1177 1231 3236 2804 522 1033 681 746 533 1065 1484 1483 1315 1014 1935 7635 612 4899 564 1048
internal_value=1.30376e-05 -0.0193503 0.0204003 0.0119703 0.0295596 0.0247842 -0.00288781 0.00835014 -0.0239301 0.0366036 0.0241478 -0.00688184 0.00284848 0.0344285 0.0397663 -0.00569387 0.010199 0.0217753 0.0254261 0.00523472 0.00822723 0.0320866 0.0341676 0.0371679 -0.00317414 -0.016426 0.0265988 0.0363662 0.0477565 0.0243157 0.0137039 0.0149202 0.00852607 0.0440497 0.049522 0.00614039 0.0202476 0.0546748 -0.00799591 -0.00583572 -0.000631595 0.0355842 0.036795 0.0448369 0.0490126 0.0239655 -0.0146159 -0.0107236 0.00735868 -0.0191229 -0.00388874 -0.0141362 -0.0112791 -0.0146545 -0.0204171 0.0168485 0.0253682 0.015526 0.0215745 0.0123554 0.0352086 0.042764
internal_weight=336124 172391 163733 85267 78466 46777 37522 65734 134869 31689 19533 28750 32423 27138 7813 7078 8772 38964 16622 25345 15808 22170 17635 13500 18840 16209 15761 2972 1793 12789 33311 28692 6654 1094 4551 4619 14063 1106 6470 5830 3965 12394 11600 4968 3737 4535 14115 7583 1203 6532 1279 6380 5315 4282 2799 22038 2949 19089 6555 12534 2224 1612
internal_count=336124 172391 163733 85267 78466 46777 37522 65734 134869 31689 19533 28750 32423 27138 7813 7078 8772 38964 16622 25345 15808 22170 17635 13500 18840 16209 15761 2972 1793 12789 33311 28692 6654 1094 4551 4619 14063 1106 6470 5830 3965 12394 11600 4968 3737 4535 14115 7583 1203 6532 1279 6380 5315 4282 2799 22038 2949 19089 6555 12534 2224 1612
is_linear=0
shrinkage=0.03


Tree=47
num_leaves=63
num_cat=3
split_feature=1 1 2 1 2 1 1 2 24 2 5 1 31 2 5 20 1 1 31 13 31 24 4 24 24 24 24 3 3 24 19 34 24 32 13 24 32 16 24 21 9 31 19 24 26 7 25 34 17 24 26 7 10 31 25 19 3 28 30 13 25 26
split_gain=140421 14954.5 11819.3 3665.64 2940.55 1936.26 1274.76 1249.84 837.341 781.868 706.909 643.501 479.773 477.267 448.742 439.812 438.827 431.976 423.47 364.329 359.82 347.495 345.048 335.518 344.568 676.165 547.356 413.609 322.759 321.592 313.451 282.872 278.801 304.674 351.768 264.241 288.984 261.893 261.041 660.758 260.609 425.861 306.741 259.275 255.983 251.022 273.285 249.705 245.641 243.81 393.916 241.064 303.585 409.43 257.976 240.365 260.417 239.7 237.957 248.413 237.791 234.562
threshold=0.89001003900285547 2.8742003996605909 0.31003417874874734 1.7688336504320554 1.6761608551646381 3.9269174890273653 0.39208914962665514 2.1982253417245032 -0.99904236206516772 2.8282169024580179 1.045651058114119 0.4054678504506592 2.8791115263802709 4.23916106542588 0.79654587837592528 40.299461206478959 2.2740374981390876 1.180801969247423 1.8757975794386275 1.9566768326385497 1.3815345540486577 -0.96914236212857563 2.6223938427468183 -0.93262014971044682 -0.77873524214321999 -0.60703521118548998 -0.71010885522459943 2.6716569042831471 0.064976691951116147 -0.35273909160235833 10.425197840915478 0 0.85728304567511382 -1.1259900067348807 1.1339696474660117 -0.82964644928663578 -0.32976968430291315 9.5000000000000018 -0.99374406038856444 14.546029873324844 -0.75368336652511192 0.83306415471504047 3.6229072744295268 0.085727341951035305 28.766499137878409 3.1486236173153554 7.9703137812835569 1 73.750000000000014 -0.91968655568559032 87.28816242218015 3.2490262836836163 89.500000000000014 0.79512287308405094 7.9703137812835569 5.6010034669341282 0.91504656598004208 1.0000000180025095e-35 2 1.2986950909146115 4.8798862397069902 82.544995689392081
decision_type=2 2 2 2 2 2 2 2 2 2 2 2 2 2 2 2 2 2 2 2 2 2 2 2 2 2 2 2 2 2 2 9 2 2 2 2 2 2 2 2 8 2 2 2 2 8 2 9 2 2 2 8 10 2 2 2 2 2 1 2 2 2
left_child=2 3 6 7 8 13 28 17 -4 16 -7 19 35 14 22 18 -5 -2 60 32 -18 -9 61 -23 27 26 -26 -25 -1 -27 38 -20 33 34 48 49 -37 -14 39 -22 41 -35 -43 -30 -36 55 -47 -24 -10 50 -11 52 -42 -54 -53 56 -13 -33 -19 -60 -6 -3
right_child=1 5 4 9 15 10 -8 21 11 12 -12 45 37 -15 -16 -17 20 58 31 -21 30 23 47 24 25 29 -28 -29 43 -31 -32 57 -34 40 44 36 -38 -39 -40 -41 51 42 -44 -45 -46 46 -48 -49 -50 -51 -52 54 53 -55 -56 -57 -58 -59 59 -61 -62 -63
leaf_value=-0.024818632952062589 0.00099730580224273988 0.022698026511751977 0.028419445789393243 0.014324914215716309 -0.01822324787172596 0.039814663782590284 -0.0095024564869005349 0.035194741052659601 -0.034782200297428609 0.011298773934022498 0.05784953305576241 -0.0024334209294645244 0.017055414213581432 0.056960878026853644 0.036187088959803472 0.034140241536434385 0.029126642615146407 0.010925058672724811 -0.0035637657974647093 -0.00029448557740997767 -0.017808193046945031 -0.0044826926424218726 0.024275952213027863 0.014747905831992021 0.019665398985675746 0.040328917656975355 -0.020636986018421781 0.05002221610768734 -0.018895175084231917 0.015934556157203968 0.0034882257810322356 0.011143820642639616 -0.025888991808404784 0.021597754227540896 -0.024189462804649436 0.0017973877433718408 0.021407378699849239 0.040256152761480972 0.020212960017039306 0.020022225550121883 -0.01449179609769812 -0.020948258533549743 0.0074031049268674263 -0.024119038053787907 0.00022109769595279676 -0.01049111547661896 0.00024755689960823753 0.032924330517742802 -0.018413793782396746 0.044064096295577143 0.038535593701143483 -0.020823784598295272 0.025173370081361435 -0.0082372400572653433 -0.00094015238760039197 -0.0096765182966433074 0.013908906892028089 0.025992502810594696 0.00083871330283144443 0.0085936731546723717 0.0046170770760345205 0.034078714566253505
leaf_weight=91133 13666 11903 535 27099 560 11004 5817 1079 1055 1104 2416 1893 542 576 7219 732 3237 11046 657 1869 587 606 4486 586 524 743 706 619 18036 1427 1200 2222 1670 588 535 935 2449 2534 21023 1392 1620 792 600 16557 1361 7124 3043 12627 3909 690 846 3097 531 855 725 1364 1629 1763 6731 8302 1493 1914
leaf_count=91133 13666 11903 535 27099 560 11004 5817 1079 1055 1104 2416 1893 542 576 7219 732 3237 11046 657 1869 587 606 4486 586 524 743 706 619 18036 1427 1200 2222 1670 588 535 935 2449 2534 21023 1392 1620 792 600 16557 1361 7124 3043 12627 3909 690 846 3097 531 855 725 1364 1629 1763 6731 8302 1493 1914
internal_value=-8.37705e-05 0.0200256 -0.0188106 0.013736 -0.0049996 0.0332515 -0.0232432 0.00728629 -0.00865739 0.0184007 0.0430818 -0.00924044 0.0265471 0.0298397 0.0294228 0.0121312 0.0170391 0.00531834 0.00970111 -0.0128799 0.0197165 0.0197071 0.0278384 0.0164696 0.0192287 0.0143067 -0.00345741 0.0329999 -0.0238785 0.0243606 0.0184521 0.0147143 -0.0142361 -0.0129862 -0.0177278 0.021591 0.0159998 0.0362024 0.0192318 0.00878458 -0.0092853 0.000297524 -0.00874508 -0.0213986 -0.00671241 -0.00459392 -0.00727847 0.0306984 -0.0219241 0.0287141 0.0231837 -0.0120623 -0.00569255 0.0046074 -0.0170582 0.000993941 0.00513426 0.017693 0.00758204 0.00512284 -0.00164225 0.0242863
internal_weight=335583 161818 173765 109673 42222 52145 131543 46035 34795 63638 13420 34260 9100 38725 38149 7427 54538 39745 6695 19207 27439 6290 30930 5211 4605 3400 1230 1205 125726 2170 24202 4642 17338 15668 6860 6024 3384 3076 23002 1979 8808 1980 1392 34593 1896 15053 10167 17113 4964 2640 1950 6828 3006 1386 3822 4886 3522 3985 26079 15033 2053 13817
internal_count=335583 161818 173765 109673 42222 52145 131543 46035 34795 63638 13420 34260 9100 38725 38149 7427 54538 39745 6695 19207 27439 6290 30930 5211 4605 3400 1230 1205 125726 2170 24202 4642 17338 15668 6860 6024 3384 3076 23002 1979 8808 1980 1392 34593 1896 15053 10167 17113 4964 2640 1950 6828 3006 1386 3822 4886 3522 3985 26079 15033 2053 13817
cat_boundaries=0 1 2 3
cat_threshold=8265 1025 1
is_linear=0
shrinkage=0.03


Tree=48
num_leaves=63
num_cat=0
split_feature=1 1 2 1 2 2 1 1 5 2 1 27 2 1 23 23 24 31 1 19 27 23 13 24 23 24 32 24 32 18 24 1 7 26 24 17 24 27 31 17 1 32 26 5 27 18 23 23 23 31 23 2 29 31 24 17 24 26 21 26 27 24
split_gain=133187 15717.5 9166.2 3120.12 3071.52 2833.87 1645.16 847.223 768.566 767.342 735.933 492.009 484.667 480.447 472.321 954.178 676.282 507.762 463.77 453.025 891.359 556.861 710.987 394.716 383.933 880.876 376.268 354.469 659.089 344.24 514.351 342.793 335.569 325.269 487.078 537.794 325.223 324.111 320.207 308.534 306.002 303.107 301.779 302.148 289.644 358.198 280.693 459.851 280.387 275.808 441.166 322.569 271.754 363.176 267.325 350.484 265.003 259.734 248.038 244.453 259.182 239.582
threshold=0.74006057318593832 2.5021014733873388 0.31003417874874734 3.7536527174678422 2.064989111574286 1.5396391408900023 1.5387958037638965 0.21507797274963339 1.5620564060452398 3.2934105902536182 3.0938889153692721 0.074731182795698944 2.1319088780079398 0.21511226468267011 -0.52941438753421244 -0.45473838294431457 -0.5793997530542554 2.9751562952218671 1.9629372736191468 3.6229072744295268 0.041397849462365598 -0.31226905285971468 1.9920624853864328 -0.99374406038856444 -0.82482438823869786 -0.25466173847491491 0.64392197317291999 -0.36874934642598389 0.022219004642296532 583.03248182830828 -0.246361274293315 4.7568862410327446 1.9284046925136453 27.275717639923077 -0.5 76.15000000000002 -0.99963164097526602 0.18655913978494629 2.3275515126564854 73.950000000000017 1.0867665582944832 -1.1176363150522846 127.12684478759762 0.6720439639416812 0.043548387096774201 637.19260424194351 0.36075750887067765 0.67924831531502439 -0.71612580616132582 2.6904726922044726 -0.15389057670406206 2.2342619908852988 -0.44453435048290696 3.5912393499179838 -0.64713682673509032 76.300000000000026 -0.98376170968447474 13.871541118621819 11.481596374456553 69.306928062438956 0.029569892473118285 -0.99374406038856444
decision_type=2 2 2 2 2 2 2 2 2 2 2 2 2 2 2 2 2 2 2 2 2 2 2 2 2 2 2 2 2 2 2 2 8 2 2 2 2 2 2 2 2 2 2 2 2 2 2 2 2 2 2 2 2 2 2 2 2 2 2 2 2 2
left_child=2 4 7 10 6 13 11 -1 31 14 37 40 -7 29 16 -16 17 18 48 21 26 -17 -23 -8 25 39 49 28 58 32 -31 61 41 -34 -35 -36 -12 57 -14 -25 -2 -4 43 52 45 -29 59 -48 -6 51 -51 -21 -38 -54 -43 -56 -22 -3 -18 60 -24 -5
right_child=1 3 5 8 9 12 23 -9 -10 -11 36 -13 38 -15 15 19 27 -19 -20 20 56 22 46 24 -26 -27 -28 44 -30 30 -32 -33 33 34 35 -37 42 -39 -40 -41 -42 54 -44 -45 -46 -47 47 -49 -50 50 -52 -53 53 -55 55 -57 -58 -59 -60 -61 -62 -63
leaf_value=-0.023417249838340846 -0.0010938352271405668 0.037170058319278804 -0.027657400171358076 0.028288185797822725 -0.023486592489859688 0.004607870732565026 -0.0012667870682360699 -0.014683038627777239 0.063458471665894564 0.041273610609237801 0.0064073340676259246 0.025300138950402656 0.0089464172126120494 -0.0062705621186934218 0.050073600605684054 -0.0041249204257595316 0.0017817333893762411 0.032164114947576136 0.0090663455358900719 0.021523540646549898 0.060231343900879634 0.0078424124215148213 0.025891478080427705 -0.015699795439377072 0.01574532391892134 0.015221633080901638 0.041540186061983356 0.019791905105074049 0.050342295224839823 0.0021756304584283903 -0.020771829606211857 0.053485234370697597 -0.026658368084603472 -0.029850468865559997 -0.022380125485998457 0.0052208341219999142 0.036005543963127634 0.046618500843009891 0.029006210673752381 0.0027141719060992868 0.0046496667668813113 0.014102934125080704 0.045776910133543208 0.035483137685970154 -0.0066776072596522592 0.0022398534389570929 0.046283091316897854 0.013553379495878858 0.0012836177166907928 0.042786293730941276 0.0056756969754288367 -0.0048801790118858275 0.024613688689652469 0.048859319357009878 -0.028302874358315713 0.0025708550896565868 0.034181488893550299 0.021912261704660554 0.025277672624839338 0.032115132960738771 0.0020442368599508237 0.03890341212541408
leaf_weight=119345 14964 1045 528 2332 853 4903 1833 10944 1209 1294 526 839 1300 14780 977 1147 598 514 2389 713 673 3341 748 1152 18089 6630 524 5477 798 2369 1392 1301 3620 1193 1112 1470 2801 506 1607 2799 18875 620 1097 5792 523 1295 1177 582 789 605 550 988 12988 582 539 843 796 30376 1249 938 903 12752
leaf_count=119345 14964 1045 528 2332 853 4903 1833 10944 1209 1294 526 839 1300 14780 977 1147 598 514 2389 713 673 3341 748 1152 18089 6630 524 5477 798 2369 1392 1301 3620 1193 1112 1470 2801 506 1607 2799 18875 620 1097 5792 523 1295 1177 582 789 605 550 988 12988 582 539 843 796 30376 1249 938 903 12752
internal_value=6.46746e-05 0.0188338 -0.0189708 0.0292847 0.0108206 -0.00563254 0.00714531 -0.0226842 0.0403029 0.0186879 0.0258019 0.00267467 0.0103709 -0.0100243 0.0176783 0.0214774 0.0138267 0.00423422 0.000637395 0.0194183 0.026792 0.0153589 0.0182662 0.0122266 0.0130894 0.00854349 0.0182666 0.0182084 0.0276217 -0.0140744 -0.00633386 0.0385755 -0.0170029 -0.0202291 -0.0140367 -0.00668646 0.0298038 0.0228162 0.0200663 -0.00266788 0.00211004 -0.00755177 0.0303314 0.0295567 0.0147788 0.0164396 0.0262576 0.0355229 -0.0116165 0.0139313 0.0252152 0.00621799 0.0274498 0.0256712 -0.0021935 -0.00952897 0.0462797 0.0224255 0.0176958 0.0199063 0.012894 0.0372722
internal_weight=335494 168929 166565 73307 95622 36276 65181 130289 17594 30441 55713 34678 7810 28466 29147 14662 14485 4545 4031 13685 4849 8836 7689 30503 28670 10581 3380 9940 2645 13686 3761 16385 9925 7395 3775 2582 23786 31927 2907 3951 33839 2530 23260 22163 7295 6772 4348 1759 1642 2856 1155 1701 16371 13570 2002 1382 1469 31421 1847 2589 1651 15084
internal_count=335494 168929 166565 73307 95622 36276 65181 130289 17594 30441 55713 34678 7810 28466 29147 14662 14485 4545 4031 13685 4849 8836 7689 30503 28670 10581 3380 9940 2645 13686 3761 16385 9925 7395 3775 2582 23786 31927 2907 3951 33839 2530 23260 22163 7295 6772 4348 1759 1642 2856 1155 1701 16371 13570 2002 1382 1469 31421 1847 2589 1651 15084
is_linear=0
shrinkage=0.03


Tree=49
num_leaves=63
num_cat=4
split_feature=1 1 3 1 2 1 1 2 24 13 2 24 5 23 23 13 23 25 30 3 24 5 22 4 23 27 29 32 23 3 24 13 16 31 24 32 18 22 24 24 23 23 24 16 24 13 27 18 23 23 31 16 23 23 23 24 17 29 22 24 23 27
split_gain=126430 12086.4 12056 2586.92 2439.63 2108.58 1730.32 1257.18 958.216 712.135 687.021 651.769 630.077 618.461 1197.73 495.426 442.147 436.055 431.215 419.292 417.404 416.895 416.153 414.568 412.228 504.402 359.157 401.85 347.077 349.512 516.357 346.286 340.164 318.899 301.588 377.536 481.037 409.656 289.567 529.618 286.996 514.761 407.334 320.094 985.25 431.797 479.701 369.237 330.624 315.173 273.495 374.879 269.68 262.085 448.081 392.4 381.814 330.124 257.595 285.174 275.675 283.285
threshold=0.9915146303373098 2.8601720838512592 0.68809737042529651 1.8718409304840116 1.8780037666810316 0.3435640621522314 3.9269174890273653 2.4313508049437913 -0.99904236206516772 1.5279727003785919 2.9855211657054217 0.77873524214322021 1.2808433483002077 0.60019216940316622 0.66655057241353266 1.9566768326385497 0.43938332272944891 2.0135780812952153 0 4.283275049264347 -0.96914236212857563 0.47241611350734464 1 2.5089439029973719 0.97516411509186673 1.0000000180025095e-35 0.1836773534595661 0.29370725098130773 -0.99466323211226826 1.409436483156298 -0.13690101447512068 1.6803221766507339 19.900000000000002 1.948943651910201 -0.35273909160235833 -1.1378957227842774 54.840375538382411 2 -0.77873524214321999 -0.60703521118548998 -0.87025318080773884 -0.85283291294431784 -0.25466173847491491 10.250000000000002 -0.99815866078541837 1.7647574848715892 0.05537634408602151 95.279387155111735 -0.15389057670406206 -0.49998158062385478 2.0686354849344961 9.1000000000000032 0.1283936251113518 -0.10282099713736061 -0.49998158062385478 -0.88264628153994396 73.750000000000014 0.09525087604983648 3 0.10281720934011641 -0.58637393129089832 0.019892473118279574
decision_type=2 2 2 2 2 2 2 2 2 2 2 2 2 2 2 2 2 2 1 2 2 2 1 2 2 2 2 2 2 2 2 2 2 2 2 2 2 1 2 2 2 2 2 2 2 2 2 2 2 2 2 2 2 2 2 2 2 2 1 2 2 2
left_child=2 3 5 7 8 -1 19 15 -4 13 18 58 -8 16 -15 32 17 -10 22 21 -6 23 -5 31 34 -26 27 -22 -19 30 -30 -3 -2 -28 35 -16 -37 -38 -9 -40 42 -42 -20 44 -43 -45 -47 -48 49 -46 -50 -52 -17 54 57 56 -56 -25 59 60 61 -11
right_child=1 6 4 10 20 -7 12 38 9 11 -12 -13 -14 14 24 52 -18 28 40 -21 26 -23 -24 53 25 -27 33 -29 29 -31 -32 -33 -34 -35 -36 36 37 -39 39 -41 41 43 -44 45 48 46 47 -49 50 -51 51 -53 -54 -55 55 -57 -58 -59 -60 -61 -62 -63
leaf_value=-0.022563684789204966 0.0059866249775547371 0.0031855213425432019 0.029780476545344058 0.0053347046126265884 0.032198011076083478 -0.0091816823033038369 0.038177369598559094 0.031268666736730413 -0.022563693008825797 0.010225864181567618 0.02832804573417692 -0.018626358480576352 0.057984823710891739 0.038480534500670648 -0.016161991359539402 0.010154192454446775 -0.028112372853756749 -0.023381111250850909 0.0052139390158595939 0.051567329370972519 -0.00071112340362058804 0.032027455984603569 0.022358670389860426 0.031574187996671138 -0.014195496129361248 0.020117075952484208 0.0039108783140611109 0.023315464105810958 -0.014315888776015754 6.8497403522958352e-05 0.0037011154015783947 0.022133452857990826 -0.0061148057096381226 0.030343243959457856 -0.020914356574525256 0.02414083027349892 0.013032305108142956 -0.020467855948890105 -0.0021863441169766959 0.026838214544637518 0.041116704692840671 -0.022876853198657905 0.018549173105026226 0.012787460399384235 0.0126424251913553 0.017612531505724543 0.026192438024716665 0.050475530421672188 0.025096230704092184 0.029489231765253414 0.019964074585277262 -0.0068536245989453543 0.02228361822633438 0.023155025586691386 0.047032310419717997 0.057692043022167287 0.027320933745537946 0.017603122975464611 -0.0019690240819436391 0.021823935737855116 0.014397071736530107 -0.014344413381292361
leaf_weight=126066 30572 996 654 1440 982 11580 11920 2192 2464 733 5323 1383 1667 599 1540 6808 1464 1342 5360 681 2583 13626 15474 3556 608 1036 618 822 7063 3943 1793 6852 2240 1230 1538 673 543 790 894 1533 749 706 3351 7654 2454 6604 2551 732 542 1698 672 1523 2182 6315 1351 759 2665 2705 3820 1109 1310 983
leaf_count=126066 30572 996 654 1440 982 11580 11920 2192 2464 733 5323 1383 1667 599 1540 6808 1464 1342 5360 681 2583 13626 15474 3556 608 1036 618 822 7063 3943 1793 6852 2240 1230 1538 673 543 790 894 1533 749 706 3351 7654 2454 6604 2551 732 542 1698 672 1523 2182 6315 1351 759 2665 2705 3820 1109 1310 983
internal_value=3.51471e-05 0.0197514 -0.0171602 0.0137691 -0.00301207 -0.0214382 0.0313834 0.00851353 -0.00606102 -0.00674006 0.0180607 0.000343982 0.040628 -0.00934439 -0.00199072 0.00687062 -0.0123249 -0.010925 0.0169971 0.0281992 0.0142839 0.0277827 0.0209277 0.0254816 -0.00561981 0.0074227 0.0109075 0.00511481 -0.00888972 -0.00736174 -0.0106681 0.0197323 0.00515968 0.0215383 -0.00984049 -0.00501475 0.00356185 -0.00687937 0.0233583 0.0161643 0.0150726 0.0166591 0.0103515 0.0159223 0.0107649 0.0181516 0.0222957 0.0316753 0.0142267 0.0195593 0.00611633 0.00138334 0.0131089 0.0280756 0.0308794 0.0378241 0.0340022 0.025557 0.00365166 0.00882372 0.00406023 -0.00384985
internal_weight=335616 156347 179269 103254 41623 137646 53093 46421 35388 34734 56833 9338 13587 25396 7327 41802 18069 16605 51510 39506 6235 38825 16914 25199 6728 1644 5253 3405 14141 12799 8856 7848 32812 1848 5084 3546 2006 1333 4619 2427 34596 25885 8711 25136 7595 17541 9887 3283 6889 4152 2737 2195 8990 17351 11036 4775 4016 6261 7955 4135 3026 1716
internal_count=335616 156347 179269 103254 41623 137646 53093 46421 35388 34734 56833 9338 13587 25396 7327 41802 18069 16605 51510 39506 6235 38825 16914 25199 6728 1644 5253 3405 14141 12799 8856 7848 32812 1848 5084 3546 2006 1333 4619 2427 34596 25885 8711 25136 7595 17541 9887 3283 6889 4152 2737 2195 8990 17351 11036 4775 4016 6261 7955 4135 3026 1716
cat_boundaries=0 1 2 3 4
cat_threshold=1 16 8 17
is_linear=0
shrinkage=0.03


Tree=50
num_leaves=63
num_cat=0
split_feature=3 0 0 3 9 5 0 3 24 31 0 5 7 23 20 23 5 0 13 25 24 24 20 32 29 5 27 23 3 23 5 0 5 27 31 26 23 16 8 32 26 27 27 24 20 17 27 27 13 24 25 26 28 5 24 13 16 31 31 32 26 0
split_gain=115802 11336.6 10628 3011.51 2431.05 1526.77 1296.66 1249 1089.67 1053.51 962.78 681.259 590.682 642.115 647.1 579.122 575.806 575.375 537.484 532.314 522.358 521.08 573.28 508.004 851.513 492.449 459.429 436.233 428.971 425.819 423.898 410.596 406.577 399.788 377.447 369.69 352.342 350.817 345.363 333.732 389.748 458.449 333.668 399.348 359.085 358.739 332.634 506.333 374.307 343.597 358.676 372.888 332.386 323.324 308.016 573.546 389.174 294.636 281.824 279.071 276.788 275.567
threshold=1.2823637686377889 0.47009709477424627 2.5110985040664677 2.1857993469766117 -0.30372820514072474 0.81629062703414335 1.3083063364028933 0.36783048683535097 -0.99904236206516772 2.8094112341217894 3.3093783855438237 0.41861606954447333 2.4895739395974492 -0.73388536643219904 41.264788150328762 0.99628166032228249 0.71592394458003861 0.26166167855262762 1.1444449833251094 15.0635107301456 -0.93867560834980956 -0.96914236212857563 40.299461206478959 -0.024719772164475847 1.6641722339275355 1.5620564060452398 0.074731182795698944 -0.69174588062027931 0.38458841776313096 -0.99466323211226826 0.173131529880996 3.6814293861389165 -1.2370382330199026 0.15322580645161293 3.0005303793656686 111.44767532348615 -0.99937381720471408 18.450000000000003 3.2408314266086586 -0.024719772164475847 30.566773700714105 0.019892473118279574 0.087634408602150549 -0.98933596577443683 39.885580166800132 76.300000000000026 0.0059139784946236574 0.0069892473118279581 0.68078351398014003 -0.21294651993841582 2.0987794223732208 5.4116878867149163 -0.64126272722585786 0.31993551133472392 -0.78938882915716746 2.3413576722168412 9.7500000000000018 1.0818528414148907 2.283765295452937 -0.99021403563191857 127.12684478759762 2.0281167030334477
decision_type=2 2 2 2 10 2 2 2 2 2 2 2 10 2 2 2 2 2 2 2 2 2 2 2 2 2 2 2 2 2 2 2 2 2 2 2 2 2 10 2 2 2 2 2 2 2 2 2 2 2 2 2 2 2 2 2 2 2 2 2 2 2
left_child=1 7 3 6 11 28 8 -1 -2 21 42 33 -10 29 17 46 18 -15 -8 20 -11 22 -5 30 52 38 -20 34 -3 36 54 -13 -21 -4 -22 -35 -14 -29 -12 40 -31 -42 43 45 -45 -6 49 -48 -49 50 51 -9 -25 -30 55 56 -23 -43 -57 -59 -37 -54
right_child=2 5 4 9 10 -7 16 15 12 19 25 31 13 14 -16 -17 -18 -19 26 32 27 23 -24 24 -26 -27 -28 37 53 39 -32 -33 -34 35 -36 60 -38 -39 -40 -41 41 57 -44 44 -46 -47 47 48 -50 -51 -52 -53 61 -55 -56 58 -58 59 -60 -61 -62 -63
leaf_value=-0.022084165102993453 0.038354525491331434 -0.012281784822749685 0.027251332538579264 0.020279271075129453 0.018115806434056404 0.012778901945008895 0.00051369652965531755 -0.0099053409432950882 0.01273981506234771 0.0083367761694712605 0.03082750675728706 0.037588338438578707 0.01079627632512711 -0.019628133864834734 0.02043016234072766 0.013283623076340354 0.021523221874176057 -0.0037955342738241627 0.010870239778787205 0.057842077334534683 -0.0020653093491961334 -0.0047944573962688973 0.051373529245184103 0.031760266058271744 0.049741592041525381 0.050848775093226453 0.039135238350881785 0.043291253266100144 -0.0050758860666332605 -0.0071080155503516311 0.021720661414129393 0.052045631407658909 0.030772550914590548 0.058020365433902488 0.028090840802025945 0.016964645919939791 -0.019358203847824277 0.017519850383220684 0.02182892094993015 0.022111559242792206 0.017481946340137406 -0.020621564516957517 0.030385505591979979 0.021354508090785835 0.010439278798140715 -0.0054252821143754154 0.0128066752003301 -0.020473076291073578 -0.0065959100135944068 -0.022249521704026821 -0.01759565522799679 0.019321425264251645 0.0097907309263008321 0.0026732138398754585 0.0056497369200997384 0.045206205199860419 0.014036165478017707 0.022606626775304086 0.018503158903702695 -0.0048927232602251356 0.038621974966371285 0.020957968107743648
leaf_weight=117059 701 4706 9091 4739 1217 5933 4904 1584 3090 1717 10606 6779 513 2825 765 655 4106 7663 17762 728 636 1314 600 1141 751 861 529 1734 13337 1777 2740 2462 1669 732 898 676 1067 668 6125 1187 2663 531 2450 20900 3134 1110 768 3153 3938 7780 4709 517 4768 7606 10002 653 3948 529 801 875 2690 3429
leaf_count=117059 701 4706 9091 4739 1217 5933 4904 1584 3090 1717 10606 6779 513 2825 765 655 4106 7663 17762 728 636 1314 600 1141 751 861 529 1734 13337 1777 2740 2462 1669 732 898 676 1067 668 6125 1187 2663 531 2450 20900 3134 1110 768 3153 3938 7780 4709 517 4768 7606 10002 653 3948 529 801 875 2690 3429
internal_value=2.96645e-05 -0.0171669 0.0181204 0.0115841 0.0270853 -0.000929338 0.00669049 -0.0208255 0.00163174 0.0174508 0.0231604 0.0351983 0.000527678 -0.00132522 -0.00612192 -0.0144449 0.0111709 -0.00806745 0.00933412 0.0272357 0.0221761 0.0151893 0.0238185 0.0136263 0.0190908 0.0286956 0.0116982 0.028195 -0.00410213 0.0045792 0.0107887 0.0414661 0.0390972 0.0307927 0.0156219 0.0386059 -0.00956437 0.0361755 0.0275407 0.00753872 0.00481011 0.00941886 0.0197762 0.0187845 0.0199336 0.00689894 -0.0152567 -0.0102698 -0.0127764 -0.0179385 -0.0130007 -0.00268462 0.0166005 -0.00226163 0.00899104 0.0139593 0.00933379 -0.00169424 0.0306095 0.00551195 0.0343041 0.0144722
internal_weight=335001 171745 163256 94423 68833 31582 51487 140163 24186 42936 46403 22430 23485 20395 11253 23104 27301 10488 23195 8050 5653 34886 5339 29547 10089 17592 18291 3936 25649 9142 19458 9241 2397 13189 1534 4098 1580 2402 16731 7562 6375 4598 28811 26361 24034 2327 22449 7859 7091 14590 6810 2101 9338 20943 16718 6716 5262 1935 1454 1404 3366 8197
internal_count=335001 171745 163256 94423 68833 31582 51487 140163 24186 42936 46403 22430 23485 20395 11253 23104 27301 10488 23195 8050 5653 34886 5339 29547 10089 17592 18291 3936 25649 9142 19458 9241 2397 13189 1534 4098 1580 2402 16731 7562 6375 4598 28811 26361 24034 2327 22449 7859 7091 14590 6810 2101 9338 20943 16718 6716 5262 1935 1454 1404 3366 8197
is_linear=0
shrinkage=0.03


Tree=51
num_leaves=63
num_cat=1
split_feature=1 1 3 1 3 1 1 3 26 23 5 1 31 24 23 16 24 24 31 5 3 24 5 24 23 27 21 7 26 24 24 29 31 32 26 32 19 24 16 24 23 29 16 31 23 7 34 5 23 23 31 13 26 6 31 20 13 24 3 23 16 31
split_gain=112764 10790.4 10314.4 2345.6 2122.1 1843.89 1618.23 1041.94 860.667 1213.26 596.024 556.529 534.206 742.433 528.47 621.533 501.548 626.391 543.117 443.778 433.415 428.63 406.178 364.583 363.56 495.664 414.946 352.704 352.105 524.356 1182.76 667.798 562.146 356.744 350.912 381.423 345.955 345.402 373.654 828.269 531.399 380.241 334.061 328.579 315.845 350.644 302.075 297.195 294.685 288.466 398.848 279.16 354.307 267.295 254.984 297.358 274.723 253.238 246.609 268.243 565.13 244.927
threshold=0.9915146303373098 2.8601720838512592 0.68809737042529651 1.9349758304733309 1.6006417500390075 0.3435640621522314 3.9269174890273653 2.3365327510033005 55.523709487915028 -0.62729398729515451 1.0770132188554573 0.29016371848986616 1.8757975794386275 -0.8099950225495034 0.41612469599147456 18.450000000000003 -0.72208999473568902 -0.61385614182261172 2.3955888758629826 -0.76837931913378099 4.283275049264347 -0.10281720934011651 0.85460566359260415 -0.96914236212857563 0.1283936251113518 0.075806451612903239 70.699020468213646 2.2396541499061748 82.544995689392081 -0.8905837001257676 -0.87444874304365161 0.090987515499620877 3.5912393499179838 0.42574939807620293 9.6390392780303813 -1.1176363150522846 5.2450690341885755 0.37672789363518527 10.250000000000002 -0.99815866078541837 -0.51477383718533543 0.11853411682973876 16.900000000000002 0.62556796935247927 -0.83440738405450643 8.2175790548448813 0 0.40146962258222235 0.21293867525431665 0.11135109471829405 3.0199183521321147 2.114843225162153 87.28816242218015 8.5000000000000018 1.4195821523821803 37.232655154541476 1.8634635732587796 -0.91968655568559032 0.070915356914242902 0.99863729997741479 10.650000000000002 1.1272212707568039
decision_type=2 2 2 2 2 2 2 2 2 2 2 2 2 2 2 2 2 2 2 2 2 2 2 2 2 2 2 8 2 2 2 2 2 2 2 2 2 2 2 2 2 2 2 2 2 8 9 2 2 2 2 2 2 2 2 2 2 2 2 2 2 2
left_child=2 3 5 7 11 58 20 24 12 -10 -8 34 -6 14 15 23 46 -18 -19 49 22 44 28 -14 26 -26 -2 36 29 32 -31 33 42 -32 -4 61 -13 38 39 -21 41 -40 47 -37 -15 -46 -9 -3 -11 50 -5 57 -53 -28 -43 56 -56 -42 -1 -60 -61 -36
right_child=1 6 4 19 8 -7 10 16 9 48 -12 27 13 21 -16 -17 17 18 -20 37 -22 -23 -24 -25 25 -27 53 -29 -30 30 31 -33 -34 -35 35 43 -38 -39 40 -41 51 54 -44 -45 45 -47 -48 -49 -50 -51 -52 52 -54 -55 55 -57 -58 -59 59 60 -62 -63
leaf_value=-0.022018242691675082 0.0065167503640661964 0.007866082061850594 -0.022934406513267294 0.024228528108505201 -0.0044686831050732836 -0.0086692345570938828 0.035699079405903521 0.0015390730764023785 -0.0070113629033282856 0.042794499242079932 0.052505891790119413 0.0095385185329658374 0.031396795448042795 0.038338970748932936 -0.030828588279163086 -0.017893937037881003 -0.007944967126760516 0.008079298538818688 0.033482606113624233 -0.021237050707876043 0.049947769745492442 0.0046996444566140081 0.032974306721417851 0.00011847217595733408 0.0091332336097437478 0.037073541288979821 0.0098138936115211937 -0.0068688867668602856 0.030284791430281725 0.064540291840565658 0.034825450783942821 0.017092678781509815 0.037392189761621127 0.022340994460184033 -0.020527595289209284 0.010317244418905521 -0.0097333130216386479 0.024801013749300004 0.018962512084348137 0.013467269736348011 0.014414140059340438 0.021378505045009797 0.031585703746244705 -0.0084230589223930237 0.029373846192662891 -0.0035409327657849811 0.026424833736401403 0.021796378803956368 0.017042842686841531 0.013138670567192579 0.050903533419616336 0.024264993436342749 0.046905775007738924 -0.0045722027451396132 0.0045655088132334504 -0.0042699892848407127 0.017149070417719934 0.024537291838949191 -0.01956509311247798 0.014476023666836596 -0.023757279692812168 -0.0048038566467479551
leaf_weight=91856 20551 4812 2436 1366 5214 11535 11221 501 926 1304 2319 2716 655 983 510 796 1252 2189 1157 644 702 1448 6557 682 11909 596 1439 11000 7888 690 5239 6426 1066 3466 3431 1055 1207 4344 7916 13636 5340 1481 872 4097 673 509 4401 1933 590 803 814 4895 717 5957 3232 1483 3025 3854 32749 643 747 1209
leaf_count=91856 20551 4812 2436 1366 5214 11535 11221 501 926 1304 2319 2716 655 983 510 796 1252 2189 1157 644 702 1448 6557 682 11909 596 1439 11000 7888 690 5239 6426 1066 3466 3431 1055 1207 4344 7916 13636 5340 1481 872 4097 673 509 4401 1933 590 803 814 4895 717 5957 3232 1483 3025 3854 32749 643 747 1209
internal_value=6.82942e-05 0.0186511 -0.0162015 0.0130064 -0.00308092 -0.0201547 0.0296327 0.0083291 0.00627529 0.0211083 0.0385959 -0.0080055 0.00262086 0.00852842 -0.0035523 0.0030263 0.017268 0.0101338 0.0169003 0.0173683 0.0265674 0.0173585 0.0261397 0.0155017 0.00622796 0.0104792 0.0043242 -0.00411539 0.0247513 0.0229642 0.0262194 0.0244512 0.0170212 0.0298703 -0.0127493 -0.0102051 0.00360426 0.0167017 0.0159379 0.0118953 0.017743 0.0141382 0.0141476 -0.00457923 0.0257946 0.0152447 0.0239426 0.0118715 0.0348386 0.0286223 0.0342825 0.0219092 0.0271968 -0.00176844 0.00998861 0.00779684 0.010658 0.0186687 -0.0212059 -0.0190171 -0.00608245 -0.0164402
internal_weight=335664 156693 178971 103502 41441 137530 53191 49952 14290 2820 13540 27151 11470 6256 2643 2133 9500 4598 3346 53550 39651 3613 38949 1337 40452 12505 27947 14923 32392 24504 15821 15131 8683 8705 12228 9792 3923 50567 46223 14280 31943 17137 7617 5152 2165 1182 4902 6745 1894 2983 2180 14806 5612 7396 9221 7740 6257 9194 125995 34139 1390 4640
internal_count=335664 156693 178971 103502 41441 137530 53191 49952 14290 2820 13540 27151 11470 6256 2643 2133 9500 4598 3346 53550 39651 3613 38949 1337 40452 12505 27947 14923 32392 24504 15821 15131 8683 8705 12228 9792 3923 50567 46223 14280 31943 17137 7617 5152 2165 1182 4902 6745 1894 2983 2180 14806 5612 7396 9221 7740 6257 9194 125995 34139 1390 4640
cat_boundaries=0 1
cat_threshold=9216
is_linear=0
shrinkage=0.03


Tree=52
num_leaves=63
num_cat=1
split_feature=3 3 3 5 5 2 5 2 5 5 5 5 13 27 23 5 23 23 24 27 13 23 23 23 13 23 25 26 24 24 26 25 28 2 18 26 23 24 5 34 21 16 18 25 2 25 23 23 5 3 23 26 21 16 29 20 28 2 25 25 23 5
split_gain=102128 9571.63 8235.09 2847.68 2667.29 2360.94 2025 1227.85 1210.15 760.749 585.18 581.266 580.801 512.702 511.67 452.542 426.839 709.267 408.389 451.039 435.074 549.734 733.911 644.556 408.587 404.215 643.931 394.063 485.822 419.629 894.199 450.037 385.717 334.997 331.084 337.816 316.544 436.571 328.132 315.031 312.048 299.85 293.966 293.867 282.574 283.467 274.579 265.421 263.779 258.082 329.612 404.044 256.396 248.152 444.081 246.967 243.172 256.24 242.571 238.439 270.198 235.723
threshold=1.2823637686377889 2.4298701743888609 0.46421682375149037 0.51502866469111386 0.31993551133472392 3.1772518474855422 0.47241611350734464 1.5794856284130732 0.39205092309160966 0.56882208330465667 1.5620564060452398 1.2332470453008615 1.9566768326385497 0.15322580645161293 0.1283936251113518 1.0179565718695893 -0.10282099713736061 -0.17927415433127133 -0.99904236206516772 0.14032258064516132 2.3183055131959738 0.36075750887067765 0.62729398729515495 0.52941438753421288 1.826427383240502 -0.051478754770346226 17.283627578984667 9.6390392780303813 -0.16236614133076385 0.034326335927271516 13.304888963699337 6.337706563986278 1.1904402178438807 0.77270845821920797 35.77301109931868 129.36092796325684 -0.73388536643219904 -0.02574791365498821 -0.22158048956259077 0 11.254817087138134 11.500000000000002 542.95690417327899 4.4353519155253336 2.2342619908852988 27.273474553644018 -0.025746965133975123 -0.86167001593038528 -0.54222009404686644 0.11067323186251694 0.99863729997741479 10.810992383956902 11.930268354133128 9.3500000000000032 0.30809633245342388 38.810513370996993 1.1904402178438807 2.0135656321668209 16.45874593907627 3.6384289044406151 -0.97881962527324673 -1.5481426245037879
decision_type=2 2 2 2 2 2 2 2 2 2 2 2 2 2 2 2 2 2 2 2 2 2 2 2 2 2 2 2 2 2 2 2 2 2 2 2 2 2 2 9 2 2 2 2 2 2 2 2 2 2 2 2 2 2 2 2 2 2 2 2 2 2
left_child=2 3 8 7 27 6 18 25 49 13 -8 -5 56 39 46 -6 17 34 -3 20 44 32 23 -23 -21 33 48 28 -4 30 -29 -31 42 -2 -15 -36 37 -35 -38 -7 -16 -34 59 -42 -20 -46 53 -33 -27 -1 -51 -52 -18 54 -14 -50 57 -9 -32 -22 -61 -41
right_child=1 5 4 11 15 9 10 12 -10 -11 -12 -13 14 16 40 -17 52 -19 19 24 21 22 -24 -25 -26 26 -28 29 -30 31 58 47 41 36 35 -37 38 -39 -40 61 43 -43 -44 -45 45 -47 -48 -49 55 50 51 -53 -54 -55 -56 -57 -58 -59 -60 60 -62 -63
leaf_value=-0.021246505742455107 -0.0204944364620161 0.036239357419926455 -0.0031596656947992961 0.017551091629375813 0.0035747249917154542 0.021693788580681359 0.029048021182440802 0.0056377013389145121 -0.0056288922681170788 0.04436119818757988 0.052189290926086852 0.031395897411235454 0.011613332894611708 0.059056606572888172 0.045977128950372377 0.016740068873479445 0.037201541578758053 0.074508119590288538 0.0038975752879393749 0.014457300715688492 0.037966124970498012 0.028244026487598852 0.014464572092250202 0.06459028111547481 0.046349871987902226 -0.0041271212872122315 0.036295950545442331 0.024868536087161362 -0.021003716338883462 -0.0054036435106700545 -0.011504479343439069 0.0042448595120841669 0.049701032494493848 -0.0024288224934613991 0.019268915508470656 0.03991576367628806 -0.013200534380850538 0.011697370993926422 0.00064386493877995098 0.046193922288647465 0.035125925993957606 0.020742397047316504 0.007518203824874569 0.013523781308924895 0.015361075828682017 -0.0016085871377537794 -0.0049245268615890729 0.031608635419745512 0.011283276824757712 -0.01851273147662591 -0.019749071482460474 0.017959602961214037 0.016289411706232867 0.010789280319268926 0.043993004336368199 -0.004499472513554449 0.0002813652802257565 0.012781642007819116 0.0085623778067030268 0.03075823206995177 0.015008692983881907 0.028511958018167662
leaf_weight=98914 820 987 1921 12210 8993 7962 10605 12404 5090 3205 1090 3528 1045 537 541 3178 924 519 2452 632 517 1068 1385 759 860 2446 594 645 4828 3842 18598 838 540 5146 1052 2317 2953 3183 3215 729 857 819 3096 1690 20999 924 844 512 4051 23424 510 503 1256 8537 600 1141 4192 7118 555 1125 7745 12239
leaf_count=98914 820 987 1921 12210 8993 7962 10605 12404 5090 3205 1090 3528 1045 537 541 3178 924 519 2452 632 517 1068 1385 759 860 2446 594 645 4828 3842 18598 838 540 5146 1052 2317 2953 3183 3215 729 857 819 3096 1690 20999 924 844 512 4051 23424 510 503 1256 8537 600 1141 4192 7118 555 1125 7745 12239
internal_value=-2.49217e-05 0.0169632 -0.0161365 0.0092806 -0.00492027 0.0238237 0.0201314 0.00636035 -0.0199706 0.030498 0.0312262 0.0206637 0.00970789 0.0288766 0.0145262 0.00701782 0.0361882 0.0415581 0.0171731 0.0167305 0.016143 0.019822 0.0310098 0.0434786 0.0329338 0.000982117 0.00634142 -0.00949857 -0.0159308 -0.0077586 -0.00974894 -0.000166969 0.0172157 -0.00189933 0.0370903 0.0335067 -0.000840821 0.0029734 -0.00598962 0.0265612 0.0253168 0.0323891 0.0155514 0.0208469 0.0135655 0.0146456 0.0114941 0.0147012 0.00398966 -0.0205622 -0.0177883 -0.00102878 0.0252179 0.0128568 0.0235211 0.00781385 0.00683767 0.00824509 -0.0109209 0.0181955 0.0170224 0.0295006
internal_weight=335809 163458 172351 77115 43910 86343 55603 61377 128441 30740 11695 15738 37828 27535 14114 12171 6605 4425 43908 42921 41429 17054 3212 1827 1492 23549 8232 31739 6749 24990 19798 5192 13842 15317 3906 3369 14497 8329 6168 20930 3088 1359 12483 2547 24375 21923 11026 1350 7638 123351 24437 1013 2180 10182 1645 5192 23714 19522 19153 9387 8870 12968
internal_count=335809 163458 172351 77115 43910 86343 55603 61377 128441 30740 11695 15738 37828 27535 14114 12171 6605 4425 43908 42921 41429 17054 3212 1827 1492 23549 8232 31739 6749 24990 19798 5192 13842 15317 3906 3369 14497 8329 6168 20930 3088 1359 12483 2547 24375 21923 11026 1350 7638 123351 24437 1013 2180 10182 1645 5192 23714 19522 19153 9387 8870 12968
cat_boundaries=0 1
cat_threshold=1097
is_linear=0
shrinkage=0.03


Tree=53
num_leaves=63
num_cat=0
split_feature=1 1 3 1 3 3 1 1 31 31 1 1 26 25 24 24 28 28 24 17 26 24 32 17 3 18 18 18 18 13 13 29 26 25 24 26 29 5 24 17 31 26 13 32 25 29 21 20 32 28 24 24 24 25 21 25 25 31 31 24 17 17
split_gain=99534.7 12278.2 6491.98 2444.71 2374.54 1539.66 1375.68 771.926 683.703 671.423 623.498 622.331 580.531 513.666 988.894 722.985 497.616 446.869 451.591 446.176 439.976 436.482 405.774 837.834 374.183 360.506 371.041 352.815 330.662 327.83 325.486 330.397 330.684 307.764 292.668 281.709 310.697 277.814 266.434 262.888 257.585 256.505 467.479 379.198 376.459 419.891 292.574 255.955 249.553 245.489 240.816 239.702 503.793 274.675 269.65 242.958 235.581 256.915 286.866 227.458 221.363 219.661
threshold=0.6931471842852357 2.5021014733873388 0.68809737042529651 3.784908473124434 2.3365327510033005 1.6006417500390075 1.3771598297185033 0.1133294177502099 2.7326321147191819 1.1272212707568039 4.9529772614864394 3.0758878545817185 26.399140548706054 12.904465170857568 -0.78938882915716746 -0.76785215827905995 0.049327881548139225 0.79281628823560235 -0.0085834810820868326 73.850000000000009 9.6390392780303813 -0.30410362911654215 -1.1259900067348807 73.65000000000002 1.6918018701093194 748.84348699455279 22.061986462017874 748.84348699455279 189.61365123276713 1.0065063062455712 1.1339696474660117 0.57652149196715652 28.766499137878409 4.7102916213493531 -0.99963164097526602 127.12684478759762 -0.43290422592683014 0.9641696940459159 -0.98933596577443683 73.950000000000017 2.2457619319938735 69.306928062438956 2.0242315565338784 -0.024719772164475847 8.7710605235469945 0.32950680282183115 11.930268354133128 38.810513370996993 0.62480375768933183 -0.078689490807849469 0.73385833101097575 -0.50739640075491554 -0.21294651993841582 8.354240312783789 12.551550283184907 14.623407672858368 4.1169623450526318 3.5912393499179838 3.3518200150749102 -0.97322851985520697 76.300000000000026 73.750000000000014
decision_type=2 2 2 2 2 2 2 2 2 2 2 2 2 2 2 2 2 2 2 2 2 2 2 2 2 2 2 2 2 2 2 2 2 2 2 2 2 2 2 2 2 2 2 2 2 2 2 2 2 2 2 2 2 2 2 2 2 2 2 2 2 2
left_child=2 4 7 11 6 20 24 -1 41 -7 37 50 -10 15 40 -11 48 27 39 -18 -4 33 30 -24 28 26 -25 60 -2 -27 61 32 -32 -17 -13 36 59 -5 -29 -19 -15 43 -43 -6 -45 -46 -44 -26 -14 -23 51 -3 53 -53 -54 -55 -38 58 -58 -36 -8 -22
right_child=1 3 5 10 8 9 17 -9 12 13 -12 34 16 14 -16 21 19 18 -20 -21 22 49 23 25 47 29 -28 38 -30 -31 31 -33 -34 -35 35 -37 56 -39 -40 -41 -42 42 46 44 45 -47 -48 -49 -50 -51 -52 52 54 55 -56 -57 57 -59 -60 -61 -62 -63
leaf_value=-0.020288195195446543 0.0029385603953513985 0.020883912058347397 -0.018020657916096777 0.032152509983867636 0.0087302898782607059 -0.011066223762205077 0.015359886594513449 -0.013533318347958158 0.0098963084990699238 -0.010128323979651754 0.059991401411795604 0.0043630224147057405 0.018351186027256917 0.025457466061738872 -0.0069485287795076145 0.0026348998562472688 0.01978041930239938 -0.007900769226637603 0.01956117739862398 0.052431286332025741 -0.028568044299960311 0.010493593942667906 0.027252267075421485 0.014449658681370542 0.0045952616967003639 0.026729038200002202 -0.0096605606953989506 -0.016842099217836394 -0.0042813468128472705 -0.0064684424098197585 -0.013280138859093037 -0.021378001634430228 0.014948264694747592 0.030012037428920866 0.021172936235606916 0.040728514833487398 0.036604801800934512 0.042657363678108115 0.0063344307774424692 0.0045914356604521223 0.051194801619561331 0.010530074405463805 0.021686898023686747 0.012955242068344025 0.0209036059604749 0.052190003947589499 0.045803626492686038 0.018710861130068708 0.040785468209366453 -0.010742634043917917 0.037200798658459953 0.023165855519243599 0.028931360152960474 -0.0049806191746852961 0.015381238659026969 0.012007974798829535 0.023716242016317939 0.041506678845500571 0.011510941399076097 0.036722373109744903 0.0099124046857714775 -0.01297090337187738
leaf_weight=116833 12249 21090 3761 13195 9642 1777 14868 17557 1599 1990 882 560 2257 961 745 509 540 1946 1508 1310 1024 1310 777 624 6015 561 6687 503 10684 505 581 593 1026 1354 1168 1176 1244 2807 3685 6799 567 1872 1116 4231 1635 507 779 1428 559 776 678 724 2223 1680 3317 1372 15283 655 1971 3345 12326 3985
leaf_count=116833 12249 21090 3761 13195 9642 1777 14868 17557 1599 1990 882 560 2257 961 745 509 540 1946 1508 1310 1024 1310 777 624 6015 561 6687 503 10684 505 581 593 1026 1354 1168 1176 1244 2807 3685 6799 567 1872 1116 4231 1635 507 779 1428 559 776 678 724 2223 1680 3317 1372 15283 655 1971 3345 12326 3985
internal_value=8.45688e-05 0.016081 -0.0165852 0.0253625 0.00913538 -0.00399435 0.00632692 -0.0194063 0.0168971 0.00563215 0.0353827 0.0223645 0.0255366 0.00925006 0.0213626 0.00460023 0.0308801 0.00986834 0.00442794 0.0429798 -0.00877288 0.0120257 -0.00664245 -0.00244772 0.00147204 -0.00521712 -0.00759426 0.0116448 -0.000425242 0.0110455 -0.0119635 -0.00233766 0.00473294 0.0225593 0.0258533 0.0263368 0.0256132 0.034008 0.00353405 0.00180865 0.0351437 0.0141552 0.0212052 0.0124908 0.018169 0.0284132 0.0316953 0.0073142 0.022869 0.00258684 0.0195098 0.0191093 0.0150827 0.00662009 0.0208396 0.0026636 0.0239291 0.0230386 0.0223257 0.0327259 0.012893 -0.0161848
internal_weight=335931 171428 164503 73370 98058 30113 72011 134390 26047 9989 16884 56486 6265 8212 2273 5939 4666 41635 10253 1850 20124 3949 16363 9154 30376 8377 7311 31382 22933 1066 7209 2200 1607 1863 25402 24842 23666 16002 4188 8745 1528 19782 3767 16015 6373 2142 1895 7443 2816 2086 31084 30406 9316 3776 5540 3052 19153 17909 17254 4513 27194 5009
internal_count=335931 171428 164503 73370 98058 30113 72011 134390 26047 9989 16884 56486 6265 8212 2273 5939 4666 41635 10253 1850 20124 3949 16363 9154 30376 8377 7311 31382 22933 1066 7209 2200 1607 1863 25402 24842 23666 16002 4188 8745 1528 19782 3767 16015 6373 2142 1895 7443 2816 2086 31084 30406 9316 3776 5540 3052 19153 17909 17254 4513 27194 5009
is_linear=0
shrinkage=0.03


Tree=54
num_leaves=63
num_cat=2
split_feature=1 1 2 1 2 1 1 2 1 2 27 34 18 31 24 24 13 24 25 1 25 19 2 13 7 27 24 3 32 24 18 16 23 23 24 19 24 16 24 27 23 23 16 23 25 23 18 23 24 3 20 32 23 24 22 23 25 32 27 2 25 31
split_gain=93218.9 11253.5 5836.63 2339.15 2325.79 1361.03 1257.71 1035.86 709.639 582.222 465.561 398.776 377.336 383.491 345.772 576.402 326.911 343.082 323.898 311.211 298.973 284.906 284.727 265.459 262.748 286.246 260.584 246.74 284.237 266.534 304.006 241.41 234.072 345.272 233.732 256.517 230.827 471.519 375.386 305.274 420.287 292.145 320.178 253.718 250.524 249.322 216.814 262.588 219.334 216.244 205.89 223.38 202.426 710.407 335.41 289.96 487.42 481.628 276.608 256.289 223.647 238.921
threshold=0.6594039883782834 2.5021014733873388 0.80647585948073652 3.3844318597703054 2.064989111574286 1.4553448567776448 0.1133294177502099 1.8780037666810316 4.7568862410327446 2.8440214239711099 0.074731182795698944 0 691.9795920360566 2.3715908129397598 -0.99374406038856444 -0.99168614031016833 1.9324079391218494 -0.98376170968447474 38.964646605318116 2.0794415342292556 1.6179563127159702 4.7088274871254567 3.5662821135513991 1.515828391517611 18.784635726474271 0.12204301075268818 -0.8982586596074329 1.409436483156298 -0.21969554279175832 0.71010885522459966 128.21944362209894 9.9500000000000011 -0.068614738002134482 -0.025746965133975123 0.63395513778623458 2.5703227282623566 -0.77873524214321999 18.450000000000003 -0.84831994561267254 0.19838709677419356 -0.18771856543719898 -0.23803327706148594 11.150000000000002 -0.81499831288977609 27.273474553644018 -0.21293867525431634 361.22138282094005 -0.051478754770346226 -0.20454453068330639 0.29390468051368152 28.705107879578925 0.22556724084963722 -0.86167001593038528 -0.23802450821255547 1 -0.70403958523943955 9.7425069341375963 0.038743566165185518 0.028494623655913983 2.9041047090717043 4.5701787183161393 3.5609586643757569
decision_type=2 2 2 2 2 2 2 2 2 2 2 9 2 2 2 2 2 2 2 2 2 2 2 2 8 2 2 2 2 2 2 2 2 2 2 2 2 2 2 2 2 2 2 2 2 2 2 2 2 2 2 2 2 2 1 2 2 2 2 2 2 2
left_child=2 4 6 11 5 10 26 16 14 24 27 -3 19 -14 32 -16 17 -4 20 -7 -13 23 -11 -9 25 -6 -1 46 -29 30 -30 -25 -5 -34 35 -18 37 38 39 40 41 42 -17 -38 -44 -41 -2 48 -48 -8 51 -39 53 -22 -55 56 -54 59 -59 -58 -57 -62
right_child=1 3 7 8 9 12 49 21 -10 22 -12 18 13 -15 15 36 34 -19 -20 -21 52 -23 -24 31 -26 -27 -28 28 29 -31 -32 -33 33 -35 -36 -37 43 50 -40 45 -42 -43 44 -45 -46 -47 47 -49 -50 -51 -52 -53 55 54 -56 60 57 58 -60 -61 61 -63
leaf_value=-0.00065956665996428341 0.0014800528986178097 0.012486285605162475 0.011746787197976999 0.0020833418622530774 0.014284732463849183 0.0095859435773970464 -0.015297252789541546 -0.010523615778107061 0.049687606408124932 0.022252867216712824 0.02479806350423211 0.039717647302029063 0.007826202068819307 -0.0086669651918264354 0.057899211241717312 0.034126000739401981 0.020486974135533621 -0.0078086725086863665 0.041626910016699339 0.01674459584597527 0.0068173638896788643 0.028852517826109227 0.045363630994753511 0.028053974148401377 0.0050493021938736241 0.037066124013460731 -0.019609235465195368 0.0014688655910368687 0.029186176262600019 -0.0042815802393311696 0.0088062002102887033 0.0076716445728748309 0.043544359298090168 0.019095983285047163 -0.01215514348001146 -0.0010873366865415198 0.029065829436365036 0.03932031187130474 0.012123439959204285 0.044739835190398897 0.034556291514453288 0.0010478685491861633 0.0051598189404843363 0.039430037404383875 0.022869575050741404 0.019970920731226891 -0.014578461387601122 0.002065621976759404 -0.001950065714977226 -0.0093434869885000663 0.049769797603986941 0.015495291816058373 0.015097628581245649 0.028742943105661757 0.012031393244705448 0.030437225355370669 0.031011000732988722 0.058956987858842722 0.033320770565107238 0.0057348347429240889 0.018542249345785848 0.03694248607096591
leaf_weight=657 12808 5890 873 505 22100 19908 9401 515 1692 4879 757 723 4916 1705 695 1490 1058 10120 672 7553 3992 828 534 698 2801 505 121424 9670 944 810 2178 2068 652 2601 516 929 4557 1254 1712 1403 2684 645 1047 4169 2314 511 2809 3111 2213 13298 1022 506 1753 3601 1630 1724 1285 818 756 505 19739 657
leaf_count=657 12808 5890 873 505 22100 19908 9401 515 1692 4879 757 723 4916 1705 695 1490 1058 10120 672 7553 3992 828 534 698 2801 505 121424 9670 944 810 2178 2068 652 2601 516 929 4557 1254 1712 1403 2684 645 1047 4169 2314 511 2809 3111 2213 13298 1022 506 1753 3601 1630 1724 1285 818 756 505 19739 657
internal_value=1.591e-05 0.0153118 -0.016318 0.0242529 0.00877885 0.00573196 -0.0183013 -7.53825e-06 0.0307901 0.0156362 0.00160291 0.0198476 0.0100077 0.00357565 0.0296298 0.0309587 -0.0040234 -0.00625106 0.0209823 0.0115576 0.0206093 0.0131714 0.0245725 0.0091762 0.0137278 0.0148018 -0.0195073 0.00109108 0.00423631 0.0110318 0.0150053 0.0128565 0.0211096 0.0240555 0.00575329 0.0104227 0.0301434 0.0278034 0.0251629 0.0273673 0.0248117 0.0200258 0.0225455 0.0340373 0.0173686 0.0381963 -0.000952384 -0.00478159 -0.00902109 -0.0118121 0.0389436 0.0325339 0.020225 0.0163605 0.0236299 0.0215303 0.027987 0.0346713 0.0467883 0.0239159 0.0200307 0.0191439
internal_weight=335790 173405 162385 73204 100201 69382 144780 17605 29459 30819 35300 43745 34082 6621 27767 24009 13496 10993 37855 27461 37183 4109 5413 3281 25406 22605 122081 34543 13602 3932 3122 2766 3758 3253 2503 1987 23314 14588 11806 10094 8180 5496 4851 8726 3361 1914 20941 8133 5022 22699 2782 1760 36460 9223 5231 27237 5117 3364 1574 1790 22120 20396
internal_count=335790 173405 162385 73204 100201 69382 144780 17605 29459 30819 35300 43745 34082 6621 27767 24009 13496 10993 37855 27461 37183 4109 5413 3281 25406 22605 122081 34543 13602 3932 3122 2766 3758 3253 2503 1987 23314 14588 11806 10094 8180 5496 4851 8726 3361 1914 20941 8133 5022 22699 2782 1760 36460 9223 5231 27237 5117 3364 1574 1790 22120 20396
cat_boundaries=0 1 2
cat_threshold=1024 5
is_linear=0
shrinkage=0.03


Tree=55
num_leaves=63
num_cat=4
split_feature=1 1 3 1 1 1 3 31 5 5 19 13 24 25 24 1 5 5 34 18 18 25 34 1 26 24 24 29 25 24 16 24 24 24 4 34 25 29 29 20 24 16 26 31 24 24 16 31 24 24 25 20 24 24 31 28 24 24 13 30 24 24
split_gain=87927 11603.1 5478.47 2499.35 1951.77 1414.72 922.087 768.228 656.381 618.033 451.249 427.65 421.125 409.027 840.432 385.199 378.425 339.945 332.079 330.216 317.348 316.74 311.586 293.768 287.338 303.053 415.344 393.015 286.167 285.873 389.803 381.321 285.579 459.725 283.084 275.047 251.23 243.509 238.518 323.177 318.748 256.638 227.734 257.557 236.551 272.89 227.055 474.599 224.313 493.933 256.124 221.579 241.841 218.515 214.519 212.912 259.275 677.389 246.276 209.632 205.247 275.446
threshold=0.6594039883782834 2.6022508982975485 1.3059759732744551 1.5387958037638965 3.4854349728363641 0.11332653719707649 1.6547918377552675 1.8757975794386275 1.5620564060452398 -0.82588641651910433 8.6371977438490841 1.5029525892764648 0.66012780149078465 17.283627578984667 -0.77873524214321999 2.0940930682127603 -1.001042726721632 0.42757599251036954 0 41.853209403187257 189.61365123276713 1.804996410614528 1 4.2258995486549535 104.44958744049073 -0.99374406038856444 -0.8572830456751136 0.54963714893960314 1.6179563127159702 -0.8982586596074329 10.250000000000002 -0.41610936647687707 -0.77873524214321999 -0.60703521118548998 0.45717708213247521 2 38.964646605318116 -0.46353730382295238 0.1425018753733748 40.299461206478959 -0.97322851985520697 9.7500000000000018 41.307750892639156 3.108108539302378 -0.96477059369951401 -0.84831994561267254 11.500000000000002 2.2946504571203996 -0.5510813381777947 -0.35273909160235833 7.4454720761186346 36.408765373125327 -0.98933596577443683 -0.9770278626699701 3.2949948794160506 -0.31492968909776925 -0.22968774213179594 -0.66012780149078443 1.381213854704751 3 -0.77873524214321999 0.36077079921678362
decision_type=2 2 2 2 2 2 2 2 2 2 2 2 2 2 2 2 2 2 9 2 2 2 9 2 2 2 2 2 2 2 2 2 2 2 2 9 2 2 2 2 2 2 2 2 2 2 2 2 2 2 2 2 2 2 2 2 2 2 2 1 2 2
left_child=2 3 5 6 16 21 20 12 17 32 11 -9 29 18 19 59 -3 24 -8 -15 -2 -1 -18 -19 37 -26 27 53 -24 -4 31 -31 -5 -34 -7 -13 38 -6 40 54 41 -30 43 -42 -44 46 47 -46 50 -50 -20 -17 -53 -27 -40 58 57 -57 -32 -11 -54 -62
right_child=1 4 7 9 8 34 13 10 -10 15 -12 35 -14 14 -16 51 22 23 48 -21 -22 -23 28 -25 25 26 -28 -29 36 30 55 -33 33 -35 -36 -37 -38 -39 39 -41 42 -43 44 -45 45 -47 -48 -49 49 -51 -52 52 60 -55 -56 56 -58 -59 -60 -61 61 -63
leaf_value=-0.019513768755189016 0.0029665732210535905 0.046275102603330939 0.014000271438951823 0.03093788224716925 0.035409020809943577 -0.014365203105245505 0.0021561331018529217 -0.0065954237219590468 0.049925654164339105 0.012674447651194683 0.032471085511299951 -0.0029748047007954778 -0.019839278849192402 0.017976308874070628 -0.0083553569777598154 0.01619549017601727 0.01354149561867795 0.03062156751784403 0.01470611703319007 0.04374507259838345 -0.0034326430785951629 -0.015398825218960533 0.041704407344861957 0.041924462424232013 0.019754954132901532 0.017720458561970149 0.010215670578098754 0.053211678522925875 0.00074014171407220765 -0.010304033517956805 -0.032493476696489818 0.017611747713487402 -0.0031696188671744441 0.027062216560008599 -0.008062372645762983 0.016433900328598244 0.039121392898681877 0.021448294757797224 0.018269395684229337 0.004863814409212918 0.023024544775511361 0.019091283314273157 0.04648748362597984 0.008225931455818538 0.034575191678345329 0.030574671953639106 0.028501944674502053 0.0051551336209498004 0.034459179725672306 0.0086042619445376167 0.00012896072804769877 -0.0059568699264077362 0.018397812042862283 0.037754424898120309 0.036921201933053573 -0.011455587317656916 -0.016925097223855792 0.02803950917880341 -0.0053345022955271475 0.0073855584547781235 0.0054877372282572806 0.022112227781726095
leaf_weight=102363 15018 508 969 2283 1334 12374 6788 1480 1569 10849 712 836 1270 916 676 18874 5559 6673 2072 893 13014 20294 609 3091 1366 674 500 1261 898 686 625 1212 748 1138 13370 3073 673 7606 11475 1611 5392 2904 550 1326 704 5428 1718 1631 1034 1861 2271 733 2946 1939 584 1083 933 605 579 17921 4706 1105
leaf_count=102363 15018 508 969 2283 1334 12374 6788 1480 1569 10849 712 836 1270 916 676 18874 5559 6673 2072 893 13014 20294 609 3091 1366 674 500 1261 898 686 625 1212 748 1138 13370 3073 673 7606 11475 1611 5392 2904 550 1326 704 5428 1718 1631 1034 1861 2271 733 2946 1939 584 1083 933 605 579 17921 4706 1105
internal_value=6.27602e-05 0.0149185 -0.0157956 0.00871728 0.0246292 -0.0174914 0.0033086 0.00209958 0.0310771 0.0126467 0.0101055 0.00712312 -0.00403753 0.00893159 0.0201403 0.011831 0.0205911 0.0298573 0.00693927 0.0307824 -4.37817e-06 -0.0188336 0.0202678 0.0342194 0.0269453 0.0322081 0.0360703 0.0393897 0.0213091 -0.00102611 -0.00358033 0.0075215 0.0237976 0.0150954 -0.0110941 0.0123189 0.0209533 0.0235501 0.0205904 0.017502 0.0226399 0.0147636 0.0244229 0.0201119 0.0272986 0.0261616 0.0202209 0.0140802 0.0114017 0.0178823 0.00709248 0.0143131 0.0105627 0.0326306 0.0191876 -0.00909179 -0.00427849 0.00274095 -0.0195089 0.00938182 0.0119481 0.00866529
internal_weight=335893 173429 162464 105846 67583 148401 44543 14063 26013 61303 6101 5389 7962 16511 2485 57134 41570 24444 14026 1809 28032 122657 41062 9764 14680 5740 4374 3874 35503 6692 5723 1898 4169 1886 25744 3909 34894 8940 34221 13670 20551 3802 16749 6718 10031 9481 4053 2335 7238 2895 4343 28364 9490 2613 12059 3825 2621 1688 1204 28770 8757 5811
internal_count=335893 173429 162464 105846 67583 148401 44543 14063 26013 61303 6101 5389 7962 16511 2485 57134 41570 24444 14026 1809 28032 122657 41062 9764 14680 5740 4374 3874 35503 6692 5723 1898 4169 1886 25744 3909 34894 8940 34221 13670 20551 3802 16749 6718 10031 9481 4053 2335 7238 2895 4343 28364 9490 2613 12059 3825 2621 1688 1204 28770 8757 5811
cat_boundaries=0 1 2 3 4
cat_threshold=9377 1024 77 1
is_linear=0
shrinkage=0.03


Tree=56
num_leaves=63
num_cat=1
split_feature=1 1 3 1 2 1 2 2 5 2 2 24 1 23 18 23 24 18 23 23 23 25 34 7 18 7 28 24 24 26 19 27 26 3 27 32 5 23 23 26 24 23 13 25 23 2 23 24 23 23 5 25 32 25 26 25 32 24 18 13 32 18
split_gain=82289 11668.7 4447.27 2211.27 2181.51 1256.59 903.752 728.222 715.408 702.076 426.439 390.017 379.397 416.732 359.887 351.373 751.622 432.503 351.088 344.882 333.605 523.857 307.711 297.866 297.459 290.323 285.517 332.125 284.61 268.342 250.385 273.408 306.113 248.644 246.794 246.563 245.623 241.634 429.093 319.088 241.236 415.216 239.75 239.544 238.441 233.116 231.242 228.297 244.324 224.757 223.106 219.108 304.392 218.455 373.143 216.909 216.741 214.244 236.905 255.842 220.805 268.222
threshold=0.55961580177221515 2.3735682885461036 1.23989104795343 3.3392382371244618 2.0135656321668209 1.3575612665463621 0.076980074306419177 1.8780037666810316 1.5620564060452398 3.0389727748561328 3.9823064597849571 0.63395513778623458 4.1303377325450796 0.094275748646527283 583.03248182830828 -0.86167001593038528 -0.30410362911654215 637.19260424194351 0.99863729997741479 -0.85283291294431784 -0.051478754770346226 17.283627578984667 0 32.008265551780532 361.22138282094005 18.784635726474271 -0.31133228685250663 -0.14540367380369007 -0.8982586596074329 97.085345458984378 2.051498226037566 0.013440860215053765 40.423354434967017 4.1537608658190965 0.0080645161290322596 -1.1259900067348807 0.36803233214674652 0.71612580616132593 0.58637393129089799 25.960273647308338 -0.72208999473568902 -0.82482438823869786 1.5279727003785919 4.6226027886152918 -0.10282099713736061 3.4964900211226611 -0.97516411509186662 0.1369010144751204 0.16236015996470329 -0.62729398729515451 0.52631273899526343 4.1782084960410364 -0.56604170414638144 14.623407672858368 38.539765834808343 2.8125263706811015 -0.53630028453484735 0.83910684176851646 807.2621370178224 1.7405173095367132 -0.35046551460665271 22.061986462017874
decision_type=2 2 2 2 2 2 2 2 2 2 2 2 2 2 2 2 2 2 2 2 2 2 9 10 2 8 2 2 2 2 2 2 2 2 2 2 2 2 2 2 2 2 2 2 2 2 2 2 2 2 2 2 2 2 2 2 2 2 2 2 2 2
left_child=2 4 6 10 5 20 -1 11 12 25 15 26 33 23 30 16 53 -18 57 -17 24 35 -21 50 -2 29 27 28 -4 37 31 34 -33 40 -7 -22 -19 38 -6 -40 -5 -42 -26 -9 -35 -11 -28 48 -37 -27 -14 -16 -53 54 -3 -24 -55 58 59 60 61 -8
right_child=1 3 7 8 9 14 18 43 -10 45 -12 -13 13 -15 51 19 17 36 -20 22 21 -23 55 -25 42 49 46 -29 -30 -31 -32 32 -34 44 -36 47 -38 -39 39 -41 41 -43 -44 -45 -46 -47 -48 -49 -50 -51 -52 52 -54 56 -56 -57 -58 -59 -60 -61 -62 -63
leaf_value=-0.018484304443344056 0.00066727389762421228 0.017057249661960115 0.0010893717732072352 0.022099929544544258 0.012837678616859206 0.008647928406404666 -0.0037737412346531838 -0.0039830505802246983 0.047274861137015685 0.024439500053832563 0.045143927587217365 -0.018717646790484849 0.022990997396648366 0.049138084725867358 0.011558187533059401 0.043392799928662004 0.023022924194355251 -0.0076800329725062516 0.0087762765389438856 0.014999674890839629 -0.003817347627325413 0.029775403715301518 0.03349935253774973 0.043245029271625733 -0.010057478169898545 -0.0018615939003520934 -0.013677415912362241 0.010971380268277042 -0.019958872798615787 0.03293794958172569 0.013443291904839184 -0.011986301204299677 0.005834673510829792 0.043220672779751813 0.023760255666618997 -0.0096574672927034234 0.018293762063943408 -0.00052423946492299162 0.01229731834163298 0.042514260397493037 0.022496076995755166 0.038573823461543588 0.0011402532874110725 0.016371272756137662 0.019145234573316877 0.046928246037269965 0.0056291508220240151 -0.0058654722474356432 0.0084078327264752069 0.015814914475053409 0.035436118349416887 0.0064755504205881208 -0.0053425068158578642 -0.0012074490191466601 -0.0069206458567728311 0.020533652288971947 0.019253178592832428 -0.019167900242258916 0.0045241324954794077 0.0015625972530781374 -0.005670135495879078 -0.015675316018236629
leaf_weight=115678 12705 797 872 13210 19701 5687 1910 635 1765 1805 532 1284 3877 1235 2390 543 6363 719 680 10724 4013 657 1230 1296 5688 2016 630 657 1708 638 11719 1087 4216 1266 1172 733 594 1091 529 791 3404 2556 2465 2835 540 548 4630 1486 7834 948 1996 4391 3537 705 2145 24007 1366 4277 767 1119 3047 16106
leaf_count=115678 12705 797 872 13210 19701 5687 1910 635 1765 1805 532 1284 3877 1235 2390 543 6363 719 680 10724 4013 657 1230 1296 5688 2016 630 657 1708 638 11719 1087 4216 1266 1172 733 594 1091 529 791 3404 2556 2465 2835 540 548 4630 1486 7834 948 1996 4391 3537 705 2145 24007 1366 4277 767 1119 3047 16106
internal_value=7.8497e-05 0.0139955 -0.0157802 0.0224272 0.00702593 0.00418447 -0.0173148 0.000848903 0.0286974 0.0140883 0.0184974 -0.00334071 0.0275735 0.0329827 0.00829036 0.0182047 0.0138921 0.0197901 -0.0124644 0.0197016 0.000237448 0.0036943 0.0193379 0.0301673 -0.00220293 0.0126483 -0.00100743 -0.00801083 -0.0128565 0.0137988 0.0103131 0.00729259 0.00217391 0.0253989 0.0112456 0.00246594 0.00409531 0.0132393 0.0139536 0.0304967 0.0243821 0.0294177 -0.0066733 0.0126461 0.0360948 0.0297654 0.00330597 0.00497478 0.00685742 0.00380914 0.0272471 0.00360605 0.001203 0.00485041 -0.000407015 0.0211637 0.0123019 -0.0129964 -0.0118423 -0.0124091 -0.0131516 -0.0144149
internal_weight=335552 178717 156835 80870 97847 69780 143584 13251 31145 28067 49725 9781 29380 8404 34199 49193 12689 7676 27906 36504 35581 14723 35961 7169 20858 25714 8497 3237 2580 22750 23881 12162 5303 20976 6859 14066 1313 22112 21021 1320 19170 5960 8153 3470 1806 2353 5260 10053 8567 2964 5873 10318 7928 5013 2942 25237 2071 27226 22949 22182 21063 18016
internal_count=335552 178717 156835 80870 97847 69780 143584 13251 31145 28067 49725 9781 29380 8404 34199 49193 12689 7676 27906 36504 35581 14723 35961 7169 20858 25714 8497 3237 2580 22750 23881 12162 5303 20976 6859 14066 1313 22112 21021 1320 19170 5960 8153 3470 1806 2353 5260 10053 8567 2964 5873 10318 7928 5013 2942 25237 2071 27226 22949 22182 21063 18016
cat_boundaries=0 1
cat_threshold=1089
is_linear=0
shrinkage=0.03


Tree=57
num_leaves=63
num_cat=0
split_feature=1 1 2 2 1 1 2 24 1 1 5 32 25 3 24 13 7 32 24 29 5 32 5 13 26 7 29 32 24 17 7 31 21 24 25 27 21 25 16 19 4 24 31 19 20 31 26 32 25 24 26 29 24 31 25 13 31 16 21 16 24 17
split_gain=78133.8 7219.17 7199.5 1935.09 1789.44 1135.38 898.573 895.381 726.873 571.068 494.877 405.4 472.531 395.352 388.483 384.484 368.154 368.114 366.492 408.622 363.033 323.403 318.833 413.368 387.677 523.38 367.205 309.16 483.354 328.011 893.994 1056.93 344.344 601.047 331.334 305.515 304.281 302.42 301.101 292.382 281.759 281.3 279.026 271.283 267.41 252.987 310.154 291.508 252.127 249.972 1288.75 249.95 321.887 304.994 273.596 259.546 324.236 240.926 238.821 228.004 221.892 218.177
threshold=0.9915146303373098 2.8742003996605909 0.18976397984103835 1.8780037666810316 1.9349758304733309 4.0867267977357287 2.6358809109737042 -0.99904236206516772 0.53338872910185509 0.42570936678934884 0.40146962258222235 -1.0000000180025095e-35 12.411586490357598 4.283275049264347 0.83910684176851646 1.9566768326385497 2.9511739858110029 -0.018433424234041634 -0.96914236212857563 0.1836773534595661 0.85460566359260415 0.44569213133507635 0.83529668224490228 1.6803221766507339 69.306928062438956 10.491553346110367 0.1425018753733748 -1.1259900067348807 -0.02574791365498821 73.950000000000017 3.3501808041730374 0.84809119987913872 14.546029873324844 -0.56532384738233998 2.4652421584613227 0.0059139784946236574 8.2842654207173716 24.661279086444171 19.900000000000002 1.8147540035069032 3.901888492763165 -0.99815866078541837 1.8757975794386275 2.051498226037566 41.264788150328762 0.9587680882576578 27.275717639923077 -1.6281056405710073 8.9992143949393633 -0.9770278626699701 62.006820201873772 -0.43290422592683014 -0.97322851985520697 3.5912393499179838 17.579950761787035 1.9324079391218494 3.3518200150749102 13.800000000000002 47.543943732167101 16.000000000000004 -0.98376170968447474 73.15000000000002
decision_type=2 2 2 2 2 2 2 2 2 2 2 2 2 2 2 2 8 2 2 2 2 2 2 2 2 10 2 2 2 2 8 2 2 2 2 2 2 2 2 2 2 2 2 2 2 2 2 2 2 2 2 2 2 2 2 2 2 2 2 2 2 2
left_child=2 4 9 7 6 13 17 -4 14 -1 -7 22 44 20 15 27 -10 38 -5 21 36 59 23 26 41 37 -6 28 45 30 31 -29 33 -31 -35 -19 -3 -26 49 -36 -12 -25 -21 -30 -13 57 -47 -48 58 50 60 52 -38 55 -55 -53 -57 -9 -34 -20 -2 -27
right_child=1 5 3 18 11 10 -8 8 16 -11 40 12 -14 -15 -16 -17 -18 35 19 42 -22 -23 -24 24 25 61 -28 29 43 32 -32 -33 48 34 39 -37 51 -39 -40 -41 -42 -43 -44 -45 -46 46 47 -49 -50 -51 -52 53 -54 54 -56 56 -58 -59 -60 -61 -62 -63
leaf_value=-0.017828466301085991 -0.00090862395057291357 0.029428363207503916 0.028353649829590283 0.028413958415594315 0.012958523018467812 0.026946696709949678 0.022420605239405957 -0.015213073496079246 0.0045753274773111469 -0.0067323986474633205 0.037415425650823578 0.01712341054683883 0.029288432305289363 0.040974534089434564 -0.018987038034186065 0.0031888389962154528 -0.0048919721892032308 0.0078531755966188034 -0.0074300243067247961 0.0015245635821712212 0.028111372534357804 0.022038783875420392 0.019422473281125459 -0.004437179422425227 0.024976258696010337 0.0019538524647110278 0.0020542151315493785 0.04847254204656315 0.01617357747006606 -0.028870066693128121 -0.011233199705390476 -0.0037787387648086754 -0.024297159744994822 -0.017067453349389625 0.017367771452893307 0.020151329386143512 0.014442386104637989 0.052815487308083019 -0.0059603792635929539 -0.0037636917010242148 0.058408684450198978 0.012910631379088851 0.027046190060893656 -0.010316893527059737 -0.00030775457797594139 -0.023004271963794943 -0.020042540438920786 0.0055989361857115691 0.006186696257878036 0.0041876503253206899 0.042048090749456743 0.011064189419206612 0.03041981503683391 0.019523315854475903 0.050207233400685405 0.020746145185106406 0.0097054448043669781 -0.028038628789430857 -0.011246716743416652 0.01225977242746475 0.020618374351842522 0.019642478567005909
leaf_weight=121621 2612 3233 654 966 5096 5048 3104 3657 5302 4331 4333 14696 2955 1009 3592 2320 12181 7070 2034 546 7146 592 5549 895 870 856 6112 629 686 612 2064 772 1834 558 1397 2449 1643 606 2354 1014 683 13449 1312 696 837 938 561 1348 533 30772 977 4301 3775 561 503 17249 2795 2084 4088 710 511 2359
leaf_count=121621 2612 3233 654 966 5096 5048 3104 3657 5302 4331 4333 14696 2955 1009 3592 2320 12181 7070 2034 546 7146 592 5549 895 870 856 6112 629 686 612 2064 772 1834 558 1397 2449 1643 606 2354 1014 683 13449 1312 696 837 938 561 1348 533 30772 977 4301 3775 561 503 17249 2795 2084 4088 710 511 2359
internal_value=-2.81698e-05 0.0154743 -0.0135264 -0.00432612 0.0109066 0.0245703 0.00680173 -0.00637708 -0.00686471 -0.0174472 0.0336334 0.0146754 0.0182862 0.0224059 -0.00974627 -0.00845585 -0.00202037 0.00576231 0.0114879 0.00831563 0.0219463 0.00202726 0.012808 0.0115913 0.014283 0.0217721 0.0070157 -0.00960731 -0.0136141 -0.00664447 0.0013124 0.0197692 -0.00939092 -0.00192621 0.00366693 0.0110261 0.0206489 0.0365459 0.00441501 0.00849107 0.0403293 0.011827 0.0195705 0.0028434 0.0161843 -0.0162626 -0.00892768 -0.00196903 -0.0135274 0.00511614 0.0120712 0.0197235 0.0255925 0.0184673 0.034196 0.017773 0.0192094 -0.0198891 -0.0153054 -0.00232233 0.00264105 0.0149432
internal_weight=336040 156408 179632 53680 104129 52279 49849 47520 46866 125952 10064 54280 18488 42215 29383 25791 17483 46745 6160 5194 41206 3336 35792 30243 19035 4691 11208 23471 9970 13501 3465 1401 10036 3581 2969 9519 34060 1476 37226 2411 5016 14344 1858 1382 15533 8588 2847 1909 6455 34872 4100 30827 5418 25409 1064 24345 20044 5741 5922 2744 3123 3215
internal_count=336040 156408 179632 53680 104129 52279 49849 47520 46866 125952 10064 54280 18488 42215 29383 25791 17483 46745 6160 5194 41206 3336 35792 30243 19035 4691 11208 23471 9970 13501 3465 1401 10036 3581 2969 9519 34060 1476 37226 2411 5016 14344 1858 1382 15533 8588 2847 1909 6455 34872 4100 30827 5418 25409 1064 24345 20044 5741 5922 2744 3123 3215
is_linear=0
shrinkage=0.03


Tree=58
num_leaves=63
num_cat=4
split_feature=1 1 3 1 2 2 1 1 1 2 26 27 5 32 31 22 16 30 25 26 27 28 26 27 32 25 34 27 25 13 31 16 30 31 29 26 21 16 8 26 13 26 27 25 13 29 21 27 32 27 25 13 13 8 26 20 26 27 29 5 16 18
split_gain=73663.9 8999.64 4542.74 1896.47 1731.1 1174.09 1147.22 691.816 619.247 464.671 422.799 380.688 351.884 348.706 549.309 451.765 646.875 850.451 399.043 325.02 437.466 336.117 317.099 307.358 302.581 513.521 301.422 322.247 413.921 382.915 293.052 289.596 477.223 414.748 556.831 298.88 367.238 285.749 282.346 294.872 278.133 272.548 263.398 279.003 261.784 267.789 250.83 250.55 249.114 231.033 285.186 242.438 230.457 252.742 227.473 370.807 355.787 224.453 221.496 214.358 210.187 337.473
threshold=0.6931471842852357 2.4853188704083755 0.76150547665978252 3.3844318597703054 2.262547136306662 1.8780037666810316 1.5831059067261644 0.11332653719707649 4.7568862410327446 3.4964900211226611 9.6390392780303813 0.074731182795698944 0.47241611350734464 -1.1259900067348807 1.0818528414148907 0 16.000000000000004 1 4.5701787183161393 20.509594535827627 0.003763440860215054 1.4241046555330634 104.44958744049073 0.0010882952015536928 -0.041169588262951397 2.5500967260610357 2 0.087634408602150549 15.209368191923827 2.114843225162153 1.5790533493721111 18.000000000000004 3 2.8094112341217894 0.36738285982217683 72.684089660644517 11.930268354133128 13.800000000000002 -2.8110490254560565 67.399126815795896 1.1339696474660117 80.320690345764135 0.0069892473118279581 7.9703137812835569 1.5642175458702259 0.18837017243454637 17.941724172885067 0.020967741935483876 -0.45088424442970393 0.020967741935483876 1.6179563127159702 2.2500670296956042 1.515828391517611 -3.9233142840079367 60.8990795135498 24.044131736484875 54.548537063598623 0.0027142248117095358 0.030158821736771958 1.2332470453008615 10.250000000000002 542.95690417327899
decision_type=2 2 2 2 2 2 2 2 2 2 2 2 2 2 2 1 2 1 2 2 2 2 2 2 2 2 9 2 2 2 2 2 1 2 2 2 2 2 8 2 2 2 2 2 2 2 2 2 2 2 2 2 2 8 2 2 2 2 2 2 2 2
left_child=2 4 7 26 6 10 11 -1 12 31 -4 24 22 14 37 16 18 -18 57 -8 48 60 -5 -17 -2 -26 -3 28 49 -29 -7 32 -6 35 -35 -34 -37 40 41 -40 -12 -33 -20 -44 45 -16 -24 -45 -21 50 -28 -51 53 -25 56 -56 -30 -15 -32 -52 -22 -62
right_child=1 3 5 8 9 30 19 -9 -10 -11 13 -13 -14 15 44 23 17 -19 42 20 21 -23 46 52 25 -27 27 29 54 -31 58 38 33 34 -36 36 -38 -39 39 -41 -42 -43 43 47 -46 -47 -48 -49 -50 51 59 -53 -54 -55 55 -57 -58 -59 -60 -61 61 -63
leaf_value=-0.017482528236245666 0.00061184404757279353 0.011384547523425732 -0.015215015316941497 0.020818927267968385 0.038967229716770441 -0.0096173346361624178 0.015344034048211814 -0.011412280217294518 0.045116628947098544 0.039672208795613471 -0.015530520454311072 0.02072169276361998 0.030795357848060669 -0.0032836743472378486 -0.012631504565817506 0.0036635395860328125 0.046003164164358061 0.0006672573796833428 0.019173764478249155 0.007491225034088886 0.0070278421808682478 0.00066218497924170402 0.027369630844330309 -0.0010138412595427195 -7.5999867414827847e-05 0.016507283835123919 0.036039172013230994 0.014889899710578046 0.026078087443906453 0.031403526503168987 0.0082905368690348227 0.0076747880607384777 0.011142589675130843 0.019202626690592257 0.053706442439619424 0.010774139584074704 0.040566151238375023 -0.023619168108032534 0.0071678759128261426 0.033590237928942175 0.0033822715649378648 -0.016466666332256113 -0.015852860975356153 0.018704635484772192 0.017539682198160638 0.011153836780595021 0.048392452140075627 -0.00527320956996095 -0.0076011719336618565 0.019008065143763218 0.015738327431756904 0.03011754837627002 -0.0033457751913584751 -0.023775947665628464 0.034911001713153242 0.013032505091762465 0.00067854048850673641 -0.023725497621985874 0.023346867856685764 0.027919180588793918 0.016724450266487063 0.00655286218889719
leaf_weight=116572 33314 5984 3704 11246 780 526 7140 19808 1708 677 2057 974 10548 1266 1145 1620 686 808 937 1740 7343 3203 5320 590 3644 3114 734 1994 615 3520 2237 1053 11983 2519 504 767 728 2020 1309 533 1057 694 671 812 715 672 572 751 2253 3772 13817 3404 1677 1716 784 6178 2490 779 1454 1442 8886 4397
leaf_count=116572 33314 5984 3704 11246 780 526 7140 19808 1708 677 2057 974 10548 1266 1145 1620 686 808 937 1740 7343 3203 5320 590 3644 3114 734 1994 615 3520 2237 1053 11983 2519 504 767 728 2020 1309 533 1057 694 671 812 715 672 572 751 2253 3772 13817 3404 1677 1716 784 6178 2490 779 1454 1442 8886 4397
internal_value=1.54368e-05 0.0137567 -0.014345 0.021636 0.00776866 -0.00331466 0.00564023 -0.0166013 0.0275577 0.0152737 -0.00591182 0.00223823 0.0264665 -0.00418368 -0.00920444 -0.00105531 0.00419281 0.0215682 -0.000791811 0.00963336 0.00816532 0.00970495 0.0237939 -0.00733286 0.00178643 0.00757192 0.0177424 0.0187148 0.0175993 0.0254507 0.0112609 0.014473 0.0160837 0.0149905 0.0250343 0.0127294 0.0253684 -0.0148396 0.00670558 0.0148837 -0.00911573 -0.00193509 0.00586911 0.000258422 0.00222841 -0.00382826 0.0294498 0.00720353 -0.00102333 0.019808 0.0177877 0.0242952 -0.0118228 -0.017967 0.0125086 0.0155196 0.00574321 -0.0111094 0.0142453 0.0168982 0.0111087 0.0133611
internal_weight=335963 171683 164280 74128 97555 27900 76008 136380 29394 21547 23683 41046 27686 19979 7666 12313 6710 1494 5216 34962 27822 23829 17138 5603 40072 6758 44734 38750 33236 5514 4217 20870 17281 16501 3023 13478 1495 5134 3589 1842 3114 1747 3171 2234 2532 1817 5892 1563 3993 23169 15993 7176 3983 2306 10067 6962 3105 2045 3691 15259 20626 13283
internal_count=335963 171683 164280 74128 97555 27900 76008 136380 29394 21547 23683 41046 27686 19979 7666 12313 6710 1494 5216 34962 27822 23829 17138 5603 40072 6758 44734 38750 33236 5514 4217 20870 17281 16501 3023 13478 1495 5134 3589 1842 3114 1747 3171 2234 2532 1817 5892 1563 3993 23169 15993 7176 3983 2306 10067 6962 3105 2045 3691 15259 20626 13283
cat_boundaries=0 1 2 3 4
cat_threshold=17 1 1024 4
is_linear=0
shrinkage=0.03


Tree=59
num_leaves=63
num_cat=4
split_feature=1 1 3 2 1 1 1 2 25 1 7 19 32 26 16 16 25 32 7 25 34 3 2 13 30 16 26 19 29 32 25 32 20 5 5 4 4 25 17 13 17 21 25 25 16 5 13 26 32 2 13 34 21 7 22 16 25 16 29 32 1 32
split_gain=68912.4 6743.91 6737.74 1601.28 1382.15 1169.05 1098.88 681.764 544.414 474.566 470.086 595.335 507.78 635.085 1249.02 446.202 402.779 448.901 401.394 389.324 381.058 395.89 378.898 315.81 312.118 295.888 291.687 280.176 278.513 260.473 275.535 259.762 257.62 250.507 243.563 274.306 243.236 236.753 360.368 347.713 272.136 269.642 229.177 253.242 224.689 219.501 268.543 482.976 290.526 455.599 211.725 210.341 205.998 201.54 200.051 197.434 413.671 226.105 203.862 269.866 186.552 224.731
threshold=0.9915146303373098 2.8272713346370639 0.68809737042529651 1.8349688628806085 1.9190152319085572 0.3276523178845272 3.9269174890273653 2.4313508049437913 16.851755244336946 4.9529772614864394 2.4895739395974492 5.2450690341885755 -1.1626737268643959 7.8414948463439904 15.350000000000001 9.9500000000000011 1.9332905850623565 0.048690000510210225 13.803551186882574 4.6226027886152918 0 4.1537608658190965 2.9855211657054217 1.9566768326385497 1 19.900000000000002 68.551896095275879 4.7088274871254567 0.044109217475255945 -0.099842088559651848 12.904465170857568 -0.29010440775364205 40.299461206478959 0.55759672519520831 0.6720439639416812 2.402308438469047 1.0054622018848962 5.7299076434104679 76.300000000000026 0.69597430727976228 76.65000000000002 73.894985053620886 10.530939929627925 7.9703137812835569 16.900000000000002 0.89489624309951477 1.6803221766507339 104.44958744049073 -1.0000000180025095e-35 2.2103874584920704 1.8130098074706276 2 67.294359006819505 3.2490262836836163 3 10.250000000000002 17.283627578984667 9.7500000000000018 0.23277141575115587 -0.30424230889258758 0.29016371848986616 -1.3063402630235681
decision_type=2 2 2 2 2 2 2 2 2 2 8 2 2 2 2 2 2 2 10 2 9 2 2 2 1 2 2 2 2 2 2 2 2 2 2 2 2 2 2 2 2 2 2 2 2 2 2 2 2 2 2 9 2 10 1 2 2 2 2 2 2 2
left_child=2 4 5 8 7 -1 20 23 10 33 11 12 -4 44 15 36 -12 37 -10 -5 -3 34 24 25 32 53 -25 29 54 30 -21 -17 -6 -8 35 50 -15 -18 41 -40 42 60 43 -41 -14 46 48 55 -26 -50 -22 -24 -19 -2 -9 56 58 -58 -48 -60 61 -39
right_child=1 6 3 19 22 -7 9 28 18 -11 16 -13 13 14 -16 31 17 52 -20 27 21 -23 51 26 45 -27 -28 -29 -30 -31 -32 -33 -34 -35 -36 -37 -38 38 39 40 -42 -43 -44 -45 -46 -47 47 -49 49 -51 -52 -53 -54 -55 -56 -57 57 -59 59 -61 -62 -63
leaf_value=-0.016688445992819403 0.0093067319114298747 0.015337260372501705 -0.013587752542794491 -0.0036499836290615167 0.017313619301420426 -0.0068574181999255003 0.025909322331946615 0.016134151238649017 0.030215293927475215 0.052102100113266804 -0.017306198272737459 -0.012480433181285477 -0.020553999328437076 0.0058408260888913096 0.045185146861811472 -0.013027288115954843 -0.011013028681058157 0.023263526780086911 -0.00068233560830062911 -0.0036574184972913296 0.0052884229370493427 0.040375411481138802 0.013156145715354617 0.0087252388394264083 0.0045418310395073025 -0.0063769403939613126 0.031287216564094868 0.028199157255813741 0.026169669688177289 0.021736496680172402 0.015159577933465177 0.012952126609651666 0.0041783988818032552 0.034833147388570643 0.0260907357373855 0.022114543787185855 0.035059302281375847 -0.029113766141017697 -0.014656176435220165 0.0074885659923485262 -0.002422698734605233 0.0043236343107591127 -0.00064576868600517065 0.032868837844267654 0.0022744370033103358 0.018693504579871942 0.0059585300610315705 0.041071422834831631 -0.00072483539626270479 0.033185877484832524 0.017882168284929854 0.026247575231799949 -0.00098361038504942984 0.0034065149438800516 -0.00073652725153133889 0.013610447495657851 -0.019955234951287457 0.0042049165109891281 0.0056101217637346545 0.030498926113562089 -0.0066252893411987146 -0.010817929364709475
leaf_weight=125694 6553 9645 1051 1242 14144 11929 8315 2262 668 860 3274 2279 606 505 976 1063 8240 637 864 1356 1604 1051 1884 9040 9673 2362 543 1134 1841 1443 1440 508 1489 4409 8140 15970 521 977 1015 758 2339 1098 798 665 1061 2949 2328 508 616 841 4847 3037 619 25423 883 12256 664 725 688 915 2825 1598
leaf_count=125694 6553 9645 1051 1242 14144 11929 8315 2262 668 860 3274 2279 606 505 976 1063 8240 637 864 1356 1604 1051 1884 9040 9673 2362 543 1134 1841 1443 1440 508 1489 4409 8140 15970 521 977 1015 758 2339 1098 798 665 1061 2949 2328 508 616 841 4847 3037 619 25423 883 12256 664 725 688 915 2825 1598
internal_value=6.24726e-05 0.014609 -0.0126398 -0.00205338 0.0100329 -0.0158366 0.0230873 0.00639947 -0.00461569 0.0304943 -0.00541805 0.000640236 0.00539951 0.00921716 0.0163438 0.00543863 -0.00750766 -0.00601665 0.0128445 0.0114758 0.0206451 0.0222499 0.0134028 0.00520478 0.012584 0.00385989 0.0100193 0.0149723 0.0169075 0.0114049 0.0060435 -0.00461212 0.0160643 0.029014 0.0216274 0.0200015 0.020776 -0.00709345 -0.00441482 0.00118087 0.00471819 -0.0092129 0.012227 0.0194229 -0.00606097 0.0108902 0.0100995 0.0123564 0.00642847 0.0188954 0.0147573 0.021334 0.0113572 0.00461694 0.0114527 0.011515 0.00667936 -0.00737479 0.0116484 0.0198674 -0.0119668 -0.0178027
internal_weight=335648 156465 179183 41560 101624 137623 54841 48907 34945 13584 33413 8570 6291 5240 3573 2597 24843 21569 1532 6615 41257 31612 52717 43921 47796 34338 9583 5373 4986 4239 2796 1571 15633 12724 30561 22421 1026 20313 12073 5575 4560 6498 2221 1423 1667 32163 29214 18084 11130 1457 6451 4921 1256 31976 3145 17576 5320 1389 3931 1603 5400 2575
internal_count=335648 156465 179183 41560 101624 137623 54841 48907 34945 13584 33413 8570 6291 5240 3573 2597 24843 21569 1532 6615 41257 31612 52717 43921 47796 34338 9583 5373 4986 4239 2796 1571 15633 12724 30561 22421 1026 20313 12073 5575 4560 6498 2221 1423 1667 32163 29214 18084 11130 1457 6451 4921 1256 31976 3145 17576 5320 1389 3931 1603 5400 2575
cat_boundaries=0 1 2 3 4
cat_threshold=1025 1 9313 17
is_linear=0
shrinkage=0.03


Tree=60
num_leaves=63
num_cat=3
split_feature=1 1 3 1 3 1 1 25 23 13 25 24 7 32 23 24 13 5 24 23 25 32 23 18 32 34 23 18 22 25 23 23 24 4 5 3 0 22 23 24 4 18 32 21 23 24 26 23 29 27 18 24 32 23 24 24 23 3 13 7 25 23
split_gain=65147.8 6485.23 5932.06 1343.57 1259.6 1078.01 860.509 668.387 933.181 633.274 690.033 447.654 493.74 442.196 417.805 945.425 424.184 402.233 390.289 764.596 427.134 368.961 365.064 331.245 311.623 309.746 301.381 380.084 313.359 300.304 288.205 280.733 277.12 294.265 322.186 273.381 268.777 266.093 255.781 406.322 239.728 238.284 237.208 241.139 285.134 258.36 853.786 246.298 235.051 234.869 216.046 214.452 338.008 497.619 396.445 355.03 339.02 329.362 321.857 248.157 294.427 212.196
threshold=0.9915146303373098 2.9729378510615185 0.68809737042529651 2.0940930682127603 1.7442082121853819 0.36303941099773923 3.9269174890273653 12.904465170857568 -0.62729398729515451 2.0038523556015932 24.661279086444171 -0.99904236206516772 2.2396541499061748 -0.41931244982916455 -0.79462857753386928 -0.21294651993841582 2.3183055131959738 0.55759672519520831 -0.73385833101097553 0.60019216940316622 4.767044270419146 0.26872568494234139 0.36075750887067765 620.70319082336437 -0.033209242173579338 0 -0.73388536643219904 22.061986462017874 1 17.283627578984667 0.86167001593038561 0.71612580616132593 0.37672789363518527 2.1718455067778768 0.60576161730011646 4.283275049264347 0.18236652016639712 2 0.69174588062027964 -0.96914236212857563 3.901888492763165 41.853209403187257 0.014890967946666002 73.894985053620886 0.14539831731376898 -0.9770278626699701 62.006820201873772 0.0085831648773537477 0.65906735324937238 0.011290322580645164 637.19260424194351 -0.50739640075491554 1.0000000180025095e-35 -0.78409092058138996 -0.77873524214321999 -0.8905837001257676 0.094275748646527283 3.1442482383463921 2.4800992676931828 10.28893560126386 24.661279086444171 0.99054754357789243
decision_type=2 2 2 2 2 2 2 2 2 2 2 2 8 2 2 2 2 2 2 2 2 2 2 2 2 9 2 2 1 2 2 2 2 2 2 2 2 1 2 2 2 2 2 2 2 2 2 2 2 2 2 2 2 2 2 2 2 2 2 10 2 2
left_child=2 3 5 9 11 -1 25 14 -9 42 22 -4 18 29 15 48 38 41 19 -13 61 -18 23 -11 -17 -3 27 -14 49 -10 36 -24 33 34 37 50 -30 -5 39 -16 -19 -8 43 45 -45 46 47 -2 -6 -28 -27 52 59 -54 55 56 57 -55 -57 60 -35 -20
right_child=1 6 4 32 7 -7 17 8 13 10 -12 12 26 -15 16 24 21 40 20 -21 -22 -23 31 -25 -26 35 28 -29 30 -31 -32 -33 -34 51 -36 -37 -38 -39 -40 -41 -42 -43 -44 44 -46 -47 -48 -49 -50 -51 -52 -53 53 54 -56 58 -58 -59 -60 -61 -62 -63
leaf_value=-0.016162076715178653 0.010670180291547374 0.015450325217595217 0.021880925754264282 -0.0042069433659054122 0.019556585038153954 -0.0064129874721926498 0.032801226288350013 -0.0055808976778907171 0.0049782568083406942 0.011337224992967656 0.042055930070084027 -0.001710513719758692 0.013374632751583857 0.053818676508522241 0.0079336518683169339 -0.012106631984131474 -0.0016244023493537834 0.03409467404034186 -0.0079574343288366847 0.042624958584467278 0.02161411660441797 0.030180444575178655 0.026879405620380055 -0.0002596256583716901 0.010132594600604833 0.023031025473473861 -0.0084952011824928949 -0.0065572825446441954 -0.020861926870928686 0.031897847667645612 0.0037980874761879111 0.0052762554476903601 0.021543604150048152 0.016256795756709703 0.016021664115070115 0.043059284386637697 -0.010687377183695954 0.0096089400243960389 0.0052493661739620688 -0.019543147445379303 0.054547854225220509 0.022162646257544757 0.010404778507597839 -0.0050930550393227681 0.011465193572391402 0.0043673857640484587 0.038433086587457664 -0.011517627243738388 0.046202073030416735 0.017860775811982345 0.014746664950323353 0.010091356928467569 0.050542731467448171 0.014663359188764187 0.011719698023949543 0.023705681871614096 0.0039081231847533857 0.042871420490549095 0.056415552824325685 0.010722569351033384 0.039671682487762733 0.0093928555746014639
leaf_weight=126579 1271 7716 515 1362 759 11113 2922 1024 613 9696 661 991 945 502 616 1248 892 4387 4699 536 568 514 1941 2873 1031 22144 723 9222 3985 956 803 754 3780 2450 7366 566 5697 15397 839 2222 600 5612 6553 4367 1186 28193 874 691 501 518 3290 4959 520 776 2827 530 771 726 576 7224 603 729
leaf_count=126579 1271 7716 515 1362 759 11113 2922 1024 613 9696 661 991 945 502 616 1248 892 4387 4699 536 568 514 1941 2873 1031 22144 723 9222 3985 956 803 754 3780 2450 7366 566 5697 15397 839 2222 600 5612 6553 4367 1186 28193 874 691 501 518 3290 4959 520 776 2827 530 771 726 576 7224 603 729
internal_value=-3.90149e-05 0.0141275 -0.0123748 0.0101008 -0.00245377 -0.0153755 0.0234109 0.00588314 0.0178302 0.00703822 0.0121504 -0.00571784 -0.00620466 0.0293914 0.0015867 0.00949414 -0.00392271 0.0298124 0.000425598 0.0139402 -0.00302492 0.0100684 0.010842 0.00868739 -0.00204564 0.0208398 -0.00848256 -0.00469899 -0.0117597 0.0214297 -0.013439 0.0208563 0.0137268 0.0130834 0.0107914 0.0224213 -0.0148837 0.00848843 -0.00927901 -0.0135757 0.0366076 0.0258223 0.00514965 0.00420699 -0.00154944 0.00523726 0.0138619 0.00284641 0.0302921 0.00251328 0.0219625 0.0155982 0.0172009 0.0224348 0.0200409 0.0269751 0.0201158 0.0283949 0.0409181 0.0137662 0.0209388 -0.00562073
internal_weight=335504 156164 179340 108927 41648 137692 47237 11717 3095 59060 15925 29931 29416 2071 8622 3539 5083 13521 7523 1527 5996 1406 15264 12569 2279 33716 21893 10167 11726 1569 10485 2695 49867 46087 24125 26000 9682 16759 3677 2838 4987 8534 43135 36582 5553 31029 2836 1962 1260 1241 25434 21962 17003 6726 6206 3379 2273 1502 1106 10277 3053 5428
internal_count=335504 156164 179340 108927 41648 137692 47237 11717 3095 59060 15925 29931 29416 2071 8622 3539 5083 13521 7523 1527 5996 1406 15264 12569 2279 33716 21893 10167 11726 1569 10485 2695 49867 46087 24125 26000 9682 16759 3677 2838 4987 8534 43135 36582 5553 31029 2836 1962 1260 1241 25434 21962 17003 6726 6206 3379 2273 1502 1106 10277 3053 5428
cat_boundaries=0 1 2 3
cat_threshold=1025 16 16
is_linear=0
shrinkage=0.03


Tree=61
num_leaves=63
num_cat=0
split_feature=1 1 31 1 3 19 18 32 5 1 1 27 25 23 18 25 25 29 29 31 20 16 23 16 3 19 25 1 23 7 16 23 23 18 23 6 23 25 25 23 3 31 16 27 23 31 23 23 23 4 31 31 16 23 23 27 25 29 25 4 23 19
split_gain=61400.6 8115.28 3385.6 2402.57 1357.55 848.736 625.728 608.685 598.799 588.643 556.671 477.306 459.381 764.641 564.27 458.589 420.848 405.375 379.679 558.444 527.817 432.866 391.038 376.293 378.333 373.818 362.249 341.573 344.129 375.24 318.562 312.851 447.842 304.819 301.681 294.495 289.8 280.933 592.169 456.058 417.008 337.137 351.798 290.517 279.692 274.331 259.448 402.591 347.179 244.317 227.901 224.343 221.958 280.963 393.092 275.312 453.414 274.014 258.569 218.925 216.209 300.031
threshold=0.55961580177221515 2.0940930682127603 1.0603448938823001 3.2524784816627186 1.8292929099524267 10.425197840915478 41.853209403187257 -0.024719772164475847 1.5620564060452398 0.076971383817173611 1.3862943998629091 0.19946236559139788 17.283627578984667 -0.61383352812826175 41.853209403187257 1.9332905850623565 15.0635107301456 1.6185839850517276 0.11853411682973876 2.8374383774821381 40.299461206478959 13.800000000000002 -0.43938332272944897 10.650000000000002 1.5808477594196793 1.2580764688618318 3.0747397511636705 4.2258995486549535 0.094275748646527283 28.182501665965194 9.9500000000000011 0.19613531578169985 -0.11988119229922731 583.03248182830828 0.21293867525431665 8.5000000000000018 -0.051478754770346226 13.558187480587314 11.269347608742377 0.11135109471829405 2.7407477916888054 2.3569137416017001 9.3500000000000032 0.023118279569892475 0.46238297290351504 2.3275515126564854 -0.84374447618434878 -0.94723957588908092 -0.15389057670406206 1.0222669884806586 2.3382514280355271 1.4999249042398113 18.450000000000003 -0.69174588062027931 -0.82482438823869786 0.13924731182795699 20.10581316862616 0.93687901452292721 17.822972561386969 1.1720257328650343 0.39255950267913386 2.6439824120169395
decision_type=2 2 2 2 2 2 2 2 2 2 2 2 2 2 2 2 2 2 2 2 2 2 2 2 2 2 2 2 2 10 2 2 2 2 2 2 2 2 2 2 2 2 2 2 2 2 2 2 2 2 2 2 2 2 2 2 2 2 2 2 2 2
left_child=2 4 9 11 10 6 45 12 27 -1 36 18 -6 -14 34 -8 17 -9 30 20 51 -21 -23 24 -17 -25 -27 52 29 -29 37 32 -16 -12 -15 -28 -2 38 41 -39 -41 -3 -43 -40 49 46 47 -4 -48 -37 -35 -20 53 54 -5 56 58 -57 -55 -38 -32 -62
right_child=1 3 5 8 7 -7 15 16 -10 -11 33 -13 13 14 31 23 -18 -19 19 21 -22 22 -24 25 -26 26 35 28 -30 -31 60 -33 -34 50 -36 44 59 39 43 40 -42 42 -44 -45 -46 -47 48 -49 -50 -51 -52 -53 -54 55 -56 57 -58 -59 -60 -61 61 -63
leaf_value=-0.015995098118815436 -0.0029048670574967528 0.016498313065588549 0.00019143703402511254 0.020081671504795718 0.004258885642471317 0.031062545630285574 -0.023934117874771513 0.012685229008692265 0.040985475641755448 -0.010638434350944628 0.0089460480467144117 0.038813742467548554 -0.0048653460590571355 0.016714856612156225 0.023418092974342553 -0.026043245857546655 0.041128151115163582 0.037373242563187657 0.019166586986748904 0.039014706072476736 -0.0030359481501839357 0.0039173167967781709 0.029778612086096071 -0.015996709855575893 0.003634781951074981 0.024991983402194631 -0.014542041441784791 0.021286815119046499 0.04594442995077315 0.037708079778888071 0.016746016107696965 0.014940356955113107 0.058187907283437812 0.0034710318938329632 -0.0084579654550059821 -0.0053492364335582989 0.00022667286998200094 0.018541725444123813 0.011005533539443975 0.0087867475545209232 -0.022902999242778794 0.0083436060305862713 -0.016074743557924692 0.036650239271251203 -0.019717031666656306 0.029013300810791801 -0.013345154483585212 0.034986665683402599 0.011676861830679253 0.0074751862865548814 -0.011678352519890214 0.010057124719320328 0.027931452090866143 0.018267021795942081 0.036384372897311494 0.028780250709451394 0.0097157599930443629 0.0058803909356826009 0.03258751863122538 0.008429807094613306 0.035000089875417764 0.017689570397968261
leaf_weight=118553 18296 3142 651 3597 15856 707 1111 9890 1825 21920 11839 709 1411 1631 699 1198 546 634 2834 1037 2592 1193 939 1368 568 521 1175 3981 966 1849 21846 654 653 4450 577 1943 8933 993 574 717 771 2102 705 1331 502 500 1044 549 947 4261 1113 17402 4366 5269 2139 3255 5411 553 1459 4351 1495 2316
leaf_count=118553 18296 3142 651 3597 15856 707 1111 9890 1825 21920 11839 709 1411 1631 699 1198 546 634 2834 1037 2592 1193 939 1368 568 521 1175 3981 966 1849 21846 654 653 4450 577 1943 8933 993 574 717 771 2102 705 1331 502 500 1044 549 947 4261 1113 17402 4366 5269 2139 3255 5411 553 1459 4351 1495 2316
internal_value=3.08264e-05 0.0120568 -0.0136276 0.0179035 0.0050739 -0.00100112 -0.0023977 0.00982206 0.0242417 -0.0151596 0.00191782 0.0143971 0.00687441 0.0142368 0.0206311 -0.0055693 0.0155362 0.0141896 0.0141147 0.0113473 0.00970499 0.0231434 0.0153505 -0.00379103 -0.0165146 -0.00148389 0.000887174 0.0233052 0.0293151 0.0265227 0.0161118 0.0321331 0.040364 0.00622531 0.0101324 -0.000721191 -0.000456411 0.0116538 0.0144324 0.00284632 -0.00765485 0.00975598 0.00219307 0.0289722 0.00170948 0.00846245 0.00520197 0.0161894 -0.00144424 0.0034577 0.0004323 0.0113373 0.021732 0.0204775 0.0261875 0.0184161 0.0161947 0.0254668 0.0213944 0.00291566 0.0179049 0.0245172
internal_weight=336419 178901 157518 97368 81533 17045 16338 32551 34670 140473 48982 62698 21481 5625 4214 12647 11070 10524 61989 25997 22828 3169 2132 11536 1766 9770 8402 32845 6796 5830 35992 2006 1352 17402 2208 7881 31580 10335 7854 2481 1488 5949 2807 1905 6706 3691 3191 1200 1991 6204 5563 20236 26049 21683 5736 15947 12139 3808 6728 13284 25657 3811
internal_count=336419 178901 157518 97368 81533 17045 16338 32551 34670 140473 48982 62698 21481 5625 4214 12647 11070 10524 61989 25997 22828 3169 2132 11536 1766 9770 8402 32845 6796 5830 35992 2006 1352 17402 2208 7881 31580 10335 7854 2481 1488 5949 2807 1905 6706 3691 3191 1200 1991 6204 5563 20236 26049 21683 5736 15947 12139 3808 6728 13284 25657 3811
is_linear=0
shrinkage=0.03


Tree=62
num_leaves=63
num_cat=1
split_feature=3 0 3 5 13 5 5 2 24 25 32 25 23 5 26 29 5 31 13 23 25 32 23 23 31 29 20 26 19 24 27 23 7 2 19 24 4 31 29 24 24 5 13 3 5 5 23 24 23 25 32 13 29 16 25 5 26 22 29 23 23 4
split_gain=55479 5823.46 5059.27 2110.79 1240.59 1100.97 989.105 821.223 502.678 796.975 539.028 482.617 630.558 471.19 461.762 424.439 418.081 382.754 434.807 379.059 370.306 345.407 468.157 2044.34 440.122 460.195 407.669 544.31 533.766 413.492 342.867 327.247 362.147 366.82 319.176 356.385 317 313.57 374.472 305.26 302.262 373.888 295.395 293.251 290.301 277.968 296.919 296 488.356 477.35 452.157 440.968 372.227 669.056 321.094 277.613 277.608 272.987 254.985 246.344 265.795 241.709
threshold=1.3059759732744551 0.38779720664024359 2.8772817432722406 0.45538284850024519 1.5029525892764648 0.73237430365454037 0.55759672519520831 3.8932853743240874 -0.99815866078541837 14.623407672858368 0.014890967946666002 1.804996410614528 0.99863729997741479 1.2332470453008615 99.651452636718716 1.5826466696549095 -1.0924886860856216 3.5912393499179838 2.5843868307983993 0.97516411509186673 1.2857497769337829 -0.024719772164475847 -0.23803327706148594 -0.18771856543719898 3.1305551825017743 1.5826466696549095 29.947675969211883 61.390186977386477 3.6229072744295268 -0.99168614031016833 0.18978494623655914 0.9294892378951588 3.1486236173153554 1.7768058128265134 5.9059427821715182 -0.93867560834980956 0.45717708213247521 2.8987699744717639 -0.28779815265495406 -0.84831994561267254 -0.77873524214321999 -0.42814322186796866 2.9347318084562963 0.66733972245471485 1.6809837296058974 -0.15098122667216438 -0.45473838294431457 -0.82964644928663578 -0.66655057241353222 15.209368191923827 -0.87953252914821878 1.8890037340216783 0.30809633245342388 11.800000000000002 10.387968341978169 -0.55436435337418921 14.34449875354766 0 0.96451309367470339 0.36075750887067765 0.41612469599147456 1.8568861936876426
decision_type=2 2 2 2 2 2 2 2 2 2 2 2 2 2 2 2 2 2 2 2 2 2 2 2 2 2 2 2 2 2 2 2 8 2 2 2 2 2 2 2 2 2 2 2 2 2 2 2 2 2 2 2 2 2 2 2 2 1 2 2 2 2
left_child=1 11 3 4 8 36 7 17 9 -2 19 -1 43 61 20 39 -9 18 30 31 55 22 45 -24 25 37 27 28 29 -25 -4 32 -10 -34 35 -20 -3 -23 -39 -12 41 -37 -19 -13 -8 46 47 -22 50 -50 51 -49 54 58 -52 -6 -45 -38 -54 -28 -61 -5
right_child=2 5 6 13 14 -7 44 16 10 -11 15 12 -14 -15 -16 -17 -18 42 34 -21 21 24 23 26 -26 -27 59 -29 -30 -31 -32 -33 33 -35 -36 40 57 38 -40 -41 -42 -43 -44 56 -46 -47 -48 48 49 -51 52 -53 53 -55 -56 -57 -58 -59 -60 60 -62 -63
leaf_value=-0.015690297384311089 0.00039566605083403574 -0.0093837951337413152 0.012287803880747419 0.010908817639814874 -0.022495167980244788 0.0086644565808403021 0.028142780084573993 0.051966794782146476 0.014022228777769421 0.048996143108124023 0.027783479274721006 -0.014206306240593231 0.015183381147358115 0.025417089414288902 0.03062539075883312 0.035767141228158758 0.024598065370717011 0.041783852082591777 0.01383811952730031 0.024438197953178552 0.022959079461238589 0.011986961163257773 0.070661088394220251 0.0024195624215994031 0.0010756244115464658 0.036796019977308463 0.0019005382981523845 0.032483631748496909 -0.011263672947213496 0.027157793488001701 0.031128611279307272 -0.017314219827112873 -0.0050684745846519769 0.0030930835668973949 0.0042436211208318891 0.049078285180647399 0.0013324123944701367 0.010573687599886233 0.043805332123859363 0.0031109910472727062 0.020523622587705712 0.025528418461998156 0.013568446827964606 0.011707767506684116 0.050501177753370589 0.0080822232328713415 -0.018469793614887622 0.0039816207790449804 -0.031379251608333318 0.0037758898626848616 0.00093818411900596535 0.035693264362113897 0.041016413757079331 -0.0073586300598431536 -0.017333299435504993 0.0036795394404792172 -0.0089594320990129435 -0.0052202037808693766 0.011543797849478449 0.032082834338349943 0.0085505261316626974 0.01769577504344921
leaf_weight=108077 753 7624 21239 8708 552 7603 7336 532 1381 504 531 17718 787 4494 884 530 9037 911 4061 508 586 13263 505 1045 2540 791 5641 1374 800 1453 904 1134 12440 8232 1088 861 10226 593 633 2868 5644 2131 536 627 568 10109 651 881 752 641 2558 712 553 975 1303 1053 7969 12969 512 508 2785 10418
leaf_count=108077 753 7624 21239 8708 552 7603 7336 532 1381 504 531 17718 787 4494 884 530 9037 911 4061 508 586 13263 505 1045 2540 791 5641 1374 800 1453 904 1134 12440 8232 1088 861 10226 593 633 2868 5644 2131 536 627 568 10109 651 881 752 641 2558 712 553 975 1303 1053 7969 12969 512 508 2785 10418
internal_value=-7.98729e-05 -0.0118628 0.0125466 0.00875291 0.00651324 -0.00155629 0.0199566 0.0182996 0.00148361 0.0199992 0.00063761 -0.0147921 -0.0112077 0.0166706 0.00917073 0.0109215 0.026146 0.0162875 0.0156739 -0.00106957 0.00881519 0.00925195 0.00749145 0.0116851 0.0126418 0.0145635 0.00947096 0.0166483 0.0100119 0.0168344 0.0130638 -0.00163356 -0.000823494 -0.00181842 0.0198602 0.0211962 -0.00407873 0.0133375 0.0278399 0.00700054 0.0246463 0.0323759 0.031415 -0.0119998 0.0297804 0.00456456 0.00104986 0.00240032 0.00103254 -0.0152467 0.00406671 0.0182226 0.00023306 0.0105838 -0.00524247 -0.00536451 -0.00744602 -0.00233336 0.0269676 0.00571036 0.0122239 0.0146094
internal_weight=335602 173600 162002 107154 83534 38422 54848 46944 28881 1257 27624 135178 27101 23620 54653 3929 9569 37375 35928 23695 53769 52164 34344 14111 17820 15280 13606 4672 3298 2498 22143 23187 22053 20672 13785 12697 30819 14489 1226 3399 8636 2992 1447 26314 7904 20233 10124 9473 8887 1393 7494 1593 5901 2040 3861 1605 8596 23195 1065 8934 3293 19126
internal_count=335602 173600 162002 107154 83534 38422 54848 46944 28881 1257 27624 135178 27101 23620 54653 3929 9569 37375 35928 23695 53769 52164 34344 14111 17820 15280 13606 4672 3298 2498 22143 23187 22053 20672 13785 12697 30819 14489 1226 3399 8636 2992 1447 26314 7904 20233 10124 9473 8887 1393 7494 1593 5901 2040 3861 1605 8596 23195 1065 8934 3293 19126
cat_boundaries=0 1
cat_threshold=1
is_linear=0
shrinkage=0.03


Tree=63
num_leaves=63
num_cat=0
split_feature=1 2 1 2 2 1 1 26 23 23 23 23 25 1 6 1 5 5 23 23 6 23 23 23 23 32 16 23 23 23 32 31 23 21 23 23 23 16 3 25 13 2 5 4 13 23 23 19 23 23 21 32 23 29 23 25 26 32 23 23 29 6
split_gain=53988.7 5663.67 5064.06 1425.84 977.122 833.01 800.973 490.345 946.672 522.112 531.105 522.592 516.757 485.498 483.922 436.146 365.657 358.115 332.185 716.564 328.661 368.467 434.353 358.749 327.122 322.499 320.505 569.194 401.041 322.511 306.285 290.084 288.974 378.422 278.109 335.532 462.316 411.232 316.639 300.189 274.78 269.678 272.726 263.037 317.156 259.259 342.316 254.416 248.605 422.17 382.452 346.39 294.31 333.012 244.832 244.004 234.968 231.913 222.448 269.574 217.852 215.855
threshold=1.070401381955193 0.18976397984103835 2.8601720838512592 1.346775551683413 2.7547952058655469 3.8891003210127386 1.7992699075436358 55.523709487915028 -0.61383352812826175 -0.79462857753386928 0.58637393129089799 -0.87025318080773884 3.4944851819866449 0.25945734864355613 9.5000000000000018 0.4054678504506592 1.4752227368701363 -1.7789556044153982 -0.55822315702467107 -0.45473838294431457 7.5000000000000009 -0.87025318080773884 -0.85283291294431784 -0.82482438823869786 -0.95260028690456633 -0.24381186973629057 10.250000000000002 -0.15389057670406206 0.11135109471829405 -0.051478754770346226 -0.65114877084383127 1.5585421012997365 -0.042903177641794764 70.699020468213646 0.41612469599147456 -0.31226905285971468 -0.43938332272944897 18.550000000000004 2.171669361782119 9.438082023153223 1.9566768326385497 4.23916106542588 0.3357154386806816 2.4173752888409648 1.6803221766507339 0.21293867525431665 -0.051478754770346226 5.2450690341885755 -0.085730500155694681 -0.17927415433127133 11.112619988935936 1.0000000180025095e-35 -0.82482438823869786 0.48094855920436314 0.1283936251113518 7.9703137812835569 26.676751899719225 -1.1259900067348807 0.36075750887067765 0.41612469599147456 -0.42336381099554643 8.5000000000000018
decision_type=2 2 2 2 2 2 2 2 2 2 2 2 2 2 2 2 2 2 2 2 2 2 2 2 2 2 2 2 2 2 2 2 2 2 2 2 2 2 2 2 2 2 2 2 2 2 2 2 2 2 2 2 2 2 2 2 2 2 2 2 2 2
left_child=1 15 4 13 6 41 40 9 -9 11 34 14 -12 -3 25 -1 -7 -6 -19 -20 -8 31 -23 -24 -16 -5 27 -25 29 -29 -30 -22 55 47 35 36 39 38 -37 -11 -2 42 43 44 -4 46 -10 57 49 50 -45 -52 -53 60 -42 61 -21 -34 -28 -60 -54 -15
right_child=2 3 5 7 17 16 20 8 45 10 12 -13 -14 32 24 -17 -18 18 19 56 21 22 23 26 -26 -27 58 28 30 -31 -32 -33 33 -35 -36 37 -38 -39 -40 -41 54 -43 -44 48 -46 -47 -48 -49 -50 -51 51 52 53 -55 -56 -57 -58 -59 59 -61 -62 -63
leaf_value=-0.014907654377252262 0.0032304758811366237 -0.0098646100343488859 -0.011177236845678914 -0.016671674041890319 0.041092807931703661 0.025324045097616786 0.015182246350417782 -0.007765360354119598 0.022064664723055266 0.0039681361762730957 -0.012259612261040217 0.029118239313567312 0.024084047546356218 -0.00442783792946831 0.0015992705148475412 -0.0056656614564058001 0.042478627487911674 0.010163714048341321 0.047135086243039685 -0.0026725745259341019 0.011287686616016123 0.03550553186871707 -0.0083141178729099104 0.015862863387495797 0.027735645323181929 0.0065415085533965531 0.011071928780446303 0.002105288582530162 0.016162045429775451 -0.025870927609022782 0.00035755127500795451 -0.0007533760833186528 -0.0063925756442483996 0.013285698630661794 -0.02466465159978402 0.0021664209828738865 -0.035956207591789371 -0.018631413379597919 0.030329665468713005 -0.020360248261590715 0.0064731634990961937 0.039705789686770666 0.020924490539986542 0.02850532243814053 0.012426153204627175 0.012014945622539144 0.052916837920642099 -0.0094364715524539074 0.01262862142688422 0.042122427263061486 0.0067847299707677515 0.0086098270560914791 0.03596969463225258 0.041916958669479934 0.018196847913538129 0.0010306171484902524 0.018556983815224488 0.0059009460162933198 0.037805702911278855 0.015898042330540815 0.014803888827568104 -0.012938854403304903
leaf_weight=121278 28107 17159 583 1056 530 13126 10645 1034 787 1188 522 980 1061 5950 765 4785 1232 5118 788 512 2761 618 912 3735 984 1090 14466 709 1581 771 3629 5158 2157 1727 739 1141 574 557 520 735 6615 523 16723 2622 4026 662 561 2840 6033 738 2794 1413 565 795 2116 3312 5460 3819 566 4682 1962 4890
leaf_count=121278 28107 17159 583 1056 530 13126 10645 1034 787 1188 522 980 1061 5950 765 4785 1232 5118 788 512 2761 618 912 3735 984 1090 14466 709 1581 771 3629 5158 2157 1727 739 1141 574 557 520 735 6615 523 16723 2622 4026 662 561 2840 6033 738 2794 1413 565 795 2116 3312 5460 3819 566 4682 1962 4890
internal_value=-1.91212e-05 -0.011013 0.0131545 -0.00314806 0.00915982 0.0206317 0.00803656 0.00480153 0.0155369 0.00205284 -0.00317439 0.0095938 0.0120987 -0.00598898 0.00465033 -0.0145571 0.0268103 0.0170357 0.0159454 0.0203119 0.0105006 0.00923996 0.0106872 0.0101876 0.0163409 -0.0048934 0.0107487 0.00648963 0.00124865 -0.0125068 0.0051644 0.00344928 -0.00329459 0.000465352 -0.00761436 -0.00491871 -0.0124505 0.00356947 0.0110479 -0.00535923 0.0046756 0.0183408 0.0180436 0.0158017 0.00943164 0.0275137 0.0350526 -0.00205218 0.0175333 0.0202437 0.0186331 0.0151785 0.020119 0.0249942 0.00932324 -0.00609486 0.0167362 0.00146204 0.0129988 0.0182945 0.0195979 -0.00827141
internal_weight=335487 182873 152614 56810 99479 53135 87071 14956 3044 11912 7037 4875 1583 41854 3895 126063 14358 12408 11878 6760 50233 39588 31669 31051 1749 2146 30139 10425 6690 1480 5210 7919 24695 10543 5454 4715 2497 2218 1661 1923 36838 38777 38254 21531 4609 2010 1348 8816 16922 10889 10151 7529 4735 3322 8731 14152 5972 5976 19714 5248 2527 10840
internal_count=335487 182873 152614 56810 99479 53135 87071 14956 3044 11912 7037 4875 1583 41854 3895 126063 14358 12408 11878 6760 50233 39588 31669 31051 1749 2146 30139 10425 6690 1480 5210 7919 24695 10543 5454 4715 2497 2218 1661 1923 36838 38777 38254 21531 4609 2010 1348 8816 16922 10889 10151 7529 4735 3322 8731 14152 5972 5976 19714 5248 2527 10840
is_linear=0
shrinkage=0.03


Tree=64
num_leaves=63
num_cat=1
split_feature=1 1 13 1 2 3 5 1 25 2 24 25 29 20 18 24 7 29 16 16 24 24 32 24 24 29 24 16 1 29 16 29 32 24 24 24 32 32 29 24 24 4 22 25 24 24 9 24 20 20 24 16 17 29 5 25 3 17 25 25 13 25
split_gain=51613.6 6309.19 2992.44 2015.03 1000.37 971.067 530.425 418.714 412.071 386.485 381.568 376.569 351.695 500.19 329.979 341.95 347.813 329.15 384.596 382.972 356.15 794.649 318.066 538.945 484.2 447.654 315.411 397.259 305.204 292.068 512.692 330.311 351.226 330.287 338.808 634.567 302.7 282.269 269.688 332.313 256.176 342.188 269.41 255.121 251.652 238.878 236.997 232.066 230.708 227.756 226.43 331.66 300.678 263.742 220.027 217.394 214.876 214.031 197.806 192.53 192.052 190.701
threshold=0.6594039883782834 2.0940930682127603 0.56656305167067622 3.3392382371244618 1.7768058128265134 1.6006417500390075 1.3977650139343882 1.180801969247423 38.964646605318116 3.1148351061075634 -0.96914236212857563 12.904465170857568 0.11853411682973876 40.299461206478959 22.061986462017874 -0.8982586596074329 4.9337127116391457 0.1836773534595661 16.350000000000005 17.400000000000002 -0.66012780149078443 -0.30410362911654215 0.048690000510210225 -0.84831994561267254 -0.90566889813915308 2.1142041144276411 -0.97322851985520697 9.7500000000000018 0.089737579203513773 0.33541840325858291 16.900000000000002 0.76828968848313128 -0.55322134655451716 -0.53667642277345495 -0.69791844337451392 -0.8905837001257676 0.44569213133507635 0.048690000510210225 0.090987515499620877 -0.26296220265651482 -0.96477059369951401 2.3876603192136403 0 18.160469783834557 -0.56532384738233998 -0.21294651993841582 -0.52454715600296598 -0.68552235175575749 40.299461206478959 22.905322486475324 -0.8982586596074329 11.500000000000002 76.15000000000002 -0.32480715268387866 0.3510938263894901 6.2189460023837073 2.3192387949977342 73.950000000000017 2.8125263706811015 11.731483685145136 2.9095671733044655 17.283627578984667
decision_type=2 2 2 2 2 2 2 2 2 2 2 2 2 2 2 2 10 2 2 2 2 2 2 2 2 2 2 2 2 2 2 2 2 2 2 2 2 2 2 2 2 2 1 2 2 2 10 2 2 2 2 2 2 2 2 2 2 2 2 2 2 2
left_child=2 4 28 8 7 14 46 -2 12 29 11 -7 26 22 55 16 -16 18 37 20 -19 -22 45 24 -24 59 27 61 -1 36 31 -31 43 34 35 -34 -6 -12 57 44 41 -28 -42 -33 -40 -14 54 -20 -29 58 51 52 -51 -53 -5 -4 -32 -9 -44 -25 -38 -3
right_child=1 3 5 6 9 10 -8 38 -10 -11 17 -13 13 -15 15 -17 -18 19 47 -21 21 -23 23 25 -26 -27 40 48 -30 30 56 32 33 -35 -36 -37 60 -39 39 -41 42 -43 49 -45 -46 -47 -48 -49 -50 50 -52 53 -54 -55 -56 -57 -58 -59 -60 -61 -62 -63
leaf_value=-0.014800960964603297 -0.00066569225428808197 0.0034958453059488635 -0.0045634398012748744 0.021286011455199736 0.0051324305804044479 0.0029110282941287868 0.036346573102010643 0.013711936503795626 0.03444035790302858 0.027047172717234069 -0.013354533576228827 0.034460177865255799 0.0086309605117748343 -0.0010976416812401666 0.013525011543548054 -0.0094881777699366236 -0.01172496131626973 0.0020965972247278921 -0.0042403042403316325 -0.012674162575978334 0.04808107913171062 0.00087043845545428634 0.018814444798956949 0.012477640829301579 0.054975294181742726 0.038161585769680893 0.015671778583280088 0.010503881470254337 -0.010437699363348606 0.027875838171418379 -0.0084882670458136036 -0.0073319702905350632 0.00095258283030698722 0.034637158597059035 -0.0011121679260608186 0.047542725546567591 0.011891804641850008 0.0053980284145521652 0.0026004770047077298 0.0082808676920697131 0.0053435770107470339 0.046923217327499295 0.026601745106385768 0.01808916253407215 -0.0079754813928623741 0.020454668734162913 0.0195519231098975 0.020959821664483604 0.02924981919516919 -0.013576345397456075 0.019309560242345182 0.010615075953527181 0.010277281883212116 0.029825910621536427 0.030050935843474975 0.014892926108523219 0.011515330983826774 0.0055134950510251218 0.0076531235929930613 -0.0065074189565653062 0.032904124203913865 -0.019089932701416248
leaf_weight=111265 21762 915 1158 5830 14580 683 2403 3810 834 1105 2652 676 15371 2913 1217 21136 816 1087 561 564 664 617 794 4729 580 584 725 4385 16643 1970 1117 1009 533 874 898 515 1473 989 4745 4413 2104 564 569 542 3525 1708 18137 785 681 608 18439 1336 2121 1251 4747 926 844 11583 3715 532 534 526
leaf_count=111265 21762 915 1158 5830 14580 683 2403 3810 834 1105 2652 676 15371 2913 1217 21136 816 1087 561 564 664 617 794 4729 580 584 725 4385 16643 1970 1117 1009 533 874 898 515 1473 989 4745 4413 2104 564 569 542 3525 1708 18137 785 681 608 18439 1336 2121 1251 4747 926 844 11583 3715 532 534 526
internal_value=2.49844e-05 0.0114312 -0.012118 0.0164949 0.00494652 -0.00428056 0.022789 0.00245762 0.0135252 0.00971708 0.00401773 0.0186731 0.0132548 0.0106478 -0.00732957 -0.008358 0.00338634 0.00149248 -0.00319694 0.00946052 0.0147481 0.0254336 0.0120559 0.0173374 0.0342228 0.0133422 0.015123 0.00909964 -0.0142337 0.0089424 0.0135361 0.0176791 0.0130568 0.0193545 0.0124195 0.0239646 0.00663982 -0.00826038 0.00487821 0.00163806 0.0163683 0.0294743 0.0158031 0.00158108 -0.00190951 0.00981904 0.0216483 0.0104798 0.0130502 0.016579 0.0177344 0.0122577 0.00494777 0.0199445 0.0252321 0.00409671 0.000128525 0.00754653 0.010198 0.0105535 0.0175504 -0.00478601
internal_weight=335372 172933 162439 97101 75832 34531 31117 49838 65984 25994 9278 1359 65150 27211 25253 23169 2033 7919 4987 2932 2368 1281 24298 7219 1374 5845 37939 6507 127908 24889 8302 6341 4371 2820 1946 1048 16587 3641 28076 12683 31432 1289 30143 1551 8270 17079 28714 1346 5066 28039 23755 5316 2729 2587 10577 2084 1961 15393 4284 5261 2007 1441
internal_count=335372 172933 162439 97101 75832 34531 31117 49838 65984 25994 9278 1359 65150 27211 25253 23169 2033 7919 4987 2932 2368 1281 24298 7219 1374 5845 37939 6507 127908 24889 8302 6341 4371 2820 1946 1048 16587 3641 28076 12683 31432 1289 30143 1551 8270 17079 28714 1346 5066 28039 23755 5316 2729 2587 10577 2084 1961 15393 4284 5261 2007 1441
cat_boundaries=0 1
cat_threshold=16
is_linear=0
shrinkage=0.03


Tree=65
num_leaves=63
num_cat=4
split_feature=1 1 31 1 1 19 13 13 3 27 1 17 25 34 16 24 1 4 29 24 23 19 24 23 7 34 16 31 25 6 7 28 16 34 30 25 29 32 16 3 13 23 3 23 16 13 7 29 17 16 28 25 19 25 24 31 1 19 23 13 6 23
split_gain=48269.6 6484.86 2516.59 1451.39 1196.18 831.164 676.487 540.907 527.884 513.968 465.302 416.188 415.507 410.022 395.65 376.893 323.575 319.766 302.604 298.945 285.216 302.475 281.244 518.882 267.799 259.718 256.982 402.304 287.628 253.766 249.764 246.326 245.872 243.629 235.709 216.051 206.095 241.543 206.041 229.816 221.325 203.439 479.349 394.163 377.672 224.901 216.324 211.675 243.252 197.519 192.483 190.951 249.645 210.399 187.544 212.877 182.391 180.555 372.917 275.145 272.438 194.382
threshold=0.55961580177221515 2.5288550311815663 1.0603448938823001 1.2891581856277794 3.855440885125001 10.425197840915478 1.8890037340216783 1.9920624853864328 1.6918018701093194 0.070430107526881738 0.076971383817173611 76.800000000000026 4.3721600128437892 0 18.825000000000006 -0.98376170968447474 4.9529772614864394 2.402308438469047 0.044109217475255945 -0.91968655568559032 -0.15389057670406206 3.278570080070065 -0.68552235175575749 -0.99466323211226826 10.690425650286146 1 19.550000000000004 2.8269569663598695 6.5222570340880148 6.5000000000000009 4.1272469810642933 1.865313031083992 17.400000000000002 2 3 4.7102916213493531 0.1836773534595661 0.2824212205507049 18.450000000000003 2.4298701743888609 2.114843225162153 -0.085730500155694681 4.1537608658190965 -0.13690605792347518 15.750000000000002 2.5056435619901651 9.8066441255063399 -0.42336381099554643 73.750000000000014 11.500000000000002 -0.52963484997443178 8.9992143949393633 3.7219580927080202 5.4432581040807966 -0.92628984363228806 1.2242137077970507 1.8718409304840116 5.9059427821715182 0.36075750887067765 2.3413576722168412 9.5000000000000018 -0.13690605792347518
decision_type=2 2 2 2 2 2 2 2 2 2 2 2 2 9 2 2 2 2 2 2 2 2 2 2 10 9 2 2 2 2 8 2 2 9 1 2 2 2 2 2 2 2 2 2 2 2 10 2 2 2 2 2 2 2 2 2 2 2 2 2 2 2
left_child=2 3 10 8 13 6 11 26 34 57 -1 12 -4 -3 24 -14 -6 18 19 -15 33 -22 30 -24 -11 -10 27 29 -29 56 -17 -31 -30 -8 -2 -33 37 -27 39 -20 -40 42 43 44 45 -19 49 48 -46 -43 -28 52 53 -25 -36 -56 -5 58 60 -60 61 -9
right_child=1 4 5 7 16 -7 20 9 25 14 -12 -13 15 17 -16 22 -18 41 38 -21 21 -23 23 51 -26 36 50 28 32 31 -32 35 -34 -35 54 -37 -38 -39 40 -41 -42 46 -44 -45 47 -47 -48 -49 -50 -51 -52 -53 -54 -55 55 -57 -58 -59 59 -61 -62 -63
leaf_value=-0.014123967927959565 0.0013432156141845058 0.008979345841780971 -0.011510465419596026 0.0072861599515870352 0.024074152957354794 0.030778243909113698 -0.015224924967575741 0.015520370643190461 0.00084733454873316659 0.051933988383337418 -0.0093533492125148446 -0.021439740777962703 0.022954093736496945 0.0108089344199354 0.006292918321512778 0.008754574335304707 0.043077969650750877 0.018740560766319796 0.014761413879796905 0.021009765447802205 0.03106360274787727 0.0028270203529849464 -0.019650973999911326 0.0088317359841701363 0.025302277645066765 0.0028864632730418913 0.014976485844652606 0.0089827064409040685 0.044074827571357646 0.0062482686415209184 -0.01518749099149911 0.012496483335959386 0.015431772369462925 0.0064941014950533 0.0029659654451295145 -0.0061689647962827341 0.016853767883513955 0.022803390636798419 0.011997469500816191 0.0048731582652242304 0.036782635855451808 0.013375384247391866 0.044307712373890848 0.0451281123112343 0.033046053251029078 0.028119239133190491 0.010326017125966449 0.010938506986190932 0.0075240727496468686 0.02481958217106706 -0.005145607474966717 0.023178078878691177 0.02023300505802603 -0.014244414133913979 -0.0014075440279960683 -0.010939428127094912 0.01652582983732237 0.0048333727648041764 0.011500533567778649 0.029245440488480521 0.0057267018758166265 0.002964866153787413
leaf_weight=118113 15284 7261 4155 4371 14407 699 561 7386 4098 502 21846 1419 613 4053 671 500 859 5422 3382 7232 782 605 681 743 1103 3368 509 1136 573 28360 1767 699 521 2401 2400 2690 2703 650 919 5656 503 2651 742 529 925 4080 4359 5611 532 2831 2549 685 651 673 3928 4552 3449 3864 1437 1760 7165 1309
leaf_count=118113 15284 7261 4155 4371 14407 699 561 7386 4098 502 21846 1419 613 4053 671 500 859 5422 3382 7232 782 605 681 743 1103 3368 509 1136 573 28360 1767 699 521 2401 2400 2690 2703 650 919 5656 503 2651 742 529 925 4080 4359 5611 532 2831 2549 685 651 673 3928 4552 3449 3864 1437 1760 7165 1309
internal_value=8.88929e-05 0.0107363 -0.0120581 0.00605403 0.0177007 -0.00113495 -0.00251795 0.00859212 0.00124581 0.0121097 -0.0133797 -0.00622147 -0.00414929 0.0156906 0.025699 0.000700861 0.0251572 0.0166703 0.0139432 0.0173526 0.00760031 0.0188014 -0.00171036 0.00370378 0.0337674 0.00681794 0.0066151 0.00722922 0.0196159 0.00652875 -0.00989928 0.0053349 0.0305663 0.00233239 -0.00105916 -0.00230637 0.0104383 0.0061328 0.0102585 0.00857944 0.0208628 0.0188156 0.0207314 0.0196957 0.0188703 0.0227803 0.0153337 0.0136016 0.0237847 0.0193026 -0.00177733 0.00950822 0.00493305 -0.00214748 -0.00443305 -0.00652762 0.0113693 0.010755 0.0119541 0.0212998 0.0100641 0.013633
internal_weight=335885 178991 156894 107037 71954 16935 16236 70054 36983 25197 139959 11887 10468 56688 2276 6313 15266 49427 21745 11285 4349 1387 5700 3433 1605 10819 44857 41799 2230 39569 2267 31749 1094 2962 26164 3389 6721 4018 10460 9038 1422 27682 17841 17099 16570 9502 9841 7068 1457 5482 3058 2752 2067 1416 10880 8480 7820 22921 19057 3197 15860 8695
internal_count=335885 178991 156894 107037 71954 16935 16236 70054 36983 25197 139959 11887 10468 56688 2276 6313 15266 49427 21745 11285 4349 1387 5700 3433 1605 10819 44857 41799 2230 39569 2267 31749 1094 2962 26164 3389 6721 4018 10460 9038 1422 27682 17841 17099 16570 9502 9841 7068 1457 5482 3058 2752 2067 1416 10880 8480 7820 22921 19057 3197 15860 8695
cat_boundaries=0 1 2 3 4
cat_threshold=1024 9353 1101 1
is_linear=0
shrinkage=0.03


Tree=66
num_leaves=63
num_cat=0
split_feature=1 1 13 2 1 1 24 2 1 1 5 21 26 24 23 23 23 27 24 16 31 29 20 27 24 26 6 24 24 23 26 24 23 24 26 24 5 21 19 24 29 26 24 16 24 23 27 16 27 13 27 31 26 23 23 31 26 26 26 16 29 23
split_gain=45496.4 4436.01 4328.59 1129.3 1009.8 658.115 631.859 553.185 535.439 432.437 321.231 311.491 285.925 282.926 278.865 353.379 268.995 363.116 301.764 421.86 457.659 318.185 294.964 266.208 365.25 361.297 280.566 427.075 417.852 436.037 273.053 454.103 273.636 263.321 423.91 665.767 416.416 331.725 296.988 336.511 346.738 271.248 240.559 317.355 652.763 415.996 342.017 388.335 371.379 317.442 369.81 254.936 250.459 231.332 550.419 304.137 315.037 282.687 481.807 382.499 229.993 320.75
threshold=0.9915146303373098 2.9729378510615185 0.46701160598876318 1.9199609314391777 1.9349758304733309 4.40161869695691 -0.99904236206516772 2.6358809109737042 0.3075322622396276 0.44566042620230245 -1.3273831369669833 21.691890221558243 21.367552757263173 0.66012780149078465 0.094275748646527283 -0.40828930082137055 -0.24635219865135785 0.073655913978494636 -0.25466173847491491 16.900000000000002 2.8094112341217894 -0.36202916432639576 24.202394163978258 0.0048387096774193559 0.10281720934011641 28.766499137878409 8.5000000000000018 -0.14540367380369007 -0.27948563485160954 -0.9092740615363033 34.262863445281965 -0.62058661934845294 0.48504197719567638 -0.99374406038856444 92.353037452697734 -0.98933596577443683 0.47241611350734464 13.310367659907348 3.580189827618049 -0.96914236212857563 -0.46353730382295238 113.83019809722877 0.37672789363518527 10.250000000000002 -0.99815866078541837 0.36075750887067765 0.061827956989247319 10.900000000000002 0.034946236559139789 1.7050441072354954 0.14354838709677423 1.4195821523821803 104.44958744049073 -0.15389057670406206 -0.49998158062385478 2.2178111256724038 25.334101438522314 53.177443313598587 42.883319091796857 9.7500000000000018 0.030158821736771958 -0.23803327706148594
decision_type=2 2 2 2 2 2 2 2 2 2 2 2 2 2 2 2 2 2 2 2 2 2 2 2 2 2 2 2 2 2 2 2 2 2 2 2 2 2 2 2 2 2 2 2 2 2 2 2 2 2 2 2 2 2 2 2 2 2 2 2 2 2
left_child=2 4 9 6 7 33 -4 16 23 -1 -6 13 -5 -10 15 -7 18 -18 19 20 22 -21 -2 -8 26 -26 -25 28 29 -28 31 -31 -32 -3 36 -36 38 -37 39 -35 -41 -39 43 44 -12 49 47 -47 -49 51 -51 -45 -53 54 -46 56 -55 58 -57 -59 61 -14
right_child=1 5 3 12 10 14 8 -9 11 -11 42 -13 60 -15 -16 -17 17 -19 -20 21 -22 -23 -24 24 25 -27 27 -29 -30 30 32 -33 -34 34 35 37 -38 41 -40 40 -42 -43 -44 45 53 46 -48 48 -50 50 -52 52 -54 55 -56 57 -58 59 -60 -61 -62 -63
leaf_value=-0.013686218546442773 -0.010253666111351065 0.011732111766333382 0.024631697015507461 -0.0065110875584905321 0.034453476805641314 0.037585385628818767 -0.010956707041648689 0.017667309961607754 0.0044932515709399214 -0.0054286897842399044 -0.021591390363646601 -0.0049506601631175238 -0.002019215190405797 -0.008089153837532578 0.045343967403753536 0.019499037495023516 0.0063479015744304481 0.025593895067974607 0.0056854139730933397 0.012325467355792187 0.030726045762364942 -0.011058699696030563 0.0042687107233564652 -0.027578907982893423 -0.0067680445661681618 0.022403522341744135 0.020007691759706996 0.017821604087851935 -0.021873017034552671 0.0153863378358141 -0.0082061704175438992 -0.014371838488108461 -0.032062959104314219 0.0028655485819180228 0.053903858187714933 0.015579042035431106 0.021642360319325933 0.036573337273026189 0.0097344342502635219 0.033760878949576766 0.017260466559010916 0.019778291425870866 0.017446801848877685 0.016502462382253072 0.0071627997275435663 0.0338638021180395 0.042821340543878247 0.016795792770582837 -0.0080159853648386729 0.011872677169192171 0.031438093869637806 0.0056050095377363895 -0.015353708893091384 -0.0032211394320785713 0.024821875320682529 -0.003907074598531666 0.01783686108134722 -0.025168091836566542 0.024683368374950363 0.0046631673531148856 0.019750930185895806 0.01814123768361103
leaf_weight=120836 1544 4904 651 864 524 1595 13523 3080 8368 6000 689 12553 1648 1986 866 2544 18203 923 14265 599 509 3967 6714 549 704 826 610 644 1456 1030 2354 828 527 1203 677 3149 12875 1939 7017 1355 7586 1604 4718 1871 6622 994 507 3541 638 20127 906 8586 541 924 2088 1702 2061 829 765 719 2081 1242
leaf_count=120836 1544 4904 651 864 524 1595 13523 3080 8368 6000 689 12553 1648 1986 866 2544 18203 923 14265 599 509 3967 6714 549 704 826 610 644 1456 1030 2354 828 527 1203 677 3149 12875 1939 7017 1355 7586 1604 4718 1871 6622 994 507 3541 638 20127 906 8586 541 924 2088 1702 2061 829 765 719 2081 1242
internal_value=1.83843e-05 0.0118391 -0.0102984 -0.00304866 0.00851284 0.0195113 -0.00460647 0.00536207 -0.00502327 -0.0132958 0.0111561 -0.00177435 0.00938813 0.00207708 0.0298072 0.0265057 0.00454912 0.00728314 0.00265341 -0.000591457 0.00325943 -0.00798087 0.0015489 -0.0082508 -0.00440661 0.00900246 -0.00697576 -0.0054398 -0.00765264 -0.00376504 -0.0068429 0.00212191 -0.0126181 0.01829 0.0191481 0.0256063 0.0175596 0.0227054 0.0144912 0.0177752 0.0197786 0.0290084 0.0109456 0.0103772 0.00688959 0.0118928 0.019377 0.0170401 0.0130028 0.0105628 0.0127227 0.00642808 0.00435496 0.00814517 0.0114079 0.00408013 0.0113239 -0.00131275 0.00499062 -0.011342 0.0121553 0.00666126
internal_weight=335750 156470 179280 52444 109156 47314 46609 49804 45958 126836 59352 22907 5835 10354 5005 4139 46724 19126 27598 13333 8767 4566 8258 23051 9528 1530 7998 7449 6805 5349 4739 1858 2881 42309 37405 7369 30036 6692 17161 10144 8941 3543 58828 54110 16399 37711 5680 5173 4179 32031 21033 10998 9127 15710 8710 7000 2985 4015 2467 1548 4971 2890
internal_count=335750 156470 179280 52444 109156 47314 46609 49804 45958 126836 59352 22907 5835 10354 5005 4139 46724 19126 27598 13333 8767 4566 8258 23051 9528 1530 7998 7449 6805 5349 4739 1858 2881 42309 37405 7369 30036 6692 17161 10144 8941 3543 58828 54110 16399 37711 5680 5173 4179 32031 21033 10998 9127 15710 8710 7000 2985 4015 2467 1548 4971 2890
is_linear=0
shrinkage=0.03


Tree=67
num_leaves=63
num_cat=2
split_feature=1 1 31 1 2 22 1 18 1 1 2 2 25 16 23 25 5 23 23 6 18 16 23 25 26 26 20 5 26 23 23 16 31 26 28 30 28 17 3 23 23 16 18 23 2 27 18 3 25 25 16 26 23 23 23 23 23 6 18 16 23 28
split_gain=42653.5 6100.19 2243.88 1352.81 1125.87 747.67 588.925 529.329 496.271 458.001 433.579 364.889 350.998 346.297 311.469 537.032 297.199 286.682 467.436 452.16 333.966 311.372 612.287 426.249 830.744 312.203 284.93 268.918 265.733 268.9 393.404 258.577 254.128 266.904 254.099 251.651 250.555 258.92 240.256 260.385 527.025 258.864 239.146 238.948 268.766 244.62 282.059 236.508 235.992 262.884 233.71 227.294 224.537 578.609 342.725 342.653 311.878 224.685 223.906 337.854 241.821 221.649
threshold=0.55961580177221515 2.2740374981390876 1.0603448938823001 3.3392382371244618 2.2103874584920704 0 1.423073596750432 41.853209403187257 4.9529772614864394 0.21511226468267011 3.0389727748561328 3.9823064597849571 1.9332905850623565 10.650000000000002 -0.051478754770346226 17.283627578984667 0.78121300196969523 -0.86167001593038528 -0.85283291294431784 9.5000000000000018 637.19260424194351 10.250000000000002 -0.13690605792347518 13.558187480587314 46.725803852081263 60.8990795135498 7.1386448402616445 0.52631273899526343 104.44958744049073 -0.43938332272944897 -0.48504197719567627 18.000000000000004 2.8987699744717639 62.651307106018059 -0.69345649766153106 1 0.81786375126664257 73.950000000000017 2.5444738851146274 -0.79462857753386928 -0.15389057670406206 9.9500000000000011 35.77301109931868 -0.67924831531502416 1.2062954711258882 0.018817204301075273 620.70319082336437 1.6006417500390075 14.623407672858368 10.087419759602318 9.3500000000000032 15.687216448783861 -0.52941438753421244 -0.81499831288977609 -0.94159970902280266 -0.71612580616132582 -0.36075750887067731 9.5000000000000018 748.84348699455279 10.250000000000002 0.1283936251113518 -0.4475930507760485
decision_type=2 2 2 2 2 1 2 2 2 2 2 2 2 2 2 2 2 2 2 2 2 2 2 2 2 2 2 2 2 2 2 2 2 2 2 1 2 2 2 2 2 2 2 2 2 2 2 2 2 2 2 2 2 2 2 2 2 2 2 2 2 2
left_child=2 4 9 11 6 -4 14 38 27 -1 31 16 -9 47 43 -16 17 19 -19 20 -3 22 32 24 -24 -25 -15 28 29 30 61 35 33 -20 -21 -6 58 -38 39 41 -41 -7 -30 44 -2 46 -46 -14 49 -36 -34 -28 53 54 -37 -55 -54 -56 59 -8 -60 -5
right_child=1 3 5 8 10 7 36 12 -10 -11 -12 -13 13 26 15 -17 -18 18 21 34 -22 -23 23 25 -26 -27 51 -29 42 -31 -32 -33 50 -35 48 52 37 -39 -40 40 -42 -43 -44 -45 45 -47 -48 -49 -50 -51 -52 -53 56 55 57 -57 -58 -59 60 -61 -62 -63
leaf_value=-0.013150682765471393 -0.0026873122781350938 0.017080796223054775 0.0200617001589323 0.028014360375609879 0.031936964344722485 0.030766309839127641 0.0039966777654514684 -0.02248737774512833 0.043224314721268975 -0.0072365039358150028 0.024794216085863033 0.037105720785413202 -0.023936604068515905 -0.014684208505217587 0.0025790671160750649 0.02731009946406527 0.017939252896734651 0.041345126688812961 0.01561166666292391 0.019391549697574631 -0.0018960715480907393 0.014760361661540083 0.0019574521429339339 -0.015415518903808902 0.039969916268571021 0.0056903616632334886 0.019135859173574399 0.023974190709786646 0.036849049785290723 0.011891542402102162 0.041798898468189169 0.0012535683135187034 0.013019814216909389 -0.006890724475915687 0.0026516400928157527 0.0048740225536442906 -0.0083635159012224406 0.0043085466245048505 0.025958836980055546 -0.018408017000522123 0.013285863595249664 0.0035598916185176398 0.020581246496759763 -0.005578391801289757 0.014275848461564352 -0.0037545031903111936 -0.0016143550476134072 -2.2336820970236042e-05 0.0081841609267950931 -0.013763895956427515 0.038084699483879006 -0.0012450136433195798 0.03049013161023225 -0.019849258458232395 0.01062215646465689 0.006269887280684317 0.011822750817410641 0.034087529570334223 -0.0047660980317639594 0.0113856094984891 0.011841017540139094 0.013574300400527938
leaf_weight=126970 8883 4868 1368 1324 529 507 9256 1056 862 13013 2013 555 1213 1369 15435 828 8384 519 3069 690 1006 22820 2723 1567 634 1050 523 10750 962 7581 688 2545 597 558 2007 1860 1891 6181 510 985 898 821 5535 8480 3080 1877 1490 536 2080 1554 780 7315 944 951 647 854 5458 864 2505 14008 1146 3506
leaf_count=126970 8883 4868 1368 1324 529 507 9256 1056 862 13013 2013 555 1213 1369 15435 828 8384 519 3069 690 1006 22820 2723 1567 634 1050 523 10750 962 7581 688 2545 597 558 2007 1860 1891 6181 510 985 898 821 5535 8480 3080 1877 1490 536 2080 1554 780 7315 944 951 647 854 5458 864 2505 14008 1146 3506
internal_value=5.14436e-05 0.0100892 -0.011348 0.0157961 0.0046963 -0.00108919 0.00312976 -0.00294495 0.0207938 -0.0126012 0.011749 0.0129823 -0.00600914 -0.00441134 0.000646594 0.00384621 0.0127351 0.0117953 0.0132005 0.00784079 0.0138319 0.0127622 0.00860385 0.00211588 0.00918522 -0.00695266 -0.0020827 0.0201496 0.018046 0.0155728 0.0206151 0.00994893 0.0163396 0.012145 0.00227561 0.0117755 0.0059734 0.00133657 0.00693366 0.00387625 -0.00329809 0.0140231 0.0230165 -0.0015392 0.000696232 0.00535672 0.00909891 -0.0166288 0.000166695 -0.00452126 0.0273042 0.000126257 0.0108409 0.00618562 0.0135183 -0.00750832 0.014597 0.024108 0.00736352 0.00844728 0.000455718 0.0175575
internal_weight=335478 178394 157084 86669 91725 17101 75060 15733 31208 139983 16665 55461 12012 10956 40073 16263 54906 46522 34317 12205 5874 33798 10978 5974 3357 2617 9207 30346 19596 13099 5518 14652 5004 3627 6331 12107 34987 8072 3721 3211 1883 1328 6497 23810 15330 6447 4570 1749 5641 3561 1377 7838 11578 5176 3371 1805 6402 1511 26915 23264 3651 4830
internal_count=335478 178394 157084 86669 91725 17101 75060 15733 31208 139983 16665 55461 12012 10956 40073 16263 54906 46522 34317 12205 5874 33798 10978 5974 3357 2617 9207 30346 19596 13099 5518 14652 5004 3627 6331 12107 34987 8072 3721 3211 1883 1328 6497 23810 15330 6447 4570 1749 5641 3561 1377 7838 11578 5176 3371 1805 6402 1511 26915 23264 3651 4830
cat_boundaries=0 1 2
cat_threshold=16 4
is_linear=0
shrinkage=0.03


Tree=68
num_leaves=63
num_cat=3
split_feature=1 13 1 2 1 2 1 1 1 23 23 5 34 21 34 23 23 13 23 19 34 28 16 23 29 20 13 23 27 20 31 13 26 23 25 2 2 7 13 26 5 26 26 23 32 23 31 19 21 23 23 16 26 20 7 23 29 23 23 26 23 27
split_gain=40194.5 4497.43 3592.79 957.827 779.204 727.848 661.085 472.78 416.145 380.824 714.888 351.562 330.449 319.607 308.781 301.542 507.339 307.676 398.998 273.477 268.686 265.812 273.246 265.056 248.759 247.54 242.915 283.616 242.554 237.242 251.027 351.652 250.769 226.367 223.469 206.097 205.105 254.439 201.356 201.306 200.906 200.747 331.39 234.333 219.164 235.019 193.552 306.422 242.257 214.717 326.188 382.852 212.635 203.767 234.994 256.087 188.017 196.09 186.581 189.596 182.619 474.921
threshold=1.1164056565574854 0.56656305167067622 2.8601720838512592 1.8349688628806085 4.0867267977357287 2.7547952058655469 0.44566042620230245 1.9629372736191468 0.21511226468267011 -0.55822315702467107 -0.45473838294431457 0.40146962258222235 0 21.691890221558243 1 0.094275748646527283 0.36075750887067765 2.3183055131959738 0.62729398729515495 4.7088274871254567 2 -0.041579854906956322 18.450000000000003 -0.29591579977684229 1.0000000180025095e-35 36.408765373125327 2.0143766013565916 0.1283936251113518 0.066129032258064532 23.47537137397315 1.5585421012997365 1.7050441072354954 14.101665687561033 -0.79462857753386928 11.731483685145136 2.6872099587045777 0.59630013930973835 3.1486236173153554 1.9920624853864328 127.12684478759762 -0.82588641651910433 38.539765834808343 33.413680744171124 0.36075750887067765 -0.78692497891156743 -0.025746965133975123 1.0282384460697658 8.6371977438490841 13.310367659907348 0.86167001593038561 -0.62729398729515451 11.800000000000002 22.093340015411354 38.810513370996993 2.6677144347273214 0.042903177641795284 0.1836773534595661 -0.84374447618434878 -0.43938332272944897 54.548537063598623 -0.75110426010738129 0.019892473118279574
decision_type=2 2 2 2 2 2 2 2 2 2 2 2 9 2 9 2 2 2 2 2 9 2 2 2 2 2 2 2 2 2 2 2 2 2 2 2 2 10 2 2 2 2 2 2 2 2 2 2 2 2 2 2 2 2 10 2 2 2 2 2 2 2
left_child=1 6 5 8 14 7 -1 26 46 20 -11 -6 -5 36 -4 23 28 -18 -19 35 -7 -16 39 -12 -25 29 -2 -28 -17 32 -31 -32 -9 40 -29 56 -10 -38 -15 -23 -22 42 44 -43 -27 -46 48 53 49 50 51 -3 -52 54 -48 -56 -14 -58 -34 -60 61 -39
right_child=2 3 4 12 11 9 -8 25 13 10 15 -13 19 38 21 16 17 18 -20 -21 33 22 -24 24 -26 41 27 34 -30 30 31 -33 58 -35 -36 -37 37 60 -40 -41 -42 43 -44 -45 45 -47 47 -49 -50 -51 52 -53 -54 -55 55 -57 57 -59 59 -61 -62 -63
leaf_value=-0.012836374663313424 0.0036980225874207909 0.019564765548254821 0.0091034145822162186 -0.01004313490855006 0.019700077660671972 0.0012967726732111529 -0.0041134985842483721 0.023098897855463686 -0.0038453024381106 0.046925220310939465 0.010256352499117737 0.030937464952505059 -0.00056651386206005327 -0.0054752072058783154 0.019610773873962092 -0.01631856504557987 0.0042948825711198154 0.042303946878195817 0.0081299521250696588 0.02204857523099666 0.033121147661488139 0.011895152155677578 0.022049177085993438 0.041182422518696901 0.019547069433861287 0.020013086110434203 0.0061142848481281478 0.012208758933593404 0.0085803592713752999 0.019243496294217722 0.0046745123518981959 0.014125338516940495 -0.00021807469155083863 0.0038314337156283369 0.032339706175378694 0.01959954539397616 0.013860394331649461 0.014690950935360244 0.0049978568776484714 0.024813924676743423 0.012833610106017992 -0.00030172874290164842 0.023701979655275845 0.019096297732382524 0.0089546582813639988 -0.0030565052518549975 0.0095426536702216541 0.017231142026027144 -0.013533220853074955 0.0075428810804137785 -0.0085177125040645681 -0.013487828785126032 -0.030805788305744031 -0.020144580257943405 -0.0036886152100459387 -0.024811993143115288 0.02449198807202561 0.0039510400387815304 0.01363229583164662 -0.0056044011789287609 -0.0033694534011391884 -0.0081698312280642782
leaf_weight=124020 33211 634 5165 817 5062 2381 8352 722 3487 758 960 5052 2750 13425 18284 695 745 762 518 1363 760 14680 3580 898 1055 964 7569 1820 704 4229 5287 10781 3479 1042 684 963 2095 2289 1880 1173 1058 5078 1199 625 4128 2269 1031 586 6274 1052 1014 618 622 736 4440 580 683 1073 2428 566 3147 1267
leaf_count=124020 33211 634 5165 817 5062 2381 8352 722 3487 758 960 5052 2750 13425 18284 695 745 762 518 1363 760 14680 3580 898 1055 964 7569 1820 704 4229 5287 10781 3479 1042 684 963 2095 2289 1880 1173 1058 5078 1199 625 4128 2269 1031 586 6274 1052 1014 618 622 736 4440 580 683 1073 2428 566 3147 1267
internal_value=2.26677e-05 -0.00933295 0.011545 -0.00193224 0.0178307 0.00812334 -0.0122862 0.00713469 -0.00359457 0.014933 0.0194633 0.0253257 0.00788188 -0.00129529 0.0160602 0.0161441 0.0100848 0.0196651 0.0285596 0.0100312 0.00878734 0.0170046 0.0145569 0.0232368 0.0295749 0.00941228 0.00493673 0.00901693 -0.00380308 0.0110765 0.0127362 0.0110181 0.00638894 0.0149535 0.0177613 0.00703714 0.00230818 0.00474785 -0.00418753 0.0128586 0.0213822 0.00620171 0.00910554 0.00183899 0.00671352 0.00469527 -0.00720022 -0.00349258 -0.00987358 -0.00403624 -0.00825987 0.00326091 -0.0170596 -0.00529326 -0.00347172 -0.00615142 0.00433362 0.0119873 0.00450872 0.00999242 0.00189155 0.00654564
internal_weight=335569 185198 150371 52826 52996 97375 132372 85039 45177 12336 7095 10114 7649 27590 42882 6337 3424 2025 1280 6832 5241 37717 19433 2913 1953 41755 43284 10073 1399 27492 20297 16068 7195 2860 2504 5469 12285 8798 15305 15853 1818 14263 8560 5703 7361 6397 17587 7373 10214 3940 2888 1252 1636 6787 6051 5020 4506 1756 6473 2994 6703 3556
internal_count=335569 185198 150371 52826 52996 97375 132372 85039 45177 12336 7095 10114 7649 27590 42882 6337 3424 2025 1280 6832 5241 37717 19433 2913 1953 41755 43284 10073 1399 27492 20297 16068 7195 2860 2504 5469 12285 8798 15305 15853 1818 14263 8560 5703 7361 6397 17587 7373 10214 3940 2888 1252 1636 6787 6051 5020 4506 1756 6473 2994 6703 3556
cat_boundaries=0 1 2 3
cat_threshold=1033 1024 1221
is_linear=0
shrinkage=0.03


Tree=69
num_leaves=63
num_cat=1
split_feature=1 1 31 2 1 1 22 13 2 1 1 24 24 24 13 24 24 31 25 18 18 24 16 25 24 5 5 13 27 32 24 24 18 16 24 24 28 18 16 3 7 25 31 23 24 25 31 23 16 24 27 2 32 7 27 27 25 23 31 25 24 23
split_gain=37983.5 5274.15 2126.1 1176.82 1104.39 706.822 688.202 727.158 428.083 390.247 375.892 369.361 724.156 552.412 694.699 529.009 480.674 646.569 477.589 355.31 347.772 346.01 587.671 323.221 312.055 287.714 283.568 391.685 274.697 254.681 245.819 406.548 243.752 435.058 434.031 314.648 246.553 242.789 237.88 233.557 265.07 271.065 216.216 214.078 440.584 390.896 213.758 211.487 199.444 227.298 197.595 245.817 192.656 361.674 324.516 455.918 254.978 346.136 510.44 432.772 336.401 449.763
threshold=0.55961580177221515 2.3989920680588783 1.0603448938823001 2.262547136306662 3.6106108232957301 1.3056984582086513 0 1.5029525892764648 4.1247606955594049 4.7568862410327446 0.21511226468267011 -0.77873524214321999 -0.60703521118548998 -0.8905837001257676 2.4262616202667844 -0.91281223188962002 -0.36874934642598389 2.40512085787568 18.611174346718901 35.77301109931868 95.279387155111735 -0.72208999473568902 11.150000000000002 4.8798862397069902 -0.82964644928663578 -0.91795634601840825 0.58076802374360426 1.6803221766507339 0.19946236559139788 0.090748168252139799 -0.93262014971044682 -0.96914236212857563 583.03248182830828 10.250000000000002 -0.99815866078541837 -0.9770278626699701 0.56671597700234055 637.19260424194351 9.3500000000000032 1.409436483156298 2.8488617251130011 4.6226027886152918 1.633478326912394 -0.15389057670406206 -0.60703521118548998 11.606379867913903 2.5491218735177399 -0.94723957588908092 19.900000000000002 -0.5510813381777947 0.0381720430107527 2.0135656321668209 -0.16793127257859333 9.9974850372201285 0.089784946236559152 0.070430107526881738 9.8289952270566463 0.094275748646527283 3.5142701832067167 13.558187480587314 -0.50739640075491554 -0.43938332272944897
decision_type=2 2 2 2 2 2 1 2 2 2 2 2 2 2 2 2 2 2 2 2 2 2 2 2 2 2 2 2 2 2 2 2 2 2 2 2 2 2 2 2 10 2 2 2 2 2 2 2 2 2 2 2 2 10 2 2 2 2 2 2 2 2
left_child=2 3 10 5 8 39 -4 19 26 46 -1 13 21 15 24 18 17 -14 30 -8 -20 22 -13 -9 -15 -23 27 29 52 42 31 -5 33 34 -7 -35 50 48 -36 -2 41 -41 -3 44 -25 -45 -6 -46 49 -21 51 -37 53 -29 55 56 -54 58 60 -59 61 -58
right_child=1 4 6 11 9 32 7 23 -10 -11 -12 12 16 14 -16 -17 -18 -19 20 37 -22 25 -24 43 -26 -27 -28 28 -30 -31 -32 -33 -34 35 38 36 -38 -39 -40 40 -42 -43 -44 45 47 -47 -48 -49 -50 -51 -52 -53 54 -55 -56 -57 57 59 -60 -61 -62 -63
leaf_value=-0.012426295583198903 -0.0017688549521822456 0.018612603153664743 0.019523335913680936 0.013792386769056636 0.025856587078658448 -0.023406936817328139 0.0085155872816084759 -0.0038712434624545615 0.040333232764428115 0.034815393115715312 -0.0070802270842391874 0.028657591024502847 0.0098024691625986579 0.02756103454445542 0.052759923315491376 -0.013745328552659872 0.0083551967442897813 0.044217177447504724 0.017860649952090198 -0.022451132869628115 0.043583613380324092 -0.022592867062713729 -0.01212569639350025 -0.0095672574996611224 -0.00099025834246855259 -0.0012506163735103804 0.016542663026224324 0.018575686010029509 0.029647772457095239 0.016855492009531702 0.023548424073381636 -0.011402035151835953 0.0024113170123991209 0.023431711805570115 0.0077526544062165694 0.010984716516337778 0.0028979839017130244 0.0023136821927917405 -0.00051642478922985739 0.004397191712263545 0.0015215338842333075 0.027419074876112511 -0.00090045130015633688 0.005347719306295619 0.003059843704875173 0.036701956168611605 0.018242514172762347 0.023309877731903985 -0.0034058877007694631 -0.0095281503942001369 0.0047834137130117757 0.023381817358287434 0.010535075692428697 0.007117960505201729 0.030024707124372205 -0.011124260278727004 0.029066647464285233 0.021511069153895619 0.046761730290445516 -0.0038890814630396886 0.0092041524897145087 0.0099106278064097081
leaf_weight=126691 21886 576 1377 1175 4241 531 993 2539 511 1707 13082 678 1042 939 740 654 4505 931 2385 2355 591 935 591 1157 542 1440 14139 3193 848 1203 562 1122 13529 1472 7187 7931 4450 1127 5544 1157 11075 762 4243 828 865 628 15924 1001 1562 2574 3345 1762 9408 11102 1102 661 3314 1082 605 1355 2520 1663
leaf_count=126691 21886 576 1377 1175 4241 531 993 2539 511 1707 13082 678 1042 939 740 654 4505 931 2385 2355 591 935 591 1157 542 1440 14139 3193 848 1203 562 1122 13529 1472 7187 7931 4450 1127 5544 1157 11075 762 4243 828 865 628 15924 1001 1562 2574 3345 1762 9408 11102 1102 661 3314 1082 605 1355 2520 1663
internal_value=7.15889e-05 0.00952012 -0.0107077 0.00491704 0.0152859 0.00333958 -0.000691757 -0.00248939 0.0131019 0.0210256 -0.0119262 0.0116684 0.00776481 0.0161978 0.0291025 0.0117619 0.0137795 0.0261125 0.0146301 -0.00833068 0.0230335 -0.00293182 0.00969091 0.0046751 0.017144 -0.00968254 0.0128543 0.0116362 0.0127953 0.00453795 0.00585785 0.0014878 0.0057919 0.0072107 0.00304103 0.0101257 0.00899933 -0.0105307 0.00415291 0.00012259 0.00330784 0.0135863 0.00144876 0.00951865 0.004952 0.0189507 0.0198499 0.0139561 -0.0127609 -0.015719 0.0110799 0.0132492 0.0123944 0.00968281 0.0141772 0.0133226 0.0141353 0.0173427 0.0203242 0.00740925 0.018161 0.0226823
internal_weight=335639 178860 156779 99463 79397 80631 17006 15629 57525 21872 139773 18832 10122 8710 2221 6489 6478 1973 5835 8611 2976 3644 1269 7018 1481 2375 57014 42875 36853 6022 2859 2297 45751 32222 13262 18960 17488 7618 12731 34880 12994 1919 4819 4479 3023 1456 20165 1866 6491 4929 13038 9693 36005 14295 21710 20608 19947 10539 8102 2437 7497 4977
internal_count=335639 178860 156779 99463 79397 80631 17006 15629 57525 21872 139773 18832 10122 8710 2221 6489 6478 1973 5835 8611 2976 3644 1269 7018 1481 2375 57014 42875 36853 6022 2859 2297 45751 32222 13262 18960 17488 7618 12731 34880 12994 1919 4819 4479 3023 1456 20165 1866 6491 4929 13038 9693 36005 14295 21710 20608 19947 10539 8102 2437 7497 4977
cat_boundaries=0 1
cat_threshold=16
is_linear=0
shrinkage=0.03


Tree=70
num_leaves=63
num_cat=2
split_feature=1 1 31 2 1 1 19 2 18 2 1 1 25 24 24 24 19 23 20 27 34 28 24 24 0 7 4 18 27 24 23 16 23 24 24 25 27 31 24 32 25 24 24 17 23 23 24 7 4 19 25 23 23 25 24 19 18 16 23 24 32 34
split_gain=35172.4 4759.26 2023.8 1137.78 1038.87 710.669 699.076 447.944 425.664 406.929 393.184 391.922 373.886 322.999 643.282 572.909 548.465 548.503 359.233 329.513 306.189 297.432 340.346 294.555 294.404 284.993 307.189 311.394 255.821 245.389 241.887 272.113 241.762 413.502 380.951 427.159 284.247 257.097 240.491 229.108 291.967 218.079 588.547 211.19 210.056 361.276 208.091 208.133 242.189 311.434 204.186 232.731 371.74 229.232 200.733 199.841 189.202 215.458 212.72 185.91 181.572 175.869
threshold=0.55961580177221515 2.4853188704083755 1.0603448938823001 2.262547136306662 3.6106108232957301 1.3056984582086513 10.425197840915478 4.1247606955594049 41.853209403187257 3.4048548823758673 4.9529772614864394 0.21511226468267011 1.9332905850623565 -0.77873524214321999 -0.5793997530542554 -0.49252992309759819 4.3100708759369413 0.48504197719567638 38.810513370996993 0.041397849462365598 0 0.79281628823560235 -0.0085834810820868326 -0.99168614031016833 1.1631730794906618 3.543044917706196 1.4816886152486097 583.03248182830828 0.074731182795698944 -0.25466173847491491 0.17927415433127167 18.000000000000004 -0.83440738405450643 -0.23802450821255547 -0.71010885522459943 9.7425069341375963 0.0069892473118279581 3.5912393499179838 1.0000000180025095e-35 -0.29355831447547942 3.5710598500585689 -0.99374406038856444 -0.99168614031016833 73.950000000000017 -0.82482438823869786 -0.54389891703310034 -0.99815866078541837 2.6677144347273214 1.0412946931258562 4.0082591277779072 4.6685219194179268 0.62729398729515495 0.52941438753421288 38.964646605318116 0.73385833101097575 1.8147540035069032 637.19260424194351 10.250000000000002 -0.82482438823869786 -0.64713682673509032 0.42574939807620293 1
decision_type=2 2 2 2 2 2 2 2 2 2 2 2 2 2 2 2 2 2 2 2 9 2 2 2 2 8 2 2 2 2 2 2 2 2 2 2 2 2 2 2 2 2 2 2 2 2 2 10 2 2 2 2 2 2 2 2 2 2 2 2 2 9
left_child=2 3 11 5 7 28 8 20 39 13 41 -1 -10 16 18 -16 17 -5 24 -18 -3 23 43 -7 -15 59 27 29 46 -27 31 38 33 -22 37 54 -35 50 44 -4 -41 -6 -43 -23 -28 -46 -2 48 -48 -50 -34 52 53 -52 -36 -45 57 -25 -58 -14 -26 -44
right_child=1 4 6 9 10 21 -8 -9 12 -11 -12 -13 25 14 15 -17 19 -19 -20 -21 32 22 -24 56 60 26 30 -29 -30 -31 -32 -33 34 36 35 -37 -38 -39 -40 40 -42 42 61 55 45 -47 47 -49 49 -51 51 -53 -54 -55 -56 -57 58 -59 -60 -61 -62 -63
leaf_value=-0.012026213114278619 0.015034091626181249 0.0064418069683294249 0.0014425560934595157 0.0074949148792434802 0.012157236156887904 -0.0045572807087363451 0.028913791984319686 0.040530039114772945 -0.021225385913201954 0.030103138922367691 0.040272970999136667 -0.0065521431680923645 0.014858343272311119 -0.01525207018401778 0.036759225877452464 0.0093636940564122955 0.015428915876686201 0.032665796823436552 -0.020995743370234615 0.03956921146755691 0.0035302702009796429 -0.0091208694887658301 0.013866070300030422 0.0054085822784462872 0.0014144314875921529 -0.020268491410393396 0.032163193570541974 -0.00038178459766049285 0.018151772441102942 -0.0027631027405791591 -0.015523527395738047 -0.0085409931902959944 0.023940444575495802 0.0058446903086523134 0.011271986219868548 0.028748988104408277 0.019272103848677932 0.030092334154389912 -0.0058523307826928786 0.0016111418394965753 0.02953215031329063 0.050966811346785414 0.01011001513491331 -0.0046981942608592779 -0.0073325819441909194 0.025103165700605012 -0.00038386570637057694 -0.0020946081638556569 0.016417488931711487 -0.0025279006976922451 0.010678092737269806 -0.0020461518775868061 0.028031042805193539 0.026527127594187232 0.027515883690893861 0.0053721536193148444 -0.0037666663831191494 0.010923425648551583 0.0070650713119292646 -0.0038593403351974719 0.018477417503923885 0.020832874299414387
leaf_weight=127053 780 6915 2350 6571 3058 1852 690 509 1086 964 862 12995 1203 730 767 6321 991 880 759 1064 5475 2073 1707 10204 2067 2431 501 2073 690 1026 637 995 1280 2141 3603 3231 4236 749 620 616 741 563 1596 2801 606 622 6197 23809 2162 1219 20143 1067 1270 854 846 4816 2456 17068 4842 787 766 15833
leaf_count=127053 780 6915 2350 6571 3058 1852 690 509 1086 964 862 12995 1203 730 767 6321 991 880 759 1064 5475 2073 1707 10204 2067 2431 501 2073 690 1026 637 995 1280 2141 3603 3231 4236 749 620 616 741 563 1596 2801 606 622 6197 23809 2162 1219 20143 1067 1270 854 846 4816 2456 17068 4842 787 766 15833
internal_value=2.68986e-05 0.00912583 -0.0103325 0.00500124 0.0149347 0.0033909 -0.000552576 0.0126355 -0.00180887 0.0110839 0.0204202 -0.0115185 -0.00444024 0.0102003 0.0067927 0.012352 0.0142848 0.0104876 -0.00232822 0.0279935 0.0123576 0.00576541 0.00153496 0.0070888 0.00167223 -0.00284674 -0.00500703 -0.00957835 0.00013304 -0.0150846 0.00134703 0.00457908 0.0132636 0.00958266 0.0145862 0.0204446 0.0147721 0.0128086 0.0101429 0.00711981 0.0169101 0.0195979 0.0208588 -0.000643336 0.0158789 0.00913177 -0.000233449 -0.000592333 0.00314117 0.00959319 0.0122766 0.0116318 0.0122876 0.0113289 0.0143883 0.00166833 0.00771328 0.00886138 0.00341978 0.0074648 0.00605243 0.0198719
internal_weight=335819 178787 157032 104556 74231 82676 16984 52319 16294 21880 21912 140048 12587 20916 11410 7088 9506 7451 4322 2055 51810 47819 11397 36422 3563 11501 9511 5530 34857 3457 3981 3344 44895 11852 33043 7680 6377 25363 2349 3707 1357 21050 17992 9690 1729 1228 34167 33387 9578 3381 24614 23334 22267 20997 4449 7617 34570 27272 7298 1990 2833 17429
internal_count=335819 178787 157032 104556 74231 82676 16984 52319 16294 21880 21912 140048 12587 20916 11410 7088 9506 7451 4322 2055 51810 47819 11397 36422 3563 11501 9511 5530 34857 3457 3981 3344 44895 11852 33043 7680 6377 25363 2349 3707 1357 21050 17992 9690 1729 1228 34167 33387 9578 3381 24614 23334 22267 20997 4449 7617 34570 27272 7298 1990 2833 17429
cat_boundaries=0 1 2
cat_threshold=1024 1024
is_linear=0
shrinkage=0.03


Tree=71
num_leaves=63
num_cat=2
split_feature=1 1 13 1 2 1 27 23 34 13 32 25 2 23 24 24 24 25 31 18 26 24 7 24 23 24 25 23 25 17 28 25 22 18 25 23 32 25 17 32 28 6 24 24 4 26 27 18 26 25 24 32 18 29 16 24 24 1 24 2 24 27
split_gain=33735.4 4213.33 2086.9 1127.81 682.949 664.01 448.885 893.551 380.262 347.079 325.884 456.602 322.778 305.947 408.353 276.056 274.16 603.887 264.592 244.566 240.904 339.13 240.896 406.995 366.218 464.288 464.693 293.941 452.553 417.725 237.501 224.355 223.226 223.119 301.772 230.014 222.104 280.319 248.996 513.199 220.115 264.861 215.725 210.763 302.982 513.985 469.312 234.045 236.608 208.442 207.915 200.048 199.96 197.41 189.27 182.749 418.74 182.414 256.761 176.479 182.3 433.583
threshold=0.6594039883782834 2.6896768137562703 0.65142441667093498 1.5548768279514544 1.8780037666810316 4.0867267977357287 0.072580645161290328 -0.65365639399891895 0 2.6424342885236047 0.038743566165185518 2.5500967260610357 4.23916106542588 0.094275748646527283 -0.91281223188962002 -0.99815866078541837 -0.99815866078541837 8.4815740527605197 2.3275515126564854 5.8386826694889224 65.396470260620077 -0.97322851985520697 2.5771492991804363 -0.8982586596074329 -0.81499831288977609 0.10281720934011641 1.9332905850623565 -0.97516411509186662 8.9992143949393633 76.500000000000014 -0.19394424430352084 1.6179563127159702 1 583.03248182830828 15.415125877406169 -0.54389891703310034 -1.1378957227842774 4.4353519155253336 73.950000000000017 0.21584644284550716 1.4241046555330634 9.5000000000000018 -0.73385833101097553 0.051476858357251264 0.71846287005685816 30.566773700714105 0.0048387096774193559 748.84348699455279 20.402866077423081 7.5613172081369235 0.034326335927271516 0.39660054208867285 637.19260424194351 0.030158821736771958 9.7500000000000018 -0.77873524214321999 -0.84831994561267254 3.0938889153692721 -0.99963164097526602 3.3221833256476181 -0.99374406038856444 0.036021505376344097
decision_type=2 2 2 2 2 2 2 2 9 2 2 2 2 2 2 2 2 2 2 2 2 2 10 2 2 2 2 2 2 2 2 2 1 2 2 2 2 2 2 2 2 2 2 2 2 2 2 2 2 2 2 2 2 2 2 2 2 2 2 2 2 2
left_child=2 3 43 6 15 8 10 -8 -3 40 16 -12 31 14 51 -4 17 -2 -6 -17 21 -11 23 -21 25 27 -27 29 -29 -24 -28 -10 -26 34 -18 42 -25 38 39 -38 59 -42 -35 44 50 46 47 48 -46 -44 -1 -7 57 -20 -40 56 -23 -33 -59 60 61 -5
right_child=1 5 4 9 18 13 7 -9 12 20 11 -13 -14 -15 -16 19 33 -19 53 22 -22 55 24 36 32 26 30 28 -30 -31 -32 52 -34 35 -36 -37 37 -39 54 -41 41 -43 49 -45 45 -47 -48 -49 -50 -51 -52 -53 -54 -55 -56 -57 -58 58 -60 -61 -62 -63
leaf_value=-0.01109407447220055 -0.005813135902025258 0.0071960415315651619 0.017327459361916497 -0.0069619532595489074 0.0015383553654860439 0.017044517947798994 -0.012013177767354305 0.035976834573114083 0.032315248982164854 -0.0089463767833361432 -0.00081695514153390934 0.014025754653415906 0.034050145053771859 0.033990341447723282 0.02784329034015471 0.010648736451749283 0.002331001067091892 0.037399913935254117 0.010120488738070735 0.019584797842664804 0.027021357402870812 0.011090418859756932 -0.018779382603097819 -0.015369462882537698 0.0035910853539574423 -0.014409883910295915 0.029764060129045512 -0.0057713091601015783 0.02364553423878276 0.0061917550428506902 0.0062858880226408613 0.012652013979827754 -0.012327593876469639 -0.023961795413208059 -0.0099230224537515763 0.00060341928057865103 0.031487445214493544 0.018238283893677057 0.0066643178303735714 -0.0074062824277452343 0.010628560509507867 -0.0017670061578954454 -0.0088749621470953933 -0.012344688225602482 -0.012629876570727812 -0.018034385139726918 0.021523817980182974 0.0099148443545721433 0.0089812999259604991 0.0092399554113417725 0.0034987718239220108 0.00024639173809532324 0.0092719721028542822 0.031045893998778058 -0.010490456419820044 0.010987196723665502 0.042936629650228569 -0.0019860667977188752 0.017412051336953886 0.024868935776602649 0.0084664204216002101 0.013463438387376174
leaf_weight=38652 612 6400 504 2214 2187 4180 551 939 641 624 3444 4063 789 1728 3560 868 23292 548 1262 774 1133 1009 2513 1138 863 534 766 2262 589 790 787 15051 9636 695 1956 5001 506 611 715 755 2340 4581 3550 85381 1991 1597 867 916 587 677 897 753 5840 599 2970 4246 588 630 22953 557 46275 1612
leaf_count=38652 612 6400 504 2214 2187 4180 551 939 641 624 3444 4063 789 1728 3560 868 23292 548 1262 774 1133 1009 2513 1138 863 534 766 2262 589 790 787 15051 9636 695 1956 5001 506 611 715 755 2340 4581 3550 85381 1991 1597 867 916 587 677 897 753 5840 599 2970 4246 588 630 22953 557 46275 1612
internal_value=2.14269e-05 0.00924005 -0.00979363 0.00571832 -0.00287748 0.0154634 0.00208374 0.0182494 0.014094 0.0082456 0.00153227 0.00722033 0.01505 0.0224609 0.0200964 -0.00456654 0.00035613 0.0146742 0.00862237 -0.00497719 0.0142718 0.0120189 -0.00549663 -0.000939985 -0.00731199 -0.00257611 0.00963651 -0.00672222 0.000336796 -0.0128065 0.0179246 0.0147173 -0.0110263 -0.000118123 0.00137989 -0.00392842 -0.00332567 -0.000847664 -0.00322147 0.00826328 0.00744902 0.0024286 -0.00852894 -0.0114647 -0.00981259 -0.0035021 0.00183418 -0.00307537 -0.00770124 -0.00596617 -0.0107627 0.0144832 0.01446 0.0169209 -0.0071574 0.0142636 0.0229133 0.015243 0.0168935 0.00813462 0.00794611 0.00165017
internal_weight=335549 173032 162517 110507 31629 62525 45328 1490 52304 65179 43838 7507 45904 10221 8493 27581 36331 1160 4048 27077 7600 6467 26209 7469 18740 8241 2087 6154 2851 3303 1553 45115 10499 35171 25248 9923 6695 5557 4946 1261 57579 6921 4922 130888 45507 5958 4361 3494 2578 4227 39549 4933 44474 1861 3685 5843 1597 38634 23583 50658 50101 3826
internal_count=335549 173032 162517 110507 31629 62525 45328 1490 52304 65179 43838 7507 45904 10221 8493 27581 36331 1160 4048 27077 7600 6467 26209 7469 18740 8241 2087 6154 2851 3303 1553 45115 10499 35171 25248 9923 6695 5557 4946 1261 57579 6921 4922 130888 45507 5958 4361 3494 2578 4227 39549 4933 44474 1861 3685 5843 1597 38634 23583 50658 50101 3826
cat_boundaries=0 1 2
cat_threshold=1024 16
is_linear=0
shrinkage=0.03


Tree=72
num_leaves=63
num_cat=2
split_feature=1 1 31 13 1 19 13 27 8 16 32 27 29 16 5 1 18 2 32 5 13 34 31 25 34 18 5 4 20 26 27 5 25 4 5 20 13 9 32 27 27 18 16 16 16 2 32 29 25 20 32 16 29 19 2 26 2 27 25 29 6 18
split_gain=31566.9 4373.98 1598.96 1051.43 815.46 607.895 584.469 472.902 613.384 450.412 408.432 477.706 423.731 374.511 368.926 365.853 345.977 334.38 307.197 304.398 295.512 286.445 275.744 255.914 224.499 215.075 251.812 212.48 234.42 295.953 298.468 239.001 209.606 196.429 263.481 194.781 194.693 202.817 185.983 183.772 493.022 369.705 227.68 224.18 308.679 288.758 260.431 353.852 218.453 364.138 194.796 197.386 183.513 179.735 179.161 176.075 168.902 184.508 218.066 246.285 232.509 209.054
threshold=0.55961580177221515 2.5455312809541826 1.0603448938823001 1.2624686108473457 3.6951737262131221 8.6371977438490841 1.5029525892764648 0.074731182795698944 -1.467346052311179 18.825000000000006 -0.041169588262951397 0.0059139784946236574 1.5826466696549095 19.900000000000002 1.6809837296058974 0.089737579203513773 28.984946138665482 4.1247606955594049 0.6725525303309331 0.9404831572293777 1.6684086408389722 0 2.8374383774821381 1.6179563127159702 1 691.9795920360566 -0.36474171630969354 2.6431577712363246 7.1386448402616445 29.644232988357526 0.0069892473118279581 0.34335142995590023 4.6226027886152918 2.2701107971930594 0.20884076081025507 38.810513370996993 3.2442958669898294 -0.53455273995416808 0.95101800017691052 0.041397849462365598 0.044623655913978495 37.117694727060837 10.250000000000002 16.000000000000004 12.200000000000001 1.9625456381753974 -0.31526177241934999 0.30809633245342388 21.144268066892703 26.439264795871228 -0.55322134655451716 18.550000000000004 -0.27066667311499176 4.3100708759369413 2.0788749379449207 35.325651454925513 3.219808668972385 0.013440860215053765 8.0701159330505536 0.43107616416168149 9.5000000000000018 34.322326282870968
decision_type=2 2 2 2 2 2 2 2 8 2 2 2 2 2 2 2 2 2 2 2 2 9 2 2 9 2 2 2 2 2 2 2 2 2 2 2 2 10 2 2 2 2 2 2 2 2 2 2 2 2 2 2 2 2 2 2 2 2 2 2 2 2
left_child=2 3 15 13 17 6 16 10 9 20 27 -12 18 19 36 -1 -4 23 56 22 -9 32 25 -3 -25 -2 -27 28 -5 31 -31 -30 -8 34 -26 53 37 -6 -35 43 42 52 -41 44 46 -46 55 -48 49 -43 51 -45 -42 -18 -10 -32 57 -13 -59 60 -60 -62
right_child=1 4 5 7 14 -7 21 8 54 -11 11 12 -14 -15 -16 -17 35 -19 -20 -21 -22 -23 -24 24 33 26 -28 -29 29 30 39 -33 -34 38 -36 -37 -38 -39 -40 40 41 48 -44 50 45 -47 47 -49 -50 -51 -52 -53 -54 -55 -56 -57 -58 58 59 -61 61 -63
leaf_value=-0.011574837704520887 0.00144779321963595 0.029125770662959224 0.014036329183821734 0.020079473153504005 0.021314860592336986 0.018058135865142339 -0.0015493518641758999 -0.002978720324955737 0.044783136323052176 -0.0097318885460521819 0.0056750147951316427 0.015865532891142519 0.039930500764213166 -0.010692459845306826 0.037237855642876169 -0.0072864930956051321 -0.0096136442169356112 0.034290418150218355 0.028855108622702217 0.009200824041462068 0.023606262843380733 -0.0030804512660431594 0.016716868994419553 0.006676514118860671 0.0041081500216447794 0.010717410930099452 -0.0066637607259451255 -0.0027911486075626745 -0.0023870675664060753 0.02138817824111347 0.014814830395880003 0.007336479987967875 0.013749325517914999 0.014795543635546615 0.012500756803151878 -0.023147176300690984 0.025898574512790921 0.01434076999808246 0.0040538116533453102 0.013739176458919929 0.0082016354239646538 0.028116690438901245 0.041460620757137176 -0.0062066583159547878 0.0061349511325799969 0.037311393158542441 0.0049243864362569171 0.025604938547510069 0.023974960296153671 0.00091419167327453006 -0.011477468013442077 0.013664346505795941 -0.0094815780071092377 0.0067159825162309734 0.023379042079362894 0.001267401152639744 0.025984202681633178 -0.010814911486751896 0.014593106334821295 0.026229322634188538 0.013872060423498991 -0.0060039410616070056
leaf_weight=118865 24853 781 588 926 6553 1357 1153 515 602 859 12687 2986 549 2373 1013 21120 6454 616 976 4188 1382 3160 925 6666 4799 851 6085 3241 7375 1159 939 3284 2666 25765 11327 864 2823 8939 1542 507 836 583 575 914 553 517 2178 1129 1065 1796 1368 877 1416 666 899 10133 635 578 1617 617 666 1636
leaf_count=118865 24853 781 588 926 6553 1357 1153 515 602 859 12687 2986 549 2373 1013 21120 6454 616 976 4188 1382 3160 925 6666 4799 851 6085 3241 7375 1159 939 3284 2666 25765 11327 864 2823 8939 1542 507 836 583 575 914 553 517 2178 1129 1065 1796 1368 877 1416 666 899 10133 635 578 1617 617 666 1636
internal_value=-5.65579e-05 0.00856555 -0.0098756 0.00476146 0.0143576 -0.00116091 -0.00284325 0.00700303 0.0166829 0.0082523 0.0063611 0.00957104 0.0143836 0.000847254 0.0196139 -0.0109281 -0.00808901 0.0123831 0.0129195 0.00159067 0.0164001 0.00360107 0.00061517 0.0121145 0.0118464 0.000144085 -0.00452503 0.00457972 0.00520652 0.00483368 0.00652894 0.000610758 0.00911067 0.0126346 0.0100052 -0.00972625 0.0186293 0.0172967 0.0141898 0.00584646 0.0100749 0.00653509 0.0285939 0.00430395 0.00579267 0.0213022 0.00463154 0.0120127 0.0127087 0.00762545 -0.00297425 0.00353454 -0.00291349 -0.00808254 0.0320837 0.00242251 0.0111234 0.00994313 0.00647299 0.00868539 0.0058934 -0.000235941
internal_weight=335567 178674 156893 107850 70824 16908 15551 68575 4257 2756 64318 22947 10260 39275 19328 139985 8572 51496 9711 36902 1897 6979 32714 50880 50099 31789 6936 41371 38130 37204 26545 10659 3819 43433 16126 7984 18315 15492 27307 25386 6778 5696 1082 18608 15449 1070 14379 3307 3444 2379 3159 1791 2252 7120 1501 11072 8735 8100 5114 4536 3919 2302
internal_count=335567 178674 156893 107850 70824 16908 15551 68575 4257 2756 64318 22947 10260 39275 19328 139985 8572 51496 9711 36902 1897 6979 32714 50880 50099 31789 6936 41371 38130 37204 26545 10659 3819 43433 16126 7984 18315 15492 27307 25386 6778 5696 1082 18608 15449 1070 14379 3307 3444 2379 3159 1791 2252 7120 1501 11072 8735 8100 5114 4536 3919 2302
cat_boundaries=0 1 2
cat_threshold=146 1024
is_linear=0
shrinkage=0.03


Tree=73
num_leaves=63
num_cat=0
split_feature=1 13 1 24 1 3 5 1 5 29 16 23 24 29 25 32 24 7 21 23 23 24 26 29 16 24 23 24 23 16 23 23 24 23 16 23 25 5 32 25 27 25 27 26 5 16 5 24 26 25 29 23 16 25 26 32 25 23 25 23 24 26
split_gain=29947.7 3359.63 2604.67 867.353 634.634 592.618 449.13 443.077 376.773 333.698 464.44 461.022 1045.77 406.677 404.391 361.283 340.029 331.739 320.029 496.077 544.526 332.064 404.441 331.453 282.9 721.335 385.553 346.843 335.921 572.716 308.399 603.821 474.858 415.702 325.217 281.643 286.676 270.293 265.534 334.212 395.838 369.414 398.5 369.635 313.219 255.398 321.394 253.56 244.773 321.221 299.581 238.779 884.126 516.539 616.397 251.149 236.081 445.001 234.274 221.048 466.546 365.089
threshold=1.1164056565574854 0.55185644671050593 3.0938889153692721 -0.99904236206516772 1.8305806255898747 1.6006417500390075 1.5620564060452398 0.36303941099773923 -0.97335539598905119 0.1836773534595661 17.400000000000002 -0.84374447618434878 -0.30410362911654215 -0.59460726912275141 17.283627578984667 0.2824212205507049 0.20454453068330622 2.5771492991804363 14.546029873324844 0.86167001593038561 -0.66655057241353222 0.10281720934011641 32.196233224868763 -0.085066878912373578 10.250000000000002 -0.99815866078541837 -0.51477383718533543 -0.8099950225495034 -0.45473838294431457 15.750000000000002 -0.15389057670406206 -0.48504197719567627 -0.8905837001257676 -0.27123391067291053 9.3500000000000032 -0.57238288608965326 10.387968341978169 0.10772298833269568 -0.77530792447808172 18.611174346718901 0.0069892473118279581 13.558187480587314 0.041397849462365598 49.529514980316158 0.44628822898404658 15.750000000000002 -0.78634630054592447 -0.60021428054836823 94.283443069458002 22.497666360021281 0.016729478210985766 0.21293867525431665 16.900000000000002 0.56465583265388541 16.329246568679807 -0.42758059542881066 26.237545859385083 -0.7454378568683 7.8804388746779468 -0.84374447618434878 0.1369010144751204 17.86933169364929
decision_type=2 2 2 2 2 2 2 2 2 2 2 2 2 2 2 2 2 8 2 2 2 2 2 2 2 2 2 2 2 2 2 2 2 2 2 2 2 2 2 2 2 2 2 2 2 2 2 2 2 2 2 2 2 2 2 2 2 2 2 2 2 2
left_child=1 7 4 -3 8 18 48 -1 -2 13 11 12 -11 47 -13 17 -17 -15 19 20 21 -5 -23 -21 25 -6 27 -26 29 -28 31 34 33 37 -27 36 -36 -33 -32 40 44 43 -43 58 -40 -29 -47 -7 49 50 -4 59 55 -54 -55 -53 57 -48 -42 60 -20 -62
right_child=2 3 6 5 24 9 -8 -9 -10 10 -12 14 -14 15 -16 16 -18 -19 51 23 -22 22 -24 -25 26 30 28 45 -30 -31 38 32 -34 -35 35 -37 -38 -39 39 -41 41 42 -44 -45 -46 46 56 -49 -50 -51 -52 52 53 54 -56 -57 -58 -59 -60 -61 61 -63
leaf_value=-0.011096483032986472 0.013806133592295431 0.02692971605258301 0.018461594754390069 -0.001741512960282359 -0.020376541414394794 0.028585497336507133 0.029923376677940594 -0.0044997913536099551 0.0034656420852363129 0.04752213823194712 -0.0078938309875260012 -0.0017419203172087353 0.0023236535951593204 0.012323655471182427 0.02470797490133634 0.029298751251618529 -0.0011627471531444231 -0.0081898472486630677 -0.0079695644511110428 0.018433502547400754 -0.010234686550999964 0.0015341487501756631 0.032529447867681208 -0.0035088903053164537 -0.0064032829321235777 0.014244482778008771 0.048570888828929688 0.012037905109142722 0.01248952236062241 0.0072394172252840082 0.01508064174330547 -0.0087539566539091233 0.039327226897322466 0.031202112019492422 -0.0036876143901674895 -0.01671335428236544 0.0098649193689321294 0.018243588092185754 -0.015480550141482885 -0.018807853501583264 0.020668988824385417 -0.013121986481311243 0.018908810256953019 0.036501364542843528 0.0076168604205325381 0.027683773226173911 0.0034787237538018482 0.0029309455557194304 0.019290168142668911 0.0075784465160114167 0.011283088249178111 -0.011420287903795285 -0.00541367324829258 0.049772640393203435 0.009877875555337777 0.0046031204524454297 -0.015187966181314551 0.02164669163881151 0.00038669450172202128 -0.011537337646691658 -0.0050867000489609139 0.026408878147498895
leaf_weight=121538 3490 931 13724 3037 862 616 2096 9921 34345 895 1239 2049 945 795 692 541 832 6300 6302 1801 5129 849 680 941 1420 3505 625 11616 21710 583 1394 717 972 787 2217 592 3819 616 1459 701 908 1102 506 570 823 574 10024 788 11800 5449 8512 4702 864 525 1028 1080 505 1376 1169 8885 623 699
leaf_count=121538 3490 931 13724 3037 862 616 2096 9921 34345 895 1239 2049 945 795 692 541 832 6300 6302 1801 5129 849 680 941 1420 3505 625 11616 21710 583 1394 717 972 787 2217 592 3819 616 1459 701 908 1102 506 570 823 574 10024 788 11800 5449 8512 4702 864 525 1028 1080 505 1376 1169 8885 623 699
internal_value=6.24949e-05 -0.00801497 0.00999924 -0.00169723 0.00756143 -0.00220414 0.0163872 -0.0105988 0.00442117 0.00268349 0.00837786 0.0127826 0.024378 -0.00067615 0.00496852 -0.00315758 0.0109027 -0.00588423 -0.00426901 -0.000343854 -0.0035309 0.00400244 0.0153799 0.0109106 0.00923084 0.00646626 0.0105268 0.00798719 0.0133519 0.0287357 0.0075293 0.0104077 0.0220031 0.0139863 0.00686031 0.00294764 0.00488819 0.00374358 0.00311591 0.000802748 0.00291847 0.00832146 -0.00301527 0.015201 -0.00715206 0.00883642 0.00585271 0.0142483 0.015665 0.0141167 0.0157168 -0.00624431 -0.00205778 0.0131622 0.023481 -0.00842594 0.00478895 0.00568016 0.00928183 -0.00832225 -0.00457028 0.0116032
internal_weight=335795 185227 150568 53768 108987 52837 41581 131459 37835 15692 5820 4581 1840 9872 2741 8468 1373 7095 37145 12437 9695 4566 1529 2742 71152 22719 48433 25515 22918 1208 21857 13225 3092 2120 10133 6628 6036 1333 8632 7238 6537 4255 1608 2647 2282 24095 12479 1404 39485 27685 22236 24708 8199 2417 1553 5782 11905 11400 2077 16509 7624 1322
internal_count=335795 185227 150568 53768 108987 52837 41581 131459 37835 15692 5820 4581 1840 9872 2741 8468 1373 7095 37145 12437 9695 4566 1529 2742 71152 22719 48433 25515 22918 1208 21857 13225 3092 2120 10133 6628 6036 1333 8632 7238 6537 4255 1608 2647 2282 24095 12479 1404 39485 27685 22236 24708 8199 2417 1553 5782 11905 11400 2077 16509 7624 1322
is_linear=0
shrinkage=0.03


Tree=74
num_leaves=63
num_cat=2
split_feature=1 1 3 2 1 1 25 23 16 34 2 2 34 1 18 23 16 29 32 17 2 23 25 18 23 29 26 23 21 23 23 19 29 16 32 23 17 13 23 23 25 19 28 29 16 26 4 23 23 26 28 7 13 23 16 32 23 32 17 2 23 23
split_gain=28132.4 3887.58 1430.3 940.089 835.516 466.629 419.322 644.879 454.094 326.956 319.818 295.651 279.085 276.015 275.703 325.917 262.664 349.993 250.04 668.767 249.556 248.845 475.97 238.376 343.455 227.991 282.883 237.298 297.425 221.951 345.941 589.635 443.387 551.293 465.354 421.333 371.6 315.746 283.401 765.68 360.97 309.484 215.154 328.393 236.224 214.888 208.574 299.268 648.85 208.01 207.079 200.777 209.58 186.818 182.277 181.923 176.908 289.926 180.703 175.923 174.488 173.178
threshold=0.55961580177221515 2.3989920680588783 1.3465034819989021 2.2103874584920704 3.9269174890273653 1.423073596750432 1.804996410614528 0.99863729997741479 9.7500000000000018 0 4.1813182443253583 3.4964900211226611 1 4.9529772614864394 748.84348699455279 0.21293867525431665 10.250000000000002 0.89796728421301197 -0.69171099380340217 73.950000000000017 2.5458508758940601 -0.051478754770346226 17.283627578984667 22.061986462017874 -0.64056958004474651 0.11853411682973876 127.12684478759762 -0.22132528438243254 73.894985053620886 0.69174588062027964 0.46995942967050169 1.8147540035069032 0.33795962255418927 18.000000000000004 -0.29355831447547942 -0.88664765382614386 76.300000000000026 2.5843868307983993 -0.26295251545706949 0.042903177641795284 10.387968341978169 4.3100708759369413 -0.25722348672584544 -0.32090321962096185 18.000000000000004 111.44767532348615 2.4173752888409648 -0.49998158062385478 -0.46995942967050158 14.101665687561033 -0.67628234334496662 5.6929966281058704 1.4878943650116288 -0.17927415433127133 19.900000000000002 -1.1259900067348807 -0.67924831531502416 0.038743566165185518 73.850000000000009 1.8780037666810316 0.21293867525431665 -0.81499831288977609
decision_type=2 2 2 2 2 2 2 2 2 9 2 2 9 2 2 2 2 2 2 2 2 2 2 2 2 2 2 2 2 2 2 2 2 2 2 2 2 2 2 2 2 2 2 2 2 2 2 2 2 2 2 10 2 2 2 2 2 2 2 2 2 2
left_child=2 3 6 5 10 21 -1 18 -9 -4 12 29 -3 -6 16 -16 -7 -18 23 -20 42 56 55 24 -8 27 45 28 -14 30 32 -32 38 34 36 -36 -34 -33 40 -40 50 -41 43 51 -44 46 59 -48 -49 -21 -5 -11 -53 -28 -25 -23 57 -2 -59 -27 -56 -42
right_child=1 4 9 11 13 14 7 8 -10 20 -12 -13 25 -15 15 -17 17 -19 19 49 -22 22 -24 54 -26 26 53 -29 -30 -31 31 37 33 -35 35 -37 -38 -39 39 41 61 -43 44 -45 -46 -47 47 48 -50 -51 -52 52 -54 -55 60 -57 -58 58 -60 -61 -62 -63
leaf_value=-0.010924560510156313 -0.0010137443723988128 0.0063321132807068773 -0.0079265819515538724 0.023804294058933029 0.018784890523829798 0.002819103097927861 0.020315119603550747 0.0358205105685762 -0.0039505180261039637 0.01453475938509537 0.030234295909149264 0.030572203242078124 0.017613294453339305 0.036381342781969576 -0.0051813462987026059 0.01237369218827577 0.010422386757537571 0.00083621157608413505 0.022372719541193586 0.003926649183598899 0.021165501139445327 -0.0031785488135184499 0.025317717660532438 -0.010489910076530063 -0.005868912736959081 0.015220582386221017 0.013032842261727006 0.011107908033836275 0.0055281402660655489 -0.0046321010380393733 0.048540947195890284 -0.0060523698674463432 0.021355205974616182 -0.0032573123772748382 0.01382403590299971 0.045563383904484119 -0.0036673804086160226 0.025718504321908982 0.035976096426614902 0.0003852896243799125 0.0046612530600218085 0.021802145119261006 0.0094834234858848249 -0.017539220287032444 -0.0078606842464723145 -0.0072606540739436516 0.0074031091679599738 0.047729960062504698 0.014160487142301408 -0.012357816954366845 0.0054672804450169345 -0.018251560975307043 0.0051024442811980425 0.037158273500016464 -0.0075849571648648568 0.0041031935647302328 -0.004984182294563033 0.027045212890925752 0.0055535850464537113 0.0055456308508411477 0.010867898414567177 -0.0091412566675358777
leaf_weight=112154 13678 8359 2840 642 12626 13190 565 520 507 828 826 599 15727 859 4192 1226 15375 4412 869 1032 679 4253 833 23417 2152 2026 629 15410 2081 983 543 538 1556 1033 608 1009 810 582 929 2637 1222 784 3919 1036 858 687 4423 584 4409 2216 3910 559 890 543 1301 11237 8493 511 1120 10212 708 2455
leaf_count=112154 13678 8359 2840 642 12626 13190 565 520 507 828 826 599 15727 859 4192 1226 15375 4412 869 1032 679 4253 833 23417 2152 2026 629 15410 2081 983 543 538 1556 1033 608 1009 810 582 929 2637 1222 784 3919 1036 858 687 4423 584 4409 2216 3910 559 890 543 1301 11237 8493 511 1120 10212 708 2455
internal_value=2.58503e-05 0.00816453 -0.00923791 0.00420933 0.0131134 0.00270564 -0.0100467 -0.00708787 0.0162627 0.000895293 0.0117197 0.00987287 0.0114824 0.0199189 0.00506963 -0.0012012 0.00609993 0.00828566 -0.00783364 -0.000926982 0.00376005 0.000443223 0.00329557 -0.00884366 -0.00039663 0.0122374 0.00997416 0.0138414 0.016203 0.0092529 0.00996266 0.023028 0.00872159 0.0162599 0.0213195 0.0337086 0.0127991 0.0104981 0.00571036 0.0118993 0.00243353 0.0053181 0.00229168 -0.00357989 0.00636328 0.00921626 0.00974057 0.0130982 0.0181307 -0.00718561 0.00807676 0.00279591 -0.00393892 0.0243208 -0.00974605 0.00210351 -0.00151315 0.000413481 0.0123491 0.00715288 -0.00107107 -0.00455408
internal_weight=335811 178761 157050 99360 79401 78520 145441 33287 1027 11609 65916 20840 65090 13485 38395 5418 32977 19787 32260 4117 8769 40125 16323 28143 2717 56731 23513 33218 17808 20241 19258 1663 17595 5016 3983 1617 2366 1120 12579 4350 8229 3421 8090 3313 4777 22341 21654 9416 4993 3248 4552 2277 1449 1172 25426 15490 23802 15309 1631 12238 2009 3677
internal_count=335811 178761 157050 99360 79401 78520 145441 33287 1027 11609 65916 20840 65090 13485 38395 5418 32977 19787 32260 4117 8769 40125 16323 28143 2717 56731 23513 33218 17808 20241 19258 1663 17595 5016 3983 1617 2366 1120 12579 4350 8229 3421 8090 3313 4777 22341 21654 9416 4993 3248 4552 2277 1449 1172 25426 15490 23802 15309 1631 12238 2009 3677
cat_boundaries=0 1 2
cat_threshold=9257 1024
is_linear=0
shrinkage=0.03


Tree=75
num_leaves=63
num_cat=1
split_feature=1 1 31 13 26 1 24 13 1 5 1 19 24 23 20 23 13 23 28 24 21 20 20 19 24 26 27 13 5 23 21 31 24 23 32 23 20 31 28 21 19 26 20 26 26 32 24 24 24 34 24 32 4 26 23 17 31 2 5 1 23 2
split_gain=26302.9 3654.48 1562.74 869.19 663.572 634.177 610.208 502.946 478.937 377.092 340.829 339.369 321.864 310.3 277.73 276.62 278.772 371.562 271.175 271.172 250.282 244.946 235.315 226.313 225.902 278.637 452.096 225.594 294.409 288.25 310.479 327.716 225.306 567.568 217.776 360.322 328.021 260.026 232.702 215.037 384.479 212.182 208.393 224.286 199.567 230.223 198.251 197.756 542.312 181.797 181.481 177.488 177.255 176.585 175.533 175.366 281.889 173.321 166.08 163.327 152.896 193.991
threshold=0.58087391901449981 2.5725915389375484 1.0603448938823001 1.9920624853864328 69.306928062438956 3.3616395825794965 -0.99904236206516772 1.5029525892764648 1.2891581856277794 1.2808433483002077 0.21511226468267011 8.6371977438490841 -0.68552235175575749 -0.61383352812826175 40.299461206478959 0.36075750887067765 2.3734440873231222 0.62729398729515495 -0.36288752195145563 -0.99815866078541837 17.40217106970557 26.439264795871228 37.843074243723116 8.6371977438490841 -0.93867560834980956 102.15504150390618 0.089784946236559152 2.5704787477509354 0.37643739424721634 -0.085730500155694681 16.481004488134428 2.49548017100201 -0.26296220265651482 -0.93568234840038322 0.014890967946666002 -0.85283291294431784 23.47537137397315 2.8269569663598695 -0.61885408457203428 70.699020468213646 2.5703227282623566 19.7183639526367 33.850165295507999 35.028971576690658 15.165627121925342 -1.1520859088747482 -0.84831994561267254 -0.99374406038856444 -0.99168614031016833 0 -0.99550911953113219 1.0476154314650001 3.7142014142334978 40.099214267730687 -0.55822315702467107 73.500000000000014 1.2679841979650515 1.2062954711258882 0.53694403792546652 2.0651549239280915 0.97516411509186673 0.70056428139170179
decision_type=2 2 2 2 2 2 2 2 2 2 2 2 2 2 2 2 2 2 2 2 2 2 2 2 2 2 2 2 2 2 2 2 2 2 2 2 2 2 2 2 2 2 2 2 2 2 2 2 2 9 2 2 2 2 2 2 2 2 2 2 2 2
left_child=2 3 10 8 15 23 -4 11 19 47 -1 12 21 -6 49 51 -17 20 -14 -2 -18 44 39 27 25 26 -15 28 -3 30 31 -29 33 -10 36 -36 38 42 -35 40 -20 -40 43 57 -8 -46 -37 50 -49 -9 -7 -5 -50 -45 -33 56 -21 -38 -43 -19 -57 -62
right_child=1 5 6 4 13 9 7 14 32 -11 -12 -13 18 24 -16 16 17 59 22 55 -22 -23 -24 -25 -26 -27 -28 29 -30 -31 -32 54 -34 34 35 46 37 -39 41 -41 -42 58 -44 53 45 -47 -48 48 52 -51 -52 -53 -54 -55 -56 60 -58 -59 -60 -61 61 -63
leaf_value=-0.010387447680893292 0.018633473383919484 0.0073951319844637459 0.030906466510871217 0.0052511151957852333 0.0048991952246229204 0.012337429648003785 -0.021222222032898932 -0.010145341453557683 -0.010049212000680922 0.026801305165524245 -0.0054410660405141767 0.010927356418549606 -0.018490688109672165 0.031924559972627518 0.024832497250214795 0.0060385214319190359 0.045981772808741848 0.017870304033811988 0.031278142772256622 -0.00010411581870978389 0.020374191513832997 -0.023061087021875672 -0.015915745506858297 0.0022450467071520033 0.039498943051862231 0.036686957538558433 -0.0039576745869090045 0.012521538265355226 0.013806865469216107 0.0087313201203236875 0.01110500650043262 0.025369115254735234 0.0079485207804709124 0.012114018229757882 0.032116987792235846 0.017791841275421445 0.0080206261733710236 0.024787059075080258 0.0050093807639882918 -0.0045063319072128436 0.0014335583597361416 -0.014594075835597476 0.00184968303595579 -0.0060406655800506956 -0.012932483649473733 0.011772308830374714 0.0027314241249946627 0.04191280401037599 0.014771965350262596 0.0044389334577255553 -0.0042376007949831906 0.01920576313596209 0.023165234152504363 0.0078634878444948982 0.042808593013743158 -0.0021329387066429573 0.020357466841392006 0.032273238088441104 0.0019689397714795723 -0.0038726356412303407 0.00039282987962802578 0.02069874873631445
leaf_weight=127093 664 15801 535 22675 829 3167 639 862 2623 2959 13929 955 841 567 543 2438 558 671 546 1885 923 1679 686 2586 783 618 704 1224 10913 3639 2394 1464 13341 708 603 1115 508 579 1062 1698 1319 2250 11654 932 693 656 2651 732 20118 6301 729 847 2569 6763 839 23774 888 560 717 573 1417 599
leaf_count=127093 664 15801 535 22675 829 3167 639 862 2623 2959 13929 955 841 567 543 2438 558 671 546 1885 923 1679 686 2586 783 618 704 1224 10913 3639 2394 1464 13341 708 603 1115 508 579 1062 1698 1319 2250 11654 932 693 656 2651 732 20118 6301 729 847 2569 6763 839 23774 888 560 717 573 1417 599
internal_value=1.45095e-05 0.00798284 -0.00883786 0.00452145 0.00864743 0.0133633 -0.000501362 -0.00147466 0.00275724 0.01662 -0.00989909 -0.0060142 -0.00786695 0.0209703 0.0042468 0.00714004 0.0134267 0.0200135 -0.00297996 -0.000246657 0.0301447 -0.0146371 0.000108186 0.0108244 0.025938 0.0202275 0.012112 0.0114357 0.0100165 0.0153941 0.0194782 0.0251378 0.0046629 0.00332244 0.00448909 0.0106787 0.00343633 0.005045 -0.00369164 0.00321132 0.0102312 -0.00648068 0.00447921 0.00797319 -0.00748243 -0.000919777 0.00720804 0.0155123 0.0165545 0.00267004 0.00923454 0.00575758 0.0157273 0.00617662 0.0318014 -0.000688745 0.00647316 0.0208285 -0.0105949 0.00787986 -0.00145991 0.00646247
internal_weight=335588 176613 158975 107479 32186 69134 17953 17418 75293 30274 141022 9712 8757 3501 7706 28685 5163 2725 5090 29227 1481 3667 4249 38860 2672 1889 1271 36274 26714 9560 5921 3527 46066 32725 30102 4369 25733 20996 4737 3563 1865 4029 20417 8763 1988 1349 3766 27315 23419 7163 3896 23522 22687 7695 2303 28563 2773 1068 2967 1244 25790 2016
internal_count=335588 176613 158975 107479 32186 69134 17953 17418 75293 30274 141022 9712 8757 3501 7706 28685 5163 2725 5090 29227 1481 3667 4249 38860 2672 1889 1271 36274 26714 9560 5921 3527 46066 32725 30102 4369 25733 20996 4737 3563 1865 4029 20417 8763 1988 1349 3766 27315 23419 7163 3896 23522 22687 7695 2303 28563 2773 1068 2967 1244 25790 2016
cat_boundaries=0 1
cat_threshold=1033
is_linear=0
shrinkage=0.03


Tree=76
num_leaves=63
num_cat=1
split_feature=1 13 1 24 13 13 1 27 7 25 22 24 27 24 24 24 24 32 25 1 25 24 23 23 32 24 25 25 32 5 23 23 24 5 20 1 18 5 13 23 29 19 23 2 24 18 2 32 32 16 21 23 16 24 16 32 25 20 23 32 25 16
split_gain=24842.8 2525.53 2436.61 752.383 654.553 580.891 519.928 507.595 425.137 396.948 353.028 441.61 380.452 352.38 356.198 473.319 649.476 345.068 334.378 328.682 310.532 731.498 330.79 591.625 329.749 298.483 292.601 709.327 322.275 263.7 252.632 250.635 457.996 242.479 241.022 237.733 229.157 231.233 370.084 524.015 245.042 352.727 228.553 458.918 270.557 497.696 279.098 252.755 226.386 260.088 230.224 259.81 226.133 223.688 220.041 214.149 285.239 227.57 211.707 207.99 293.257 204.419
threshold=0.9915146303373098 0.46701160598876318 2.7644758707224981 -0.99904236206516772 1.9429170361536097 1.9920624853864328 3.9652124153516071 0.054301075268817216 9.5252827461752556 23.85885144221767 0 -0.72208999473568902 0.023118279569892475 -0.98933596577443683 -0.72208999473568902 -0.8905837001257676 -0.86599350048911161 -0.22966997238111628 6.337706563986278 1.7992699075436358 7.9703137812835569 0.32041146939831461 0.60019216940316622 0.67924831531502439 -0.41931244982916455 -0.91281223188962002 6.5222570340880148 4.6226027886152918 -1.1378957227842774 1.4752227368701363 0.1283936251113518 0.62729398729515495 -0.8099950225495034 0.58076802374360426 40.299461206478959 0.089737579203513773 637.19260424194351 0.3357154386806816 2.5056435619901651 -0.10282099713736061 -0.50946635972484078 2.051498226037566 -0.81499831288977609 1.2223562094304941 -0.95517546204608139 583.03248182830828 1.4220610285474935 -0.059260899689604497 -0.17325205320419296 18.000000000000004 15.55318689357353 -0.46995942967050158 10.900000000000002 -0.93867560834980956 12.200000000000001 1.0000000180025095e-35 9.8289952270566463 23.47537137397315 0.094275748646527283 -0.11847970817672569 31.910939787091909 19.900000000000002
decision_type=2 2 2 2 2 2 2 2 10 2 1 2 2 2 2 2 2 2 2 2 2 2 2 2 2 2 2 2 2 2 2 2 2 2 2 2 2 2 2 2 2 2 2 2 2 2 2 2 2 2 2 2 2 2 2 2 2 2 2 2 2 2
left_child=1 35 5 -3 20 19 36 13 9 -9 53 30 18 -7 15 25 -17 -18 -13 61 22 24 42 -24 -22 -15 27 -25 -29 58 -12 32 -19 55 -16 -1 37 38 40 59 41 -4 43 -5 45 -44 -46 -45 49 50 51 -10 -26 -6 -41 57 -57 -21 -8 60 -40 -2
right_child=2 3 6 4 10 7 29 8 48 -11 11 12 -14 14 34 16 17 31 -20 33 21 -23 23 26 52 -27 -28 28 -30 -31 -32 -33 -34 -35 -36 -37 -38 -39 39 54 -42 -43 44 47 46 -47 -48 -49 -50 -51 -52 -53 -54 -55 -56 56 -58 -59 -60 -61 -62 -63
leaf_value=-0.010389093675741947 0.0026763394491951969 0.025675361894843915 0.00036078377464225956 -0.0070737476294015804 -0.020916954530783856 -0.0047573487937898557 0.015908571238509889 0.019371877379291177 0.022571666278320218 0.051123485160785444 0.011657646476639671 0.00072455259148401319 -0.01760524520062302 0.0091136636660835105 0.0068090616341430895 0.046970577562857815 0.0029880501446041042 0.012256082629598175 0.021606094498108599 -0.0063499516302543656 -0.0034344849728949181 0.031043745535965027 0.028246646845665083 -0.0048023878279390662 0.028813361866604992 -0.014717150091181292 -0.02185733123726798 0.0014671253239971302 0.029579257513351508 0.032777296205522721 0.034292787256292603 0.010090664086116972 0.04517720554321162 0.01065388007878715 -0.0065151411701466332 -0.0066187286506333327 0.0066741834482286063 0.01572145139339573 0.0020160387617963837 0.0012759070634117357 0.0056828225794254804 0.030658872450082964 -0.011751063125616756 0.0026395987979305892 -0.010230740033685107 0.022223157113476649 -0.0273682737113786 0.028319369689458099 0.026099023581568282 -0.0062693133754692099 0.028900096489274475 -0.0019660126329039311 0.0003899120807620042 0.00071206677884374505 0.014414795580620235 0.006650648957666652 0.024748256741409649 0.0043677601252239814 0.027268789877695512 0.02338028963563003 0.026613966044483562 -0.006895509355726811
leaf_weight=109359 29868 862 567 6771 533 1990 9734 1025 628 546 1001 1962 622 4500 17264 678 1359 738 1060 2021 8469 660 575 8886 503 524 678 644 850 1145 804 1015 791 8596 1311 17494 5990 16306 1131 2585 10320 882 993 1083 10732 630 927 502 809 811 626 1003 500 2149 2059 4121 965 14890 1752 4971 706 2148
leaf_count=109359 29868 862 567 6771 533 1990 9734 1025 628 546 1001 1962 622 4500 17264 678 1359 738 1060 2021 8469 660 575 8886 503 524 678 644 850 1145 804 1015 791 8596 1311 17494 5990 16306 1131 2585 10320 882 993 1083 10732 630 927 502 809 811 626 1003 500 2149 2059 4121 965 14890 1752 4971 706 2148
internal_value=4.24388e-05 -0.00758089 0.00878084 -0.00203986 -0.00250589 0.00589909 0.0136479 0.00895775 0.0173836 0.0305343 0.00530336 0.00967563 0.00367147 0.0074336 0.00829519 0.0129852 0.0199556 0.0152087 0.00807258 0.00415845 -0.0039693 0.000628821 -0.00536944 -0.00128898 -0.00150572 0.00661596 -0.00283686 -0.00158455 0.0175066 0.019036 0.0218069 0.0217182 0.029379 0.00638189 0.00586716 -0.00986941 0.0121508 0.0129798 0.0110517 0.0148913 0.00731068 0.0188451 -0.00756237 -0.00367204 -0.0100076 0.00146446 -0.0116045 0.0108364 0.0120224 0.00827411 0.0135022 0.00752208 0.0147164 -0.00360383 0.0071105 0.00471044 0.0101054 0.00308541 0.0176525 0.0201898 0.0115162 0.00203317
internal_weight=335624 179249 156375 52396 51534 98227 58148 35618 5448 1571 8131 5449 3644 30170 28180 9605 4581 3903 3022 62609 43403 10132 33271 11633 9472 5024 11058 10380 1494 12631 1805 2544 1529 30593 18575 126853 45517 39527 23221 11452 11769 1449 21638 8356 13282 1623 11659 1585 3877 3068 2257 1631 1003 2682 4644 21997 5086 16911 11486 6808 1837 32016
internal_count=335624 179249 156375 52396 51534 98227 58148 35618 5448 1571 8131 5449 3644 30170 28180 9605 4581 3903 3022 62609 43403 10132 33271 11633 9472 5024 11058 10380 1494 12631 1805 2544 1529 30593 18575 126853 45517 39527 23221 11452 11769 1449 21638 8356 13282 1623 11659 1585 3877 3068 2257 1631 1003 2682 4644 21997 5086 16911 11486 6808 1837 32016
cat_boundaries=0 1
cat_threshold=8
is_linear=0
shrinkage=0.03


Tree=77
num_leaves=63
num_cat=0
split_feature=1 1 31 4 1 24 13 32 29 26 23 23 27 27 26 19 19 24 5 17 21 8 1 23 17 24 27 17 21 21 5 13 23 27 23 21 27 26 26 23 24 31 5 23 23 16 20 23 16 19 20 31 31 13 31 1 32 19 24 24 24 17
split_gain=23503.5 3222.02 1334.96 790.676 574.969 553.643 475.992 437.716 691.02 538.057 479.577 1330.36 684.234 558.958 584.399 417.308 326.538 301.538 280.294 279.619 274.512 276.273 269.692 257.756 248.326 258.901 578.656 245.999 312.64 240.648 270.628 284.304 336.046 264.275 311.498 268.485 256.095 257.553 311.102 239.853 299.707 253.806 239.569 234.128 244.938 245.995 232.036 243.211 221.724 210.286 209.542 208.186 467.968 206.17 203.775 208.971 203.322 200.699 197.306 758.864 210.609 288.504
threshold=0.55961580177221515 2.5866332409235482 1.0603448938823001 1.1720257328650343 4.1303377325450796 -0.99904236206516772 1.9429170361536097 -0.0038134801427016636 2.1142041144276411 61.390186977386477 -0.24635219865135785 -0.19613531578169993 0.070430107526881738 0.089784946236559152 95.274362564086871 8.6371977438490841 4.7088274871254567 -0.68552235175575749 0.37643739424721634 73.950000000000017 10.596056242418985 -3.2116020609950353 0.089737579203513773 0.35275208654909496 74.500000000000014 -0.88264628153994396 0.02634408602150538 76.000000000000014 16.481004488134428 8.2842654207173716 0.6720439639416812 2.5056435619901651 -0.10282099713736061 0.15322580645161293 -0.29591579977684229 11.112619988935936 0.21344086021505379 106.43766212463377 102.15504150390618 -0.86167001593038528 -0.71010885522459943 3.5912393499179838 0.45538284850024519 0.29591579977684268 -0.10282099713736061 17.400000000000002 37.843074243723116 0.46238297290351504 9.3500000000000032 3.5393590662523753 34.70702781308453 1.4195821523821803 1.0818528414148907 2.6565066688079697 2.4499189957703646 1.4048822484316321 -0.33968747487209 1.4112928344991438 -0.88264628153994396 -0.77873524214321999 0.28770616809944943 74.250000000000014
decision_type=2 2 2 2 2 2 2 2 2 2 2 2 2 2 2 2 2 2 2 2 2 10 2 2 2 2 2 2 2 2 2 2 2 2 2 2 2 2 2 2 2 2 2 2 2 2 2 2 2 2 2 2 2 2 2 2 2 2 2 2 2 2
left_child=2 3 22 54 29 -4 15 10 9 53 19 -12 24 -14 -15 17 -16 48 -6 42 -19 -22 -1 49 43 56 -27 28 51 36 31 39 33 35 -35 -33 37 38 -3 57 41 46 -5 44 -13 -46 47 -41 -7 -8 -51 52 -21 -9 55 -2 -26 -31 -55 -60 61 -61
right_child=1 4 5 7 18 6 23 8 -10 -11 11 12 13 14 16 -17 -18 20 -20 27 21 -23 -24 -25 25 26 -28 -29 -30 30 -32 32 -34 34 -36 -37 -38 -39 -40 40 -42 -43 -44 -45 45 -47 -48 -49 -50 50 -52 -53 -54 58 -56 -57 -58 -59 59 60 -62 -63
leaf_value=-0.0099073335642852929 -0.0010744034616319733 0.014383804709338463 0.029958266504751196 -0.0043201200666336693 0.014061321266547175 -0.025531128829552725 0.0096718255968947977 0.0058702950509350333 0.040275328464226774 0.030069969846732228 0.054531556413466853 0.021792520655894196 0.040378184926489057 -0.0042787454713344554 0.013810828759348677 0.013642635216441868 0.04413321843323223 0.014929031302776697 0.024513588080018217 0.005478431008317553 0.0069858379717624057 -0.007906829576195526 -0.0062291789233492115 0.025073416411696612 0.0016804156514800509 0.0038047203146985161 0.030556903361253145 0.0017619494060218783 0.0028289781602595194 -0.01252719513116771 0.014795617077636075 0.02467289999607113 0.0074861931241313844 0.016663447500765323 0.046281207370858904 0.011732025809246191 0.034327130688367909 -0.0035367106104119465 0.039804413131150358 0.0028584189346475527 0.016507034736872424 0.024999443351404169 0.009196833133455859 0.017309838945340886 0.020341180668102535 -0.0023846348924562335 0.013402574235343436 0.018507241606958671 -0.0087218162273686207 -0.019620397947063401 0.0052247569215142257 0.008479568969961963 0.039106752439237828 -0.0019680921606927658 -0.011169754138093832 0.0052131947815691419 -0.0094074994612379399 0.0043381960077425504 0.048679300371723966 0.025727092156067808 0.024331636387677304 0.0017110312808087461
leaf_weight=118873 19143 3061 517 7945 4429 863 2249 16941 625 983 526 646 836 1100 879 1057 504 766 4890 705 1501 4387 21170 626 7803 5417 836 17302 4400 737 12700 1783 6870 820 529 7635 727 578 503 9896 4002 687 1381 2305 512 2505 3255 978 3857 541 690 1996 789 684 1420 6325 1834 4403 532 559 761 2235
leaf_count=118873 19143 3061 517 7945 4429 863 2249 16941 625 983 526 646 836 1100 879 1057 504 766 4890 705 1501 4387 21170 626 7803 5417 836 17302 4400 737 12700 1783 6870 820 529 7635 727 578 503 9896 4002 687 1381 2305 512 2505 3255 978 3857 541 690 1996 789 684 1420 6325 1834 4403 532 559 761 2235
internal_value=8.06892e-05 0.00751551 -0.00838653 0.00434479 0.0126276 -0.000461559 -0.00142135 0.00578486 0.00927444 0.00841202 0.0044329 0.00753502 0.00654253 0.0192246 0.0120356 -0.00434642 0.0249802 -0.00602342 0.0195562 0.00212223 -0.00190657 -0.00410761 -0.00935156 0.00742887 0.00461288 0.00265164 0.00740293 0.00376488 0.00815323 0.0115347 0.0109597 0.00978688 0.0126787 0.0159868 0.0284058 0.0141938 0.0179292 0.0150131 0.0180222 0.00765585 0.00922433 0.00725227 -0.00231467 0.00982816 0.00510302 0.00149932 0.0063808 0.00427372 -0.011819 0.00422346 -0.00572939 0.0148521 0.0233092 0.00742476 -0.000129776 0.000487844 -0.00043349 0.00191012 0.0129325 0.0154256 0.0103879 0.00655334
internal_weight=336009 178912 157097 110429 68483 17054 16537 83541 23320 22695 60221 25703 25177 3319 2483 12431 1383 11374 9319 34518 6654 5888 140043 4106 21858 15890 6253 25192 7890 59164 54295 41595 17637 10767 1349 9418 4869 4142 3564 23958 18818 14816 9326 5968 3663 3017 14129 10874 4720 3480 1231 3490 1494 21712 26888 25468 9637 5140 4771 4087 3555 2794
internal_count=336009 178912 157097 110429 68483 17054 16537 83541 23320 22695 60221 25703 25177 3319 2483 12431 1383 11374 9319 34518 6654 5888 140043 4106 21858 15890 6253 25192 7890 59164 54295 41595 17637 10767 1349 9418 4869 4142 3564 23958 18818 14816 9326 5968 3663 3017 14129 10874 4720 3480 1231 3490 1494 21712 26888 25468 9637 5140 4771 4087 3555 2794
is_linear=0
shrinkage=0.03


Tree=78
num_leaves=63
num_cat=3
split_feature=1 1 31 1 20 13 25 23 2 18 20 3 1 25 23 25 32 17 18 25 24 26 27 25 18 29 32 24 23 28 34 34 2 23 32 24 2 30 24 23 32 17 23 23 25 24 13 28 24 24 23 23 23 23 17 25 31 26 31 23 13 25
split_gain=22168.4 3131.04 1074.22 753.722 576.527 575.833 694.523 358.473 324.687 453.703 314.805 324.281 313.39 261.208 537.965 731.524 283.917 549.279 258.177 308.755 260.681 470.84 254.521 467.862 247.926 309.621 534.753 312.114 280.929 257.026 244.228 240.016 239.572 585.113 278 234.719 480.317 232.528 306.514 281.571 295.032 225.823 446.707 338.763 225.204 218.134 215.976 233.663 215.034 505.631 297.463 311.704 207.734 203.816 330.392 218.063 298.365 226.343 221.76 195.83 198.255 193.915
threshold=0.55961580177221515 2.2012710174651149 1.0603448938823001 3.3844318597703054 48.221046422240448 2.0038523556015932 24.661279086444171 0.26295251545706944 2.3272234603349777 637.19260424194351 37.843074243723116 1.5808477594196793 4.9529772614864394 1.6179563127159702 0.99863729997741479 2.4652421584613227 -0.61491750964217473 73.950000000000017 189.61365123276713 17.283627578984667 -0.9770278626699701 44.411506938934288 0.018817204301075273 11.269347608742377 620.70319082336437 0.30809633245342388 -0.20853843050660806 0.32041146939831461 -0.70403958523943955 0.44507811797854174 0 1 3.4685476005787357 0.094275748646527283 -0.059260899689604497 -0.26296220265651482 0.13656464706664173 2 -0.50739640075491554 -0.97122121956981788 0.35201713721896316 74.250000000000014 -0.79462857753386928 -0.27123391067291053 15.209368191923827 -0.77873524214321999 1.4740172051041143 -0.40245256668711377 -0.99374406038856444 -0.99168614031016833 -0.068614738002134482 -0.025746965133975123 0.70403958523943977 -0.085730500155694681 75.700000000000017 13.558187480587314 2.5280520195768137 60.8990795135498 2.8489164199674897 0.52941438753421288 2.3183055131959738 8.4815740527605197
decision_type=2 2 2 2 2 2 2 2 2 2 2 2 2 2 2 2 2 2 2 2 2 2 2 2 2 2 2 2 2 2 9 9 2 2 2 2 2 1 2 2 2 2 2 2 2 2 2 2 2 2 2 2 2 2 2 2 2 2 2 2 2 2
left_child=2 5 13 30 10 8 7 24 18 -10 31 -12 48 35 16 -16 -15 -18 20 -20 21 -2 23 -22 25 27 29 41 -29 -27 44 -4 37 34 -34 36 -1 45 53 40 -40 42 -7 -43 -3 59 47 -33 50 -50 -5 -52 -9 61 -55 -56 57 -57 -58 -32 -61 -39
right_child=1 3 4 12 -6 6 -8 52 9 -11 11 -13 -14 14 15 -17 17 -19 19 -21 22 -23 -24 -25 -26 26 -28 28 -30 -31 32 46 33 -35 -36 -37 -38 38 39 -41 -42 43 -44 -45 -46 -47 -48 -49 49 -51 51 -53 -54 54 55 56 58 -59 -60 60 -62 -63
leaf_value=-0.007878536757738688 -0.008673173119768101 0.0080653040627400065 -0.00656683881592176 -0.012523938036210496 0.025414010904950358 0.026393657144290043 0.033547802609645509 0.017712011376612664 0.0051149237472883904 0.030603244702904233 -0.019297209580430231 0.0018527333382998817 0.032598511533739029 -0.0082842038310860736 -0.010034756121201045 0.032900698756806963 0.029082589911422953 -0.0065332976374177639 -0.001564147687685229 0.018198319685072392 0.0035524270777942406 0.02606035802098456 -0.0012287382433853332 0.032290908896803167 -0.0025499366779279946 0.023949500485608916 0.032159646501370417 0.02401976486334639 0.0026014496257715917 0.0012919281673783693 0.010729651200552793 -0.014739985743186723 0.01320353337658078 -0.0049640433894929331 0.033738771764431956 -0.010352775084998246 0.012016416538696168 0.0050094424000005893 0.017796306505294349 -0.00056881019318923685 -0.0041005115567487802 -0.0068217343111150438 -0.0065205833692937925 0.011186979517785276 -0.0022317346614413093 0.011038015245796985 0.0070214030790620094 0.0012467655605798034 0.040182017509302455 0.014803166322747877 0.02986242788990618 0.0067559135600051574 0.0025446347624411346 0.012058349223268892 0.010713945911532508 -0.0067028634613223196 -0.020874264685771988 0.012239747071306069 0.0029803976658913803 0.017589728100434694 0.04022461582940727 0.013204904442968728
leaf_weight=14760 518 5464 3929 545 703 763 875 3283 3270 774 1745 1039 889 27869 714 706 542 1351 25416 727 22079 1073 11732 517 3695 578 1012 1079 1124 1987 1005 1029 1039 764 1410 92988 1175 3190 1851 5727 787 4129 715 1212 2936 11507 4484 4026 725 23949 650 2682 1082 4852 1567 976 1018 1344 532 769 654 14208
leaf_count=14760 518 5464 3929 545 703 763 875 3283 3270 774 1745 1039 889 27869 714 706 542 1351 25416 727 22079 1073 11732 517 3695 578 1012 1079 1124 1987 1005 1029 1039 764 1410 92988 1175 3190 1851 5727 787 4129 715 1212 2936 11507 4484 4026 725 23949 650 2682 1082 4852 1567 976 1018 1344 532 769 654 14208
internal_value=2.55756e-06 0.00722986 -0.00821958 0.0111261 -0.00108719 0.00318204 0.00744214 0.0063286 0.00179385 0.010025 -0.00224099 -0.0114148 0.0150754 -0.00908265 -0.00665942 0.0113526 -0.00752057 0.00371392 0.00125674 -0.00101121 0.00290733 0.01476 0.00235592 0.00421697 0.0042807 0.00628419 0.0137472 0.00331932 0.0131225 0.00643427 0.0092376 -0.000341124 0.00998847 0.0179327 0.0250713 -0.00977602 -0.00640823 0.0094781 0.00820368 0.00316869 0.0112684 0.000144932 0.0105027 -0.00272849 0.00446175 0.0127711 0.00222981 -0.00201886 0.0145242 0.0155569 0.00794046 0.0113015 0.0139595 0.00972404 0.00637184 0.00129076 -0.00253367 0.00427351 -0.0127035 0.0209451 0.028097 0.0117041
internal_weight=335740 178680 157060 91040 16955 87640 21534 20659 66106 4044 16252 2784 29440 140105 31182 1420 29762 1893 62062 26143 35919 1591 34328 22596 16294 12599 3577 9022 2203 2565 61600 13468 53200 3213 2449 108923 15935 49987 36052 8365 2638 6819 1478 5341 8400 13935 9539 5055 28551 24674 3877 3332 4365 27687 10289 5437 3870 2320 1550 2428 1423 17398
internal_count=335740 178680 157060 91040 16955 87640 21534 20659 66106 4044 16252 2784 29440 140105 31182 1420 29762 1893 62062 26143 35919 1591 34328 22596 16294 12599 3577 9022 2203 2565 61600 13468 53200 3213 2449 108923 15935 49987 36052 8365 2638 6819 1478 5341 8400 13935 9539 5055 28551 24674 3877 3332 4365 27687 10289 5437 3870 2320 1550 2428 1423 17398
cat_boundaries=0 1 2 3
cat_threshold=1024 9257 1
is_linear=0
shrinkage=0.03


Tree=79
num_leaves=63
num_cat=1
split_feature=1 1 13 13 26 1 25 23 1 23 34 2 5 3 23 24 32 25 28 19 23 25 25 24 23 23 23 23 19 20 5 20 5 20 23 20 7 21 23 16 20 4 23 24 26 17 21 18 23 24 13 23 16 23 8 19 23 32 24 28 20 28
split_gain=20643.2 2799.47 1279.15 802.662 571.166 513.964 503.437 926.674 403.863 351.874 343.049 340.509 267.878 266.881 359.656 251.593 242.669 289.932 289.888 237.367 227.367 441.442 434.27 873.268 306.586 226.355 334.647 620.904 555.616 245.442 224.492 212.696 210.233 208.649 204.939 201.011 200.688 201.927 195.709 193.298 189.151 186.487 185.818 470.356 319.261 230.118 213.629 191.644 185.59 368.216 232.49 184.419 183.294 180.395 178.48 176.578 195.731 170.228 164.307 164.156 163.334 189.36
threshold=0.61835129269381073 2.7049367252441141 0.66648514982823481 1.9920624853864328 69.306928062438956 4.0867267977357287 16.851755244336946 -0.62729398729515451 1.4048822484316321 -0.61383352812826175 0 1.8780037666810316 0.83529668224490228 4.1537608658190965 -0.10282099713736061 -0.99815866078541837 1.0000000180025095e-35 9.8289952270566463 1.1641499304051812 2.6439824120169395 0.21293867525431665 7.1813264902440777 6.4266871597177255 0.32041146939831461 0.44709379298511415 0.36075750887067765 0.62729398729515495 0.58637393129089799 1.4537508453799066 38.810513370996993 0.55759672519520831 24.044131736484875 0.85460566359260415 31.4034655534665 0.094275748646527283 23.47537137397315 32.008265551780532 11.930268354133128 0.41612469599147456 19.900000000000002 36.408765373125327 2.1172294582028859 -0.82482438823869786 -0.71010885522459943 73.48413009643555 76.65000000000002 8.2842654207173716 128.21944362209894 -0.13690605792347518 -0.96914236212857563 2.9347318084562963 -0.94159970902280266 9.9500000000000011 -0.36876293119226017 -1.853242071098226 3.580189827618049 0.46238297290351504 1.1315967306361967 -0.29592670134728938 0.017626269871439039 22.098120267049847 1.2496530900440923
decision_type=2 2 2 2 2 2 2 2 2 2 9 2 2 2 2 2 2 2 2 2 2 2 2 2 2 2 2 2 2 2 2 2 2 2 2 2 10 2 2 2 2 2 2 2 2 2 2 2 2 2 2 2 2 2 10 2 2 2 2 2 2 2
left_child=2 3 -1 8 25 10 11 -8 15 -6 -3 19 16 32 53 -2 18 -18 35 20 22 24 51 52 -22 48 27 28 -27 -28 34 -26 42 54 36 -10 37 -7 -30 -17 55 -35 44 46 47 -45 -44 -12 49 -5 -50 -4 -24 -15 -11 56 -37 60 -33 -39 -51 -62
right_child=1 5 6 4 9 30 7 -9 12 33 13 -13 -14 14 -16 39 17 -19 -20 -21 21 -23 23 -25 31 26 29 -29 38 -31 -32 58 -34 41 -36 40 -38 59 -40 -41 -42 -43 43 45 -46 -47 -48 -49 50 57 -52 -53 -54 -55 -56 -57 -58 -59 -60 -61 61 -63
leaf_value=-0.009041184019957774 0.016956042933420488 0.0044648448735569671 0.0012002778112315772 0.025256860892634569 0.0027795668119905063 0.0017074202868484461 -0.015223522144969146 0.03174747110488603 -0.0026972720981865831 0.0055231099456704109 0.0112570860219876 0.0061695171859164387 0.0098923469451503692 0.021507063270598235 0.0031459794575499252 0.00032098835615914175 0.005933438074520442 0.023051447924443743 -0.0044216763616930386 -0.0070461303237084969 0.030630299676405754 -0.02058525701393174 0.0059432950867960577 0.038551613358325569 -0.0054200372441057581 0.035152305631592703 0.010842923326409355 0.046181793902167603 0.015406313144035406 -0.0077758449954172032 0.024040298074977647 0.022444963053141427 0.015964225099313414 0.015653322195250761 0.033037076544973287 0.0028407597069509756 0.024238241551671418 0.005669974074019625 -0.0068559980666242845 -0.0085730461854802622 0.0014510605179257952 0.037888519298556564 0.02010182242808474 0.023355596668881158 -0.012622231094300244 0.0045276481521532644 0.0091030118134442645 0.00056601605035172206 0.0024670581450916122 -0.00032740399186140197 -0.018317276378851947 -0.011768213021892435 -0.010806133413423241 0.044780649899549115 0.025943498515061097 0.012011319667531431 0.018129170757728522 0.020783629327843132 0.0027325942448014275 0.020507461209446378 0.0053818811395627457 0.015173157781370806
leaf_weight=130880 770 6271 1280 907 977 1595 601 1003 3907 798 5635 3167 6907 670 551 29405 6434 1030 4881 13154 508 509 1143 572 1017 641 2062 611 577 917 3970 733 7839 505 509 7074 1171 1072 908 2372 9217 1102 1721 3876 706 691 20738 2061 3623 3788 554 4292 1201 566 746 4328 839 655 789 1812 14650 2021
leaf_count=130880 770 6271 1280 907 977 1595 601 1003 3907 798 5635 3167 6907 670 551 29405 6434 1030 4881 13154 508 509 1143 572 1017 641 2062 611 577 917 3970 733 7839 505 509 7074 1171 1072 908 2372 9217 1102 1721 3876 706 691 20738 2061 3623 3788 554 4292 1201 566 746 4328 839 655 789 1812 14650 2021
internal_value=-6.81172e-06 0.00713427 -0.00776103 0.0043356 0.00803155 0.012289 -0.0021698 0.0141554 0.00260887 0.0185274 0.0110681 -0.0030953 0.0044624 0.0119829 0.0233461 6.76785e-05 0.00346666 0.0083095 0.00227039 -0.00426074 -0.00121698 0.00514667 -0.00388445 0.00548955 0.00947186 0.00667124 0.0120794 0.0196438 0.0119265 0.00510824 0.0184671 0.00518663 0.0115137 0.0233981 0.0148582 0.00355876 0.0131927 0.0102811 0.00181674 -0.000344153 0.0046982 0.0309713 0.0105269 0.0117389 0.00662364 0.0205149 0.00995012 0.00839623 0.00548918 0.00658866 -0.000308195 -0.00879069 -0.00264338 0.0323022 0.0154413 0.00714158 0.00447218 0.00578094 0.0122685 0.0150116 0.00529566 0.00657306
internal_weight=335509 174660 160849 113206 36042 61454 29969 1604 77164 4128 51325 28365 44617 45054 1787 32547 37710 7464 30246 25198 12044 3556 8488 2916 3047 31914 5716 2737 2126 2979 10129 2539 43267 3151 6159 25365 5650 4479 1485 31777 21458 1607 35428 27026 8402 4567 22459 7696 26198 22021 4177 5572 2344 1236 1544 12241 7913 21114 1522 2884 20459 16671
internal_count=335509 174660 160849 113206 36042 61454 29969 1604 77164 4128 51325 28365 44617 45054 1787 32547 37710 7464 30246 25198 12044 3556 8488 2916 3047 31914 5716 2737 2126 2979 10129 2539 43267 3151 6159 25365 5650 4479 1485 31777 21458 1607 35428 27026 8402 4567 22459 7696 26198 22021 4177 5572 2344 1236 1544 12241 7913 21114 1522 2884 20459 16671
cat_boundaries=0 1
cat_threshold=1024
is_linear=0
shrinkage=0.03


Tree=80
num_leaves=63
num_cat=2
split_feature=1 3 1 24 1 1 2 7 5 25 25 24 24 24 24 24 16 5 19 19 24 32 28 24 24 16 16 24 29 2 29 34 1 24 4 34 32 24 7 16 24 24 28 26 7 32 2 17 16 16 2 24 24 19 24 7 28 16 32 6 24 24
split_gain=19707.8 2274.97 1773.61 567.97 489.435 427.697 397.708 433.609 355.881 343.262 384.433 494.549 383.61 290.581 375.774 673.781 877.784 681.549 356.905 355.224 308.205 266.641 286.281 265.276 430.383 295.895 294.693 268.059 265.24 241.184 237.25 230.43 206.891 223.136 206.424 203.763 200.795 199.494 198.937 210.379 566.858 195.049 185.329 272.171 222.786 184.722 176.932 169.392 165.697 230.838 159.926 154.195 440.416 157.413 153.688 153.252 152.156 186.833 265.664 172.23 160.516 150.244
threshold=1.1164056565574854 0.93761331206326426 3.0758878545817185 -0.99904236206516772 0.3276523178845272 2.1102458664973605 2.8903092060117612 2.5771492991804363 1.6809837296058974 4.6226027886152918 5.2627026356035671 -0.91968655568559032 -0.73968886086496677 0.76785215827905995 -0.53667642277345495 -0.30410362911654215 17.400000000000002 -0.82588641651910433 8.6371977438490841 2.051498226037566 0.50739640075491554 0.05616174456218196 -0.23152862120060111 -0.96914236212857563 -0.98053927088909909 11.800000000000002 18.450000000000003 -0.68552235175575749 0.044109217475255945 2.4180819058136951 0.044109217475255945 0 4.40161869695691 -0.99963164097526602 1.7803731573374941 1 -0.78692497891156743 -0.82964644928663578 18.174740576548562 10.250000000000002 -0.98669422938859286 -0.72208999473568902 -0.036372833768900679 94.283443069458002 36.272785309784034 -0.52657545841337539 3.6278154163675373 76.500000000000014 9.7500000000000018 17.400000000000002 3.4685476005787357 -0.88264628153994396 -0.8572830456751136 3.6229072744295268 -0.77873524214321999 8.1353418523398542 0.56671597700234055 16.000000000000004 -0.041169588262951397 8.5000000000000018 -0.99815866078541837 -0.93262014971044682
decision_type=2 2 2 2 2 2 2 8 2 2 2 2 2 2 2 2 2 2 2 2 2 2 2 2 2 2 2 2 2 2 2 9 2 2 2 9 2 2 10 2 2 2 2 2 10 2 2 2 2 2 2 2 2 2 2 10 2 2 2 2 2 2
left_child=1 4 5 -3 -1 29 7 9 31 12 -11 -12 -5 14 18 16 17 55 23 20 34 -21 -23 24 26 28 47 -27 41 56 -31 -4 33 -33 -17 46 -20 -30 39 40 -37 61 -35 51 45 50 -7 -9 -14 -50 -45 53 -53 -44 -39 -16 -2 58 59 -58 -61 -25
right_child=2 3 8 6 -6 35 -8 13 -10 10 11 -13 48 -15 15 19 -18 -19 36 21 -22 22 -24 25 -26 27 -28 -29 37 30 -32 32 -34 42 -36 38 -38 54 -40 -41 -42 -43 43 44 -46 -47 -48 -49 49 -51 -52 52 -54 -55 -56 -57 57 -59 -60 60 -62 -63
leaf_value=-0.0087785920209774385 0.004481492230946388 0.023621933987173556 0.0062377098512380463 0.022560433211351642 -0.0035403103616253018 0.010383917406203487 0.023379676310826887 0.014065893047164926 0.027061030826757586 0.037366201032785956 0.030713639961296058 -0.0067054042899561067 0.0085046365974233637 -0.011582533590964875 0.022575123036669687 0.0066968604885232017 -0.013201646078419988 0.0050297597912791862 -0.0021831155966834299 -0.0089562830212558293 0.022825360936581485 0.022064556858747413 -0.0085508272486278878 -0.028706510381431447 0.021666002769216701 -0.007258558616585243 -0.018764322226644783 0.012907875919526761 0.0067377717117092038 0.0050660281191505698 0.016455025186777897 -0.0032907960441623855 0.01996285252606083 0.015613707156399982 -0.010354743946350079 -0.015682394867161477 0.021661516803728288 -0.022274822262426656 0.0011096220701436314 0.0093391657944028993 0.0065373476616436138 -0.033938389346001359 0.0084942450059835948 0.019518356445547662 -7.8543230251144861e-05 0.015710866907136842 0.028156116457522976 -0.0086471264614706132 -0.010954527770931987 0.0077448372810634226 0.042619437367931487 0.038098660049636586 0.0093133668437735267 -0.0030850099958535404 -0.0027847038644203464 0.043528749382579363 0.012438871837968737 -0.0046448390668388578 0.015848537493943229 0.015022452143099854 -0.0021803849096132567 -0.008487330180066581
leaf_weight=130674 34073 905 4381 674 18312 14040 618 667 1637 572 518 807 1018 2788 508 1977 826 1145 625 5225 740 565 527 502 688 3284 879 719 639 4335 2656 758 4076 14727 938 1137 640 787 4772 22749 10876 799 2898 599 573 2715 520 523 2048 832 511 509 7059 1658 677 912 1018 4084 1258 526 6047 971
leaf_count=130674 34073 905 4381 674 18312 14040 618 667 1637 572 518 807 1018 2788 508 1977 826 1145 625 5225 740 565 527 502 688 3284 879 719 639 4335 2656 758 4076 14727 938 1137 640 787 4772 22749 10876 799 2898 599 573 2715 520 523 2048 832 511 509 7059 1658 677 912 1018 4084 1258 526 6047 971
internal_value=5.01049e-05 -0.00648969 0.00812852 0.000218014 -0.00813489 0.00609343 -0.000379541 -0.000802099 0.0133521 0.00620796 0.0169184 0.00798379 0.0017504 -0.00239123 -0.00139451 0.00209534 0.0136368 0.0222884 -0.00515472 -0.00183422 0.00560479 -0.00613945 0.00731792 -0.00687079 0.00119967 -0.00952572 -0.00564179 -0.00362477 -0.0149146 0.00420399 0.00940157 0.0127942 0.0135838 0.0127727 0.00120159 0.00797892 0.00991836 -0.00721143 0.00685296 0.00764308 0.00442866 -0.0220133 0.0131628 0.0109741 0.0173674 0.0199776 0.0110205 0.0040892 -0.00187214 -0.00554843 0.0302966 0.00864876 0.0112733 0.00428161 -0.0133021 0.0361382 0.00343006 0.00065931 0.00310853 0.000988178 -0.000793367 -0.0154519
internal_weight=335721 185529 150192 36543 148986 108091 35638 35020 42101 6469 1897 1325 4572 28551 25763 13363 3391 2565 12400 9972 3655 6317 1092 11135 2757 8378 2069 4003 4375 53997 6991 40464 36083 32007 2915 54094 1265 2103 39534 34762 12013 2272 31249 16522 4398 3825 14560 1190 3898 2880 1110 12124 7568 4556 1464 1420 47006 12933 8849 7591 6573 1473
internal_count=335721 185529 150192 36543 148986 108091 35638 35020 42101 6469 1897 1325 4572 28551 25763 13363 3391 2565 12400 9972 3655 6317 1092 11135 2757 8378 2069 4003 4375 53997 6991 40464 36083 32007 2915 54094 1265 2103 39534 34762 12013 2272 31249 16522 4398 3825 14560 1190 3898 2880 1110 12124 7568 4556 1464 1420 47006 12933 8849 7591 6573 1473
cat_boundaries=0 1 2
cat_threshold=1024 146
is_linear=0
shrinkage=0.03


Tree=81
num_leaves=63
num_cat=0
split_feature=1 1 13 1 25 23 13 27 23 5 32 16 16 5 27 31 20 27 7 32 7 25 13 24 24 23 23 23 25 25 5 25 24 23 18 7 23 23 16 32 23 24 32 25 21 23 20 23 24 16 27 23 24 24 29 19 7 24 29 31 5 23
split_gain=18204.4 2596.44 1064.67 738.117 493.019 598.988 458.882 450.659 455.838 328.17 313.683 280.456 274.83 274.739 250.045 244.366 246.479 377.555 237.907 202.93 333.693 262.081 293.532 262.766 466.821 449.232 251.059 370.443 306.256 248.639 245.78 245.137 239.108 221.715 202.43 214.339 275.065 442.149 790.096 254.689 240.836 211.895 347.986 307.966 269.626 199.791 199.536 246.385 242.764 242.722 198.94 362.353 292.517 464.13 320.982 316.343 328.091 249.137 296.245 197.945 252.313 234.506
threshold=0.55961580177221515 2.0940930682127603 0.65142441667093498 3.1696311838316187 16.851755244336946 -0.62729398729515451 1.2986950909146115 0.074731182795698944 -0.64056958004474651 1.0770132188554573 -1.1176363150522846 18.000000000000004 19.900000000000002 -2.0144524180063224 0.19946236559139788 1.4195821523821803 41.264788150328762 0.012365591397849464 14.829920908996995 -0.16793127257859333 9.9974850372201285 8.0701159330505536 2.5162511653549617 -0.8905837001257676 -0.77873524214321999 -0.71612580616132582 -0.87025318080773884 -0.70403958523943955 8.8943406100595208 7.8804388746779468 0.68559713487019391 24.661279086444171 0.20454453068330622 0.11135109471829405 5.8386826694889224 2.0053616157343561 -0.81499831288977609 -0.94723957588908092 11.800000000000002 -0.24381186973629057 -0.9092740615363033 -0.61385614182261172 0.34022326832252148 4.2867612460407845 14.546029873324844 0.44709379298511415 26.439264795871228 -0.48504197719567627 -0.93262014971044682 19.900000000000002 0.13924731182795699 -0.52941438753421244 -0.8982586596074329 -0.87444874304365161 0.044109217475255945 2.051498226037566 5.5253093146810484 -0.99374406038856444 0.54963714893960314 3.5142701832067167 0.55759672519520831 -0.29591579977684229
decision_type=2 2 2 2 2 2 2 2 2 2 2 2 2 2 2 2 2 2 10 2 8 2 2 2 2 2 2 2 2 2 2 2 2 2 2 10 2 2 2 2 2 2 2 2 2 2 2 2 2 2 2 2 2 2 2 2 10 2 2 2 2 2
left_child=2 6 -1 14 13 -6 12 -8 -9 50 -10 -12 -2 -4 15 -3 19 -18 -19 20 31 29 26 33 -25 32 28 -28 -23 46 45 -17 -26 -24 -15 41 37 39 40 -37 -39 42 43 -36 -43 -22 47 49 -49 -21 52 -52 55 -54 -55 -5 -57 -53 -59 60 61 -58
right_child=1 3 4 9 5 -7 7 8 10 -11 11 -13 -14 34 -16 16 17 18 -20 21 30 22 23 24 25 -27 27 -29 -30 -31 -32 -33 -34 -35 35 36 -38 38 -40 -41 -42 44 -44 -45 -46 -47 -48 48 -50 -51 51 57 53 54 -56 56 59 58 -60 -61 -62 -63
leaf_value=-0.0085943917965647081 0.00079203220218704111 0.01321206219611382 0.0087373250677005958 0.013830507994997188 -0.010277209794462731 0.029829494981165942 0.003933405444076399 -0.0065567591308050444 0.040357774110761684 0.020294243218508163 0.029552510785949178 -0.0017227734829089328 -0.0096780992810856677 0.010681975061315106 0.026470104250355127 0.0090498529314266413 -0.015378483690694146 0.015680987794276621 -0.0030419900927140756 -0.012738920710868887 0.0010921211334763701 0.021494380724488418 0.017862255510167267 0.045578940763455374 0.028910941532055544 -0.0077537827438738357 0.023741942227601731 0.0069170818399287874 -0.0035731970778182876 -0.012664183728736948 0.012416248843325942 0.027572041355138108 0.0069280576754533188 -0.0041616021664938174 0.029524698992469168 -0.0099535467970363351 -0.0091802722666241895 0.040372433945122688 -0.0057080288597993927 0.012618798115023292 0.013907800806285814 0.0082311519336331698 -0.0086323567559030128 0.0015496498138583032 -0.0090579099354121118 0.018329466549306443 0.009938984335742581 -0.0034057157924974051 0.022051964184895259 0.0089163468769196119 -0.0082237674039344205 0.0081470660669859842 0.033086085533649397 0.016221570514959264 0.0068123561568229412 0.023814005842272855 -0.017753785577401784 0.016054666547910795 0.030419241570420592 0.0098091960483792061 0.010360784320897305 -0.00095618787651463447
leaf_weight=129258 34135 6162 1660 3714 529 900 42504 534 710 4992 526 501 2411 829 632 6735 1092 1152 1291 1367 14282 541 917 644 1661 523 1760 3560 2226 603 2267 708 613 740 769 4164 10339 535 1798 500 745 1173 736 654 2609 627 7112 594 771 701 519 1923 1004 7197 5988 608 1107 4150 1892 1600 1047 2287
leaf_count=129258 34135 6162 1660 3714 529 900 42504 534 710 4992 526 501 2411 829 632 6735 1092 1152 1291 1367 14282 541 917 644 1661 523 1760 3560 2226 603 2267 708 613 740 769 4164 10339 535 1798 500 745 1173 736 654 2609 627 7112 594 771 701 519 1923 1004 7197 5988 608 1107 4150 1892 1600 1047 2287
internal_value=-9.9873e-07 0.00655127 -0.00744656 0.00985758 -0.00213578 0.0149984 0.00259456 0.00463036 0.0176372 0.0131202 0.0250726 0.0143611 0.000100071 -0.003062 0.00776369 0.00755988 0.00689511 -0.000754156 0.00580085 0.00744751 0.00552518 0.00939091 0.012254 0.0178919 0.0226158 0.0172567 0.00869106 0.0125003 0.00135791 0.00600066 0.00322432 0.0108291 0.0230132 0.00804369 -0.00385178 -0.00435545 -0.00597944 -0.00170175 0.00711657 -0.00752278 0.0250832 0.000587905 0.00807614 0.016718 -0.00369186 0.00182294 0.00707348 0.00113131 0.0110017 -0.00539453 0.0120333 0.0159984 0.0106601 0.0134591 0.0119526 0.00682322 0.00290164 0.0175809 0.0205742 0.000778947 -0.00248184 -0.00645301
internal_weight=335828 178630 157198 97309 27940 1429 81321 44775 2271 38028 1737 1027 36546 26511 59281 58649 52487 3535 2443 48952 24619 24333 13185 5098 3441 2797 8087 5320 2767 11148 17176 7443 2274 1657 24851 24022 18081 7742 3078 4664 1280 5941 2159 1423 3782 14909 10545 3433 1365 2068 33036 8484 24552 14189 13185 10363 6649 7965 6042 6041 4441 3394
internal_count=335828 178630 157198 97309 27940 1429 81321 44775 2271 38028 1737 1027 36546 26511 59281 58649 52487 3535 2443 48952 24619 24333 13185 5098 3441 2797 8087 5320 2767 11148 17176 7443 2274 1657 24851 24022 18081 7742 3078 4664 1280 5941 2159 1423 3782 14909 10545 3433 1365 2068 33036 8484 24552 14189 13185 10363 6649 7965 6042 6041 4441 3394
is_linear=0
shrinkage=0.03


Tree=82
num_leaves=63
num_cat=0
split_feature=1 1 31 13 1 24 27 7 24 27 31 13 5 19 24 17 26 13 5 3 16 25 24 16 21 26 27 25 21 24 24 16 24 25 21 26 7 24 25 24 24 2 4 20 20 24 24 26 3 4 25 31 19 16 31 6 1 27 20 20 24 25
split_gain=17251.8 2427.91 915.633 618.331 452.835 437.213 387.2 499.255 646.423 535.777 466.121 357.528 337.41 305.472 300.028 291.806 288.871 288.716 286.276 325.284 260.584 246.512 237.84 236.331 263.655 302.708 304.858 231.466 423.913 507.605 1203.25 301.836 531.958 436.648 399.516 290.863 350.301 378.31 405.641 287.733 232.853 479.741 224.542 223.427 227.885 218.08 313.119 255.378 209.851 206.667 250.405 295.212 296.972 266.116 196.972 195.044 188.382 189.916 197.571 183.816 182.73 256.266
threshold=0.55961580177221515 2.5866332409235482 1.0603448938823001 1.2350018859849314 4.1303377325450796 -0.99904236206516772 0.041397849462365598 9.6224577497100672 -0.98053927088909909 0.043548387096774201 2.283765295452937 2.0572518321301114 -1.4276096404118854 8.6371977438490841 -0.98376170968447474 76.800000000000026 71.639994430542004 2.6424342885236047 0.81629062703414335 2.4970186675676707 19.900000000000002 1.5628515965996252 -0.9770278626699701 16.350000000000005 21.691890221558243 69.306928062438956 0.080107526881720445 1.6179563127159702 16.481004488134428 -0.79980977965991029 -0.73385833101097553 10.250000000000002 -0.5 2.4652421584613227 8.994074534893775 28.373944044113149 4.496138318475988 -0.077175462126646291 4.5701787183161393 0.068612210320797354 -0.26296220265651482 0.13656464706664173 4.0666415579511712 28.705107879578925 33.001530721623489 -0.77873524214321999 -0.84831994561267254 15.989248180389394 0.66733972245471485 2.402308438469047 13.558187480587314 2.3275515126564854 2.5703227282623566 16.000000000000004 3.108108539302378 10.500000000000002 1.3056984582086513 0.0381720430107527 40.299461206478959 38.810513370996993 -0.35273909160235833 0.32364557998314986
decision_type=2 2 2 2 2 2 2 8 2 2 2 2 2 2 2 2 2 2 2 2 2 2 2 2 2 2 2 2 2 2 2 2 2 2 2 2 8 2 2 2 2 2 2 2 2 2 2 2 2 2 2 2 2 2 2 2 2 2 2 2 2 2
left_child=2 3 27 18 21 -4 14 8 10 -9 -8 13 -11 15 -5 -7 -12 22 19 20 55 -3 -16 24 25 -14 -27 40 29 -29 -31 32 -32 -34 -35 36 37 38 -36 -39 41 60 -6 -10 -45 46 -19 -47 -43 50 54 52 -52 -53 -23 -2 -24 58 -58 -49 -1 -62
right_child=1 4 5 6 42 11 7 9 43 12 16 -13 23 -15 17 -17 -18 45 -20 -21 -22 49 56 -25 -26 26 -28 28 -30 30 31 -33 33 34 35 -37 -38 39 -40 -41 -42 48 -44 44 -46 47 -48 59 -50 -51 51 53 -54 -55 -56 -57 57 -59 -60 -61 61 -63
leaf_value=-0.0082187195404364467 0.00060116800013577574 0.026339069408590803 0.026792846134249045 -0.0031990430896999193 0.015575053412294497 -0.0033968970424377372 0.056861672308914493 0.035118743706698839 0.024634372689484711 0.022680894745353456 0.037896267391298664 0.0072692645089516335 -0.0040792721898672037 0.011501518829036812 0.021871640639772181 -0.017883335208016028 0.0057726565240773199 0.0094137649193353472 0.0064184715539762262 0.017120021289717159 -0.011764838795677071 0.011466317779016796 0.0005688555542705748 -0.0042883815387227235 0.021313822729423743 0.024127728042784239 0.0013004520407225227 -0.019719695886048019 -0.0093917485282234581 0.041290702022878184 -0.024429396470513242 -0.0077219074222371663 -0.0068954094988590538 -0.0055992888069287799 -0.016191723310866869 0.028079080800714556 -0.010429421959900115 0.042161679111160741 0.018644894246877378 0.010892676211584316 -0.0092679623868371849 0.025520234217867255 0.03238344515677366 -0.006241854423462337 0.013898455440491252 0.027033740153342905 0.03503543007695762 0.0078782140477343179 0.00013432749954719341 0.011042887005431117 0.017760482960912566 -0.0057220484050279309 0.002910079445335318 0.010308467494243658 -0.0017401732058934221 -0.0064128485999999079 0.0058855770379492838 -0.008436308952308862 -0.0034620504655932405 -0.0080107005136110729 -0.0054082036011172674 0.016617666595185286
leaf_weight=12667 24859 804 501 4539 8510 10752 522 533 656 814 500 3327 2360 1084 656 1412 507 1090 6256 901 1934 10952 12339 2968 871 948 1178 1386 14989 583 668 5859 2507 1364 550 908 665 553 652 513 92746 595 782 942 1081 525 709 3572 573 36060 2018 3552 3029 1258 1119 4161 30952 931 2175 798 1638 664
leaf_count=12667 24859 804 501 4539 8510 10752 522 533 656 814 500 3327 2360 1084 656 1412 507 1090 6256 901 1934 10952 12339 2968 871 948 1178 1386 14989 583 668 5859 2507 1364 550 908 665 553 652 513 92746 595 782 942 1081 525 709 3572 573 36060 2018 3552 3029 1258 1119 4161 30952 931 2175 798 1638 664
internal_value=1.03771e-05 0.00639583 -0.00723663 0.00364534 0.0108503 -0.000677805 0.00527773 0.00978042 0.0184015 0.00602209 0.033937 -0.00151597 0.00430686 -0.00372413 0.00420473 -0.00508514 0.0218312 0.00483023 0.000554 -0.000598549 -0.00111698 0.00987594 0.00400007 0.00249775 0.00625804 0.00331434 0.011512 -0.00803611 -0.00575603 -0.00239189 -0.000765469 -0.0025013 0.00115119 0.00338133 0.00833301 0.0132814 0.00866038 0.0142683 0.00270364 0.0272349 -0.0086891 -0.00536032 0.0170063 0.00948808 0.00452795 0.0106582 0.0195806 0.00736238 0.01312 0.00964542 0.00734534 0.00379486 0.00885959 -0.0015231 0.0102418 -0.00040546 0.00374506 0.00489552 0.00527142 0.00497092 -0.0068062 0.000967291
internal_weight=335517 178361 157156 110277 68084 17076 72166 13880 4208 9672 1529 16575 9139 13248 58286 12164 1007 53747 38111 31855 30954 58792 47053 8325 5357 4486 2126 140080 31197 16208 14822 14239 8380 7712 5205 3841 2933 2268 1202 1066 108883 16137 9292 2679 2023 6694 1799 4895 1168 57988 21928 9857 5047 4810 12071 29020 46397 34058 33127 4370 14969 2302
internal_count=335517 178361 157156 110277 68084 17076 72166 13880 4208 9672 1529 16575 9139 13248 58286 12164 1007 53747 38111 31855 30954 58792 47053 8325 5357 4486 2126 140080 31197 16208 14822 14239 8380 7712 5205 3841 2933 2268 1202 1066 108883 16137 9292 2679 2023 6694 1799 4895 1168 57988 21928 9857 5047 4810 12071 29020 46397 34058 33127 4370 14969 2302
is_linear=0
shrinkage=0.03


Tree=83
num_leaves=63
num_cat=2
split_feature=1 1 13 1 2 25 5 1 32 24 34 23 23 24 31 23 24 23 13 22 27 23 5 24 24 23 8 5 19 23 23 32 24 18 23 29 24 29 26 2 26 26 23 21 32 26 32 21 21 23 23 23 31 26 23 18 31 24 19 25 21 18
split_gain=16394.8 2177.96 973.722 788.039 419.704 416.449 369.94 328.068 299.371 275.979 264.348 235.185 341.224 305.986 234.464 300.767 822.846 327.365 276.382 250.307 234.186 377.573 308.375 284.063 502.897 307.105 232.832 227.997 221.079 189.178 517.227 566.925 429.837 299.358 205.214 198.647 187.927 357.767 187.69 253.024 224.208 240.614 184.425 181.623 192.646 181.064 180.492 177.163 174.444 219.258 470.328 230.839 308.496 253.042 198.853 194.356 192.207 167.776 166.595 166.011 161.776 159.732
threshold=0.55961580177221515 2.9568999027384346 1.5279727003785919 1.5831059067261644 1.6761608551646381 4.8798862397069902 1.6809837296058974 0.15613183866401317 -0.41931244982916455 -0.99815866078541837 0 0.14539831731376898 0.21293867525431665 -0.27122391875406221 2.7992128788504282 -0.83440738405450643 -0.30410362911654215 -0.7454378568683 1.9566768326385497 1 0.15322580645161293 -0.51477383718533543 0.32807309176196925 -0.99374406038856444 -0.98933596577443683 -0.36075750887067731 2.2725936890389558 -1.4857486277617127 4.7088274871254567 -0.87025318080773884 -0.85283291294431784 0.048690000510210225 -0.25466173847491491 637.19260424194351 -0.93568234840038322 1.7031050639364749 -0.96914236212857563 -0.46353730382295238 41.307750892639156 2.314647571835402 38.198669528961169 28.373944044113149 -0.21293867525431634 70.699020468213646 -0.41011318957685344 32.196233224868763 -0.55322134655451716 67.294359006819505 11.112619988935936 -0.49998158062385478 -0.45473838294431457 -0.29591579977684229 3.5142701832067167 82.544995689392081 0.31226905285971512 111.24841832574042 3.108108539302378 -0.91968655568559032 5.9059427821715182 13.731182554504406 60.236210565366257 691.9795920360566
decision_type=2 2 2 2 2 2 2 2 2 2 9 2 2 2 2 2 2 2 2 1 2 2 2 2 2 2 10 2 2 2 2 2 2 2 2 2 2 2 2 2 2 2 2 2 2 2 2 2 2 2 2 2 2 2 2 2 2 2 2 2 2 2
left_child=2 3 7 4 11 -4 20 -1 -7 -6 -5 13 -13 43 15 16 -11 -17 -19 -16 22 -22 36 -23 -25 -26 -24 -12 -20 32 31 -31 34 -34 -29 -32 42 -38 40 -40 41 -36 -3 44 60 -10 -39 58 54 -50 -51 52 53 -52 -48 56 -53 -21 -14 -9 -2 -15
right_child=1 6 5 10 9 8 -8 59 45 14 27 12 47 61 19 17 -18 18 28 57 21 23 26 24 25 -27 -28 29 -30 30 35 -33 33 -35 38 -37 37 46 39 -41 -42 -43 -44 -45 -46 -47 48 -49 49 50 51 55 -54 -55 -56 -57 -58 -59 -60 -61 -62 -63
leaf_value=-0.0081642902665030378 -0.0062734752650412283 -0.014473723855410946 -0.0049624852478765934 0.0018256224284617121 0.02544467509465171 0.0025443251101132966 0.025284905446262187 -0.0044799673893105366 0.032476837783185546 0.027966121641969256 0.026061067958227813 0.026331879483176883 0.0024808884080448875 0.0022184333391362357 0.028563588620365961 -0.017735561679309439 -0.00026221375809042856 -0.0036707960699425245 0.0048832992764291962 -0.0069925861914557951 -0.0065379231791640327 0.0082288218993264162 0.014363456969008348 0.050366696933941801 0.029724685041960925 0.012779015486782468 0.004766133612559632 -0.0080575488957274656 0.026717959149803423 0.0082827363601280599 0.007669671737904918 0.051037233886461843 0.010095542035908458 -0.0023522680908511016 -0.007357888533080989 -0.0012246579402115623 0.02103200960928811 -0.0060182953668373555 0.02383775073709787 0.0015003249749109767 -0.01664307460956788 0.018750494204793106 0.0044849673725669741 -0.010170240824113342 0.015314791287445036 0.011588627035575198 0.018530116786319769 0.0091082274414408491 0.00075288689752647233 0.031579670445444345 -0.018004636283443533 0.015879352764821421 0.018129019581482567 0.0083012008765039249 0.0026678405350931771 0.024363006343082947 -0.0046455888007100295 0.016250587372807043 -0.0057217547818944354 0.012166487819565509 0.00970381591114035 -0.0063719786724877473
leaf_weight=127806 3982 518 4101 10828 626 3572 1749 19278 511 1441 549 532 8893 12232 721 863 2601 3274 1926 501 599 1832 16467 505 1488 2753 2647 2787 529 616 45032 509 9121 2146 744 2378 2017 832 676 1386 773 547 3946 4800 512 1393 2519 2570 3857 781 914 892 529 509 993 820 754 621 2968 550 661 2312
leaf_count=127806 3982 518 4101 10828 626 3572 1749 19278 511 1441 549 532 8893 12232 721 863 2601 3274 1926 501 599 1832 16467 505 1488 2753 2647 2787 529 616 45032 509 9121 2146 744 2378 2017 832 676 1386 773 547 3946 4800 512 1393 2519 2570 3857 781 914 892 529 509 993 820 754 621 2968 550 661 2312
internal_value=5.90213e-05 0.00627863 -0.00700588 0.00427189 0.00143192 0.002263 0.011749 -0.00760721 0.00767378 0.00608291 0.0061833 -0.000112973 0.00284995 -0.00192282 0.00510168 0.00338582 0.00982349 -0.00056601 0.00203357 0.0149661 0.0112336 0.016218 0.0103142 0.0182936 0.022166 0.0187526 0.013036 0.00688331 0.00963294 0.00672458 0.00770246 0.027767 0.00411256 0.00772464 -0.00177585 0.00722347 0.00769487 0.00926403 0.00247189 0.00886331 -0.00391933 0.00373396 0.00227128 -0.00597388 -0.00206044 0.017265 0.0074855 0.00197547 0.00838149 0.00617459 0.0101922 0.00637999 -0.00132782 -0.00859905 0.0140553 0.0124716 0.00649169 0.0058352 0.00042678 -0.00401527 -0.00399088 0.00085113
internal_weight=335789 178578 157211 130657 52565 9577 47921 147634 5476 13103 78092 39462 14963 24499 12477 10634 4042 6592 5729 1843 46172 7177 38995 6578 4746 4241 19114 67264 2455 66715 48535 1125 18180 11267 6913 47410 19881 15417 4126 2062 2064 1291 4464 9955 5155 1904 13400 14431 12568 9056 5199 4418 1952 1423 3512 2466 1646 1122 11861 19828 4643 14544
internal_count=335789 178578 157211 130657 52565 9577 47921 147634 5476 13103 78092 39462 14963 24499 12477 10634 4042 6592 5729 1843 46172 7177 38995 6578 4746 4241 19114 67264 2455 66715 48535 1125 18180 11267 6913 47410 19881 15417 4126 2062 2064 1291 4464 9955 5155 1904 13400 14431 12568 9056 5199 4418 1952 1423 3512 2466 1646 1122 11861 19828 4643 14544
cat_boundaries=0 1 2
cat_threshold=1024 17
is_linear=0
shrinkage=0.03


Tree=84
num_leaves=63
num_cat=2
split_feature=1 13 1 24 32 24 13 22 23 1 25 30 23 3 25 24 26 17 24 19 23 31 19 25 20 23 23 2 23 23 20 25 24 20 23 26 23 24 31 24 21 25 19 20 19 13 24 31 16 4 3 28 31 1 23 24 26 26 27 26 28 31
split_gain=15833.4 1674.44 1392.96 676.949 397.687 361.625 351.152 386.654 438.329 329.787 328.421 288.098 288.035 402.98 322.964 678.13 281.127 351.084 349.992 402.11 367.218 320.862 275.493 261.684 332.065 298.84 249.025 249.478 244.719 253.268 241.715 366.169 317.128 285.851 246.662 244.616 436.547 265.985 347.535 240.494 224.554 220.876 211.981 208.262 200.688 231.103 196.455 231.678 260.707 186.01 183.843 197.564 223.332 227.766 179.152 361.348 271.417 193.554 184.274 242.024 225.794 178.775
threshold=1.070401381955193 0.46701160598876318 2.8742003996605909 -0.99904236206516772 -1.0000000180025095e-35 -0.99992632385251334 1.9429170361536097 0 0.1283936251113518 4.0867267977357287 17.579950761787035 1 0.97516411509186673 0.89320861029784182 7.9703137812835569 0.32041146939831461 35.325651454925513 74.250000000000014 -0.74541039586774327 5.9059427821715182 0.75110426010738152 1.4598741554500572 5.9059427821715182 4.4353519155253336 38.810513370996993 0.86167001593038561 0.24635219865135732 1.435224947642936 0.094275748646527283 -0.40828930082137055 23.47537137397315 3.1912960057337121 -0.90566889813915308 36.408765373125327 0.46238297290351504 87.28816242218015 0.0085831648773537477 -0.98376170968447474 2.7169455166450893 -0.93867560834980956 8.2842654207173716 20.450585406730259 1.4091926819187848 39.885580166800132 2.6439824120169395 1.381213854704751 -0.99374406038856444 3.5609586643757569 17.400000000000002 1.5815124129436959 4.283275049264347 -0.036372833768900679 3.3744653594732203 3.7248305732691009 -0.025746965133975123 -0.98933596577443683 95.274362564086871 66.005017089843747 0.11021505376344087 76.230785751342765 0.56671597700234055 0.9587680882576578
decision_type=2 2 2 2 2 2 2 1 2 2 2 1 2 2 2 2 2 2 2 2 2 2 2 2 2 2 2 2 2 2 2 2 2 2 2 2 2 2 2 2 2 2 2 2 2 2 2 2 2 2 2 2 2 2 2 2 2 2 2 2 2 2
left_child=1 -1 4 -3 5 -2 12 39 -9 40 11 -6 14 -14 16 22 17 18 19 -5 21 -20 61 -19 25 26 27 -25 29 -11 31 32 -7 34 42 37 -37 -35 -39 -8 -4 -12 -32 -13 45 -36 47 48 -42 -24 51 52 -48 -54 55 57 -56 -44 59 60 -57 -16
right_child=2 3 9 6 10 30 7 8 -10 28 41 43 13 -15 15 -17 -18 23 20 -21 -22 -23 49 24 -26 -27 -28 -29 -30 -31 33 -33 -34 35 44 36 -38 38 -40 -41 46 -43 54 -45 -46 -47 50 -49 -50 -51 -52 -53 53 -55 56 58 -58 -59 -60 -61 -62 -63
leaf_value=-0.0078291253243080172 0.027472022111581933 0.024211624623349939 0.016913164763637505 0.032664468975544168 0.02462738710650127 0.031668411622981646 -0.022846190405665583 0.0036430369935919467 0.023624318686896094 0.02001917309495567 0.037452592586186058 0.0078981642894691093 -0.0011637142450094389 0.023104262864849245 -0.0092962111608098155 0.028997221872454727 -0.017917532350273924 -0.0089329330502990519 -0.0077455937606938302 -0.00037139742109630857 0.018517844715456581 0.010751808167476756 0.00030985445261654589 -0.0014120545214002162 -0.012383605895669276 0.016568865092607753 -0.015518101753492684 0.019512770750420166 0.026371178824591102 0.0094836812059627563 -0.00054038587321277552 -0.0021916345857388377 0.003892112381368178 -0.0079084149359248679 0.011953817986517101 -0.0049093132665719097 0.031805065926164389 0.0017397537386193073 0.022387459409610108 -0.0011826183348441805 -0.0050632894536641933 0.012319087564934843 0.010770569839495713 0.00022345946809375697 0.0060356684092479152 0.032143669247459504 0.013023072124920401 0.021389709348253651 0.013238112848397815 0.022198836769287786 0.024919174948262641 0.0073499652294905073 -0.0077384725371576878 0.01695394234164212 -0.00084315324236614237 0.0094250093349450576 0.018038507520612153 0.032390871728741555 -0.005875471284173042 0.026806017789175428 0.0021676179219834927 -0.00021132913143519545
leaf_weight=127231 576 896 3800 611 840 540 569 4604 1254 3529 537 22710 2089 868 2884 710 1491 14342 4762 718 696 1021 705 3525 2124 974 930 595 1700 4947 4662 10606 1157 2472 1423 525 647 20475 756 2350 2477 769 733 3701 1929 800 15422 526 971 688 724 16699 967 509 4957 10221 790 769 1001 552 6202 5995
leaf_count=127231 576 896 3800 611 840 540 569 4604 1254 3529 537 22710 2089 868 2884 710 1491 14342 4762 718 696 1021 705 3525 2124 974 930 595 1700 4947 4662 10606 1157 2472 1423 525 647 20475 756 2350 2477 769 733 3701 1929 800 15422 526 971 688 724 16699 967 509 4957 10221 790 769 1001 552 6202 5995
internal_value=2.61926e-05 -0.00593366 0.00715793 -0.00158031 0.00508901 0.00389744 -0.00200648 0.00348838 0.00792334 0.011129 0.00808345 0.00737618 -0.00306143 0.0059869 -0.00368762 0.000747436 -0.00521965 -0.00459192 0.000888508 0.0148822 -0.00199119 -0.00447337 -0.00121835 -0.00649437 -0.0021992 0.00139901 -0.00154032 0.00162984 0.0159782 0.0138794 0.00370485 -0.00011972 0.0127978 0.00450348 0.00628973 0.00205839 0.0154078 0.00139522 0.00248008 -0.00541881 0.00995499 0.0227569 0.00533617 0.00682295 0.013139 0.0192755 0.00926242 0.00294326 0.000102321 0.0111615 0.00999357 0.00966827 0.0119564 0.00080522 0.00642215 0.00779521 0.0017658 0.0219106 0.00661002 0.00734779 0.00668581 -0.00316577
internal_weight=335253 182632 152621 55401 100350 71793 54505 8777 5858 52271 28557 27251 45728 2957 42771 10982 31789 30298 7808 1329 6479 5783 10272 22490 8148 6024 5050 4120 10176 8476 71217 12303 1697 58914 34039 24875 1172 23703 21231 2919 42095 1306 29887 26411 4152 2223 38295 3974 3448 1393 34321 33597 16898 1476 25225 19478 5747 1502 17976 16975 16423 8879
internal_count=335253 182632 152621 55401 100350 71793 54505 8777 5858 52271 28557 27251 45728 2957 42771 10982 31789 30298 7808 1329 6479 5783 10272 22490 8148 6024 5050 4120 10176 8476 71217 12303 1697 58914 34039 24875 1172 23703 21231 2919 42095 1306 29887 26411 4152 2223 38295 3974 3448 1393 34321 33597 16898 1476 25225 19478 5747 1502 17976 16975 16423 8879
cat_boundaries=0 1 2
cat_threshold=8 4
is_linear=0
shrinkage=0.03


Tree=85
num_leaves=63
num_cat=2
split_feature=1 1 13 1 25 27 31 1 25 23 23 23 23 23 25 23 32 25 26 27 32 23 17 25 34 23 20 18 25 26 25 31 23 31 23 4 4 26 25 13 18 17 19 18 32 23 28 20 32 32 4 32 34 25 17 26 23 26 23 7 23 31
split_gain=14380.3 1880.1 1044.78 558.443 369.768 572.761 378.717 334.974 333.6 656.432 779.834 364.928 285.253 492.318 473.777 389.616 280.819 372.215 260.394 252.492 352.928 295.269 410.312 283.974 249.422 247.364 246.727 240.443 236.468 224.446 217.048 215.563 214.479 212.48 208.698 314.879 198.211 194.741 309.149 193.573 376.78 187.858 186.847 182.156 180.028 182.112 183.469 179.827 178.135 219.542 175.914 197.927 170.032 166.391 165.517 392.402 232.419 206.659 161.812 154.989 181.434 177.657
threshold=0.6594039883782834 2.8272713346370639 0.65142441667093498 1.6952458482715891 7.9703137812835569 0.013440860215053765 0.9587680882576578 4.40161869695691 17.283627578984667 -0.61383352812826175 0.21293867525431665 -0.051478754770346226 -0.15389057670406206 -0.84374447618434878 12.411586490357598 -0.94723957588908092 0.038743566165185518 2.5500967260610357 35.325651454925513 0.0048387096774193559 0.05616174456218196 0.75110426010738152 74.850000000000009 3.1358031452343034 0 -0.93265450753882229 11.399854398661221 583.03248182830828 16.078808131209147 19.7183639526367 1.5628515965996252 2.3275515126564854 -0.54389891703310034 1.0818528414148907 -0.70403958523943955 1.8568861936876426 4.0666415579511712 34.751036167144747 4.8798862397069902 2.3183055131959738 189.61365123276713 74.850000000000009 4.3100708759369413 637.19260424194351 -0.024719772164475847 0.62729398729515495 0.023850566919913146 11.399854398661221 0.15471509567896063 0.64392197317291999 2.2999241827783075 -0.32059987831854797 1 12.623634618552783 74.250000000000014 26.897912216186519 -0.67924831531502416 27.478988122940041 -0.78409092058138996 32.008265551780532 0.094275748646527283 3.3744653594732203
decision_type=2 2 2 2 2 2 2 2 2 2 2 2 2 2 2 2 2 2 2 2 2 2 2 2 9 2 2 2 2 2 2 2 2 2 2 2 2 2 2 2 2 2 2 2 2 2 2 2 2 2 2 2 9 2 2 2 2 2 2 10 2 2
left_child=2 3 -1 8 18 25 41 30 16 -10 11 -11 13 15 -14 -8 27 -18 19 21 54 31 -23 -24 -5 -6 -19 28 -2 -28 -3 -4 33 -29 -15 -36 59 38 -34 -26 44 -7 -25 52 -41 46 -46 -33 58 -50 51 -45 -32 -39 55 -21 -57 -56 -31 60 61 -9
right_child=1 7 4 24 5 6 12 36 9 10 -12 -13 14 34 -16 -17 17 26 -20 20 -22 22 23 42 39 -27 29 32 -30 48 43 47 37 -35 35 -37 -38 53 -40 40 -42 -43 -44 50 45 -47 -48 -49 49 -51 -52 -53 -54 -55 57 56 -58 -59 -60 -61 -62 -63
leaf_value=-0.0075633355618241749 0.0017238048681017242 0.028603491076754261 -0.008343313117991507 0.0032802433374427031 0.0094653918741137849 -0.024393487104201968 0.0013812930169071823 0.016519674694295636 -0.0067743935578637032 0.015844006228419999 -0.0042143911197992786 0.042162233058076079 -0.0043506565796280344 -0.021120984368319773 0.02529141381838081 0.032312280557311307 -0.0011711863971550936 -0.0074910841803349877 -0.018267419427055974 0.029177057374434497 0.022815943469647236 0.027179814932211208 -0.0099438591130885726 0.015842342586917416 0.0058868784279825425 0.037777906265546592 0.029648560745728188 0.0018669873262741534 -0.017393175663555652 0.031951251843752138 0.0081275163291246819 -0.0052517149437044646 -0.00079376460597707361 -0.011514883192250726 -0.014808682650577621 0.011682677380017105 0.034162996505581404 -0.013655551684386064 0.018585135577276125 0.009528201283890753 0.0027845953885869651 -0.0036334946830529811 -0.0059547603573388815 0.012222690626413556 0.016515166360093401 0.0029895914629812898 0.031526410929584664 0.016462147722766416 0.0023005568716061931 0.023129120664662953 0.0080547352138280286 -0.0099939334322202943 0.011952860867936628 0.0048922126270675411 -0.010977434313196919 -0.013488027327415397 0.011740718399472895 0.0045899810280084982 0.0085745954504943215 0.027617798795671167 0.027480982446609587 0.0018522137497965659
leaf_weight=131241 27415 547 10988 23523 555 652 1003 1660 1458 964 954 947 805 816 1212 573 4010 570 1021 512 682 524 1655 974 30356 560 651 1438 590 566 18531 786 3074 4130 866 748 599 1329 971 3745 3856 979 551 509 2323 570 1086 602 2212 569 4056 1208 24943 643 1788 697 613 1338 509 812 646 1345
leaf_count=131241 27415 547 10988 23523 555 652 1003 1660 1458 964 954 947 805 816 1212 573 4010 570 1021 512 682 524 1655 974 30356 560 651 1438 590 566 18531 786 3074 4130 866 748 599 1329 971 3745 3856 979 551 509 2323 570 1086 602 2212 569 4056 1208 24943 643 1788 697 613 1338 509 812 646 1345
internal_value=1.84165e-05 0.00603187 -0.00638575 0.00390531 -0.00147906 0.00375269 0.000820074 0.0106233 0.00161594 0.00959768 0.0179267 0.0289621 0.00429377 -0.000342257 0.0134795 0.0126938 0.000906172 0.00566077 -0.0034977 -0.00279905 0.00266691 -0.00471306 0.00271505 -0.00135259 0.00575867 0.0237903 0.0110527 -0.000185717 0.00131802 0.0134037 0.00987393 -0.0069364 -0.00381978 -0.00806029 -0.0088056 -0.00253323 0.0179779 0.000107728 0.00387533 0.00714584 0.0104483 -0.0119816 0.00797308 0.00966301 0.0142699 0.0187153 0.0213364 0.00419125 0.0106263 0.006596 0.00465042 -0.00339151 0.010328 -0.0076107 -0.000130524 0.00704527 -0.00168276 -0.00431753 0.0209736 0.0157698 0.0131006 0.00996869
internal_weight=336056 173315 162741 118459 31500 8769 7654 54856 53000 4323 2865 1911 6023 4006 2017 1576 48677 9087 22731 21710 5630 16080 3704 3180 65459 1115 5077 39590 28005 4507 49794 12376 11585 5568 2430 1614 5062 6017 4045 41936 11580 1631 1525 49247 7724 3979 3409 1388 3856 2781 5773 1717 43474 1972 4948 1822 1310 3126 1075 4463 3651 3005
internal_count=336056 173315 162741 118459 31500 8769 7654 54856 53000 4323 2865 1911 6023 4006 2017 1576 48677 9087 22731 21710 5630 16080 3704 3180 65459 1115 5077 39590 28005 4507 49794 12376 11585 5568 2430 1614 5062 6017 4045 41936 11580 1631 1525 49247 7724 3979 3409 1388 3856 2781 5773 1717 43474 1972 4948 1822 1310 3126 1075 4463 3651 3005
cat_boundaries=0 1 2
cat_threshold=9224 9221
is_linear=0
shrinkage=0.03


Tree=86
num_leaves=63
num_cat=1
split_feature=1 1 25 13 24 27 32 16 21 1 32 18 25 34 27 27 21 13 18 13 25 27 25 27 4 31 20 18 32 31 16 24 24 3 25 25 19 25 28 24 24 31 31 31 27 25 16 24 25 27 25 24 28 28 4 24 18 25 24 27 24 16
split_gain=13791.8 1813.14 679.657 609.647 513.162 444.823 426.622 327.503 312.351 307.913 305.644 284.335 274.993 215.101 217.383 310.177 272.657 299.358 249.064 226.673 297.62 282.979 324.774 222.814 213.723 225.792 213.331 451.567 336.798 336.268 229.593 233.255 208.148 339.875 295.287 314.706 360.188 265.777 205.498 195.391 410.796 189.695 188.873 229.254 186.707 324.548 227.243 205.842 180.436 270.128 178.1 322.166 174.104 172.902 163.688 163.683 168.595 684.101 403.536 241.412 185.474 163.332
threshold=0.54255517987695989 2.8903861342717225 1.804996410614528 1.7175732316233105 -0.99815866078541837 0.14139784946236564 -0.47124730910541818 19.900000000000002 67.294359006819505 4.7568862410327446 0.048690000510210225 5.8386826694889224 9.8289952270566463 0 0.039247311827956995 0.032795698924731186 11.930268354133128 2.1367181255442387 620.70319082336437 2.5162511653549617 2.7207239525092226 0.0059139784946236574 11.071099351923314 0.019892473118279574 2.6053409192833752 3.1305551825017743 33.850165295507999 41.853209403187257 -0.69802505833225259 0.79512287308405094 19.900000000000002 -0.8905837001257676 -0.26296220265651482 0.14405326918305214 0.28643874280475162 0.72535584729605473 5.2450690341885755 0.3899999204982994 1.2496530900440923 -0.99374406038856444 -0.99168614031016833 2.2624678568386565 2.8269569663598695 2.9155508854258048 0.0048387096774193559 5.4432581040807966 11.150000000000002 -0.22131713103510575 15.209368191923827 0.022043010752688174 3.0044940699012055 -0.40043915342903252 2.3513878575907792 -0.24753425905115764 0.43866707687222312 -0.99904236206516772 61.802080506506194 21.715632455475554 -0.91968655568559032 0.051075268817204304 -0.95517546204608139 19.900000000000002
decision_type=2 2 2 2 2 2 2 2 2 2 2 2 2 9 2 2 2 2 2 2 2 2 2 2 2 2 2 2 2 2 2 2 2 2 2 2 2 2 2 2 2 2 2 2 2 2 2 2 2 2 2 2 2 2 2 2 2 2 2 2 2 2
left_child=2 3 32 7 -4 13 11 10 44 24 38 -6 -12 -5 15 18 17 -16 19 -15 -21 61 23 -23 25 53 30 50 48 -30 -13 -32 33 -1 -35 36 37 -36 42 -26 -41 -7 -2 -44 47 -46 -47 -8 49 -29 -28 -52 -42 -3 -34 -18 57 58 60 -58 -57 -22
right_child=1 9 4 5 6 41 8 -9 -10 -11 12 26 -14 14 16 -17 55 -19 -20 20 21 22 -24 -25 39 -27 27 28 29 -31 31 -33 54 34 35 -37 -38 -39 -40 40 52 -43 43 -45 45 46 -48 -49 -50 -51 51 -53 -54 -55 -56 56 59 -59 -60 -61 -62 -63
leaf_value=-0.0072226586076983923 0.0020426069727380626 0.012297291420203769 0.023347142250327954 0.0008543116055758352 0.0081455369918505549 0.037439192957287704 -0.0096371175972874944 -0.0065938457894720078 -0.0065934990914828561 0.022967889432798608 0.0063425961064061355 -0.0089155277201144936 0.026959503625340307 0.0057188795992194601 -0.0040752754557248196 -0.0042892042439875468 0.030229209436573885 0.010632554396543968 0.001522713868518493 0.033402630727731197 -0.0034378230548071272 0.014995829573419758 0.0035457979930980064 0.032997186218017137 0.005733647991456114 -0.002209901025751844 -0.0059748928030503206 -0.0064547884545669443 0.027601898435903133 -0.0034851896337795194 0.016067982475248214 -0.0047138166195172969 -0.0079163809649029897 -0.012174799860088211 0.0098867348252312456 -0.0049775742046755111 -0.00015904677197258604 0.037879582337826491 -0.0031053116216200583 0.03375806815825614 0.012404436339997948 0.013210536710007794 0.02903190139749922 0.0010756945496363918 0.034375147270236328 0.016667973542380674 -0.005156148048291175 0.011136304965843271 0.00963056499356677 -0.025368372870622009 -0.0054850014852931032 0.018488718844705144 0.0011288485306272954 0.0060354883383665504 -0.012698355713583936 0.012789363332158245 0.0088502668149106189 -0.019111947410646823 0.028959783757221445 0.025880264615949455 -0.0099068081903545928 0.014681958915752344
leaf_weight=12522 49204 6711 636 7383 1443 531 836 3886 1777 1708 6653 16225 634 19806 2073 2836 510 3107 8492 531 1656 2228 1641 863 4505 1946 691 11063 526 761 663 1780 88904 985 606 1367 991 620 7200 790 24802 655 516 536 537 1052 720 872 568 720 719 1671 1298 9753 6958 859 1466 670 1053 1544 514 608
leaf_count=12522 49204 6711 636 7383 1443 531 836 3886 1777 1708 6653 16225 634 19806 2073 2836 510 3107 8492 531 1656 2228 1641 863 4505 1946 691 11063 526 761 663 1780 88904 985 606 1367 991 620 7200 790 24802 655 516 536 537 1052 720 872 568 720 719 1671 1298 9753 6958 859 1466 670 1053 1544 514 608
internal_value=1.96095e-05 0.0057001 -0.00649558 0.00378274 -0.00329752 0.00601813 -0.00369778 0.00185984 0.00386675 0.0104507 0.00236771 -0.00488818 0.00815361 0.00564387 0.00634311 0.00525544 0.00990956 0.00474833 0.00601151 0.00740559 0.0118371 0.0101776 0.0143474 0.0200669 0.0100192 0.00744889 -0.00542074 -0.00295808 -0.0053015 0.00927783 -0.0076249 0.000947406 -0.00772021 -0.00466796 0.00233381 0.00633265 0.013302 0.0241393 0.00163325 0.011525 0.012494 0.0241699 0.00231237 0.0148605 0.00849649 0.0140498 0.00781083 0.000970066 -0.00682384 -0.00762077 0.00740681 0.0112801 0.011844 0.00859086 -0.00826412 0.0139439 0.0125601 0.00762569 0.0150341 0.0176144 0.00428765 0.0014499
internal_weight=335381 179168 156213 127655 43260 59026 42624 68629 5794 51513 64743 36830 7287 57840 50457 38661 11796 5180 35825 27333 7527 6996 4732 3091 49805 18410 35387 16719 13638 1287 18668 2443 112953 17091 4569 3584 2217 1226 57456 31395 26890 1186 50256 1052 4017 2309 1772 1708 12351 11783 3081 2390 26100 16464 95862 6616 6106 3096 2426 3010 1373 2264
internal_count=335381 179168 156213 127655 43260 59026 42624 68629 5794 51513 64743 36830 7287 57840 50457 38661 11796 5180 35825 27333 7527 6996 4732 3091 49805 18410 35387 16719 13638 1287 18668 2443 112953 17091 4569 3584 2217 1226 57456 31395 26890 1186 50256 1052 4017 2309 1772 1708 12351 11783 3081 2390 26100 16464 95862 6616 6106 3096 2426 3010 1373 2264
cat_boundaries=0 1
cat_threshold=1024
is_linear=0
shrinkage=0.03


Tree=87
num_leaves=63
num_cat=1
split_feature=3 3 5 5 34 27 5 7 13 20 26 24 32 26 24 23 25 23 21 29 16 23 21 24 24 29 31 23 16 25 25 24 25 24 26 27 23 26 7 25 26 26 31 20 5 20 3 3 5 20 24 32 23 26 24 23 5 24 25 25 24 20
split_gain=12722 1471.97 1041.3 666.97 462.782 415.802 489.808 387.837 348.658 324.314 342.512 314.238 290.106 362.513 381.741 322.537 277.71 356.536 501.271 265.624 649.111 1917.14 348.335 327.945 387.173 353.486 396.931 329.019 294.671 239.965 404.067 373.908 368.003 280.225 236.042 286.467 276.954 257.674 249.241 371.089 255.357 232.35 225.429 222.435 221.144 218.619 215.648 214.446 208.698 194.92 511.759 269.45 254.734 308.649 473.165 308.148 317.195 246.303 446.225 217.693 386.159 426.486
threshold=1.1722303380587975 2.5444738851146274 0.25066551293022382 0.4936675123750483 0 0.19838709677419356 0.47241611350734464 2.6677144347273214 1.2350018859849314 38.810513370996993 8.1460600376129104 -0.99815866078541837 1.0000000180025095e-35 41.307750892639156 0.56532384738233976 0.52941438753421288 1.6179563127159702 0.99863729997741479 21.691890221558243 0.48094855920436314 11.800000000000002 -0.46995942967050158 17.40217106970557 -0.99550911953113219 -0.9770278626699701 -0.44453435048290696 3.0525216696352762 -0.29591579977684229 13.800000000000002 5.4432581040807966 4.6226027886152918 -0.33662488294938414 11.731483685145136 -0.66012780149078443 60.8990795135498 0.027419354838709682 -0.11988119229922731 62.006820201873772 9.5252827461752556 24.661279086444171 109.89785137176511 90.308894157409668 2.8374383774821381 29.947675969211883 -0.38496190151124315 24.202394163978258 2.8603421449851294 0.29390468051368152 -0.0058386854854826078 41.264788150328762 -0.91281223188962002 0.05616174456218196 -0.66655057241353222 70.225576591491702 -0.6729242335534279 -0.31226905285971468 -0.19959347246256301 0.49252992309759819 7.8804388746779468 11.989367580838422 -0.99550911953113219 11.399854398661221
decision_type=2 2 2 2 9 2 2 10 2 2 2 2 2 2 2 2 2 2 2 2 2 2 2 2 2 2 2 2 2 2 2 2 2 2 2 2 2 2 8 2 2 2 2 2 2 2 2 2 2 2 2 2 2 2 2 2 2 2 2 2 2 2
left_child=2 3 16 7 44 6 12 9 11 10 -2 -9 15 14 -14 34 -1 -18 -19 23 21 -21 -22 -15 48 26 28 -27 -26 30 31 33 43 45 35 -6 -37 -36 39 41 -40 -39 -13 -31 -3 -12 -38 -4 -25 52 -51 -52 53 54 -10 56 -54 -56 -59 60 -57 -62
right_child=1 4 47 -5 5 -7 -8 8 49 -11 29 42 13 19 -16 -17 17 18 -20 20 22 -23 -24 24 25 27 -28 -29 -30 32 -32 -33 -34 -35 37 36 46 38 40 -41 -42 -43 -44 -45 -46 -47 -48 -49 -50 50 51 -53 55 -55 57 59 -58 58 -60 -61 61 -63
leaf_value=-0.0075312626285713967 -0.0044165781077648387 -0.010363347035342934 -0.0045896996177139694 0.0081785627691316025 0.0062680490078115443 0.018883581425241939 0.014306617603938128 0.016341797168068238 0.02799827837861309 -0.0038684502437953804 0.026766413520309416 -0.0042473375051657915 0.0037215625967773757 0.030588298894256485 0.026070721108607042 0.026180874920344026 -0.0051187786593697524 0.026017108450557765 -0.010524708741547794 0.070512733025589788 0.0016197704758269191 0.00014241657554458229 0.024974994641907562 -0.01646911537615715 0.00079392678424775173 0.0029280233339486644 0.031709955055492317 0.014420736617363823 0.027749937152119857 -0.01927931548745784 0.03757596710931406 -0.0033493636346186026 0.022892302840161534 0.038274132352249371 0.026943251971485078 0.0012190333862162291 -0.006248115504697613 0.014864422149353605 0.0063911465155418604 0.028650001279220669 -0.0055237844018078243 -0.010004729327846823 0.011998710164924615 0.0068699084710411862 0.0040544151385765509 0.0025497265997577391 -0.029323130122602903 0.0024572393933563041 0.0077255510166348981 0.030472149916660952 -0.003844980994258946 0.01952329188114163 -0.012261129978906845 -0.015952031632113867 0.0026402182359293478 -0.014944970887614272 0.00047182349826608238 0.0061992682556098995 0.036135474281235862 0.0067099136573769971 0.023404751168208844 -0.00063249791332787545
leaf_weight=107490 1071 1096 5297 19218 4352 4107 12828 751 754 1636 590 15517 9473 692 737 651 37326 786 586 701 1574 688 901 741 1082 4931 1398 4111 546 523 789 847 677 563 560 2670 1012 845 10838 1036 1899 557 804 653 7346 772 568 14553 559 790 1643 603 3345 665 18614 1458 3711 2259 555 5571 744 5874
leaf_count=107490 1071 1096 5297 19218 4352 4107 12828 751 754 1636 590 15517 9473 692 737 651 37326 786 586 701 1574 688 901 741 1082 4931 1398 4111 546 523 789 847 677 563 560 2670 1012 845 10838 1036 1899 557 804 653 7346 772 568 14553 559 790 1643 603 3345 665 18614 1458 3711 2259 555 5571 744 5874
internal_value=3.08593e-05 0.00581247 -0.00587116 0.00321557 0.00882243 0.00962156 0.00904484 0.00188631 0.00109837 0.00805829 0.0110678 -0.00256871 0.00777299 0.00986265 0.00534679 0.00541874 -0.00674658 -0.0045663 0.0104281 0.0124328 0.0194018 0.0357824 0.0101552 0.0105113 0.009461 0.0111365 0.0200074 0.00815834 0.00989174 0.0141321 0.0186844 0.0132493 0.00535709 0.0205424 0.0048581 0.000861429 -0.00467581 0.00704203 0.00629899 0.0150785 0.00461324 0.00498372 -0.0034436 -0.00479177 0.002175 0.0130996 -0.0146098 0.000576072 -0.00607567 0.00244234 0.00978592 0.0024583 0.00192934 0.00411308 0.00471807 -0.000480964 -0.00556883 0.00389256 0.0121572 0.00215072 -0.000996509 0.00208541
internal_weight=335534 169496 166038 90997 78499 70057 65950 71779 63658 8121 6485 17072 53122 28134 10210 24988 146188 38698 1372 17924 3864 1389 2475 14060 13368 12068 3026 9042 1628 5414 3561 2772 1853 1925 24337 8602 4250 15735 15175 2438 12737 1402 16321 1176 8442 1362 1580 19850 1300 46586 3036 2246 43550 22847 22182 20703 7056 21428 2814 13647 8076 6618
internal_count=335534 169496 166038 90997 78499 70057 65950 71779 63658 8121 6485 17072 53122 28134 10210 24988 146188 38698 1372 17924 3864 1389 2475 14060 13368 12068 3026 9042 1628 5414 3561 2772 1853 1925 24337 8602 4250 15735 15175 2438 12737 1402 16321 1176 8442 1362 1580 19850 1300 46586 3036 2246 43550 22847 22182 20703 7056 21428 2814 13647 8076 6618
cat_boundaries=0 1
cat_threshold=1024
is_linear=0
shrinkage=0.03


Tree=88
num_leaves=63
num_cat=4
split_feature=1 13 1 24 2 34 24 32 29 27 34 1 1 24 22 23 23 16 32 32 32 32 26 26 23 23 26 23 24 30 16 7 23 23 18 32 24 26 24 9 29 24 23 29 16 19 21 4 23 7 24 24 23 26 23 13 19 26 19 23 26 26
split_gain=11960.7 1405.52 1094.9 447.544 387.75 356.654 339.414 318.638 383.023 290.706 234.816 239.133 220.593 217.473 317.504 381.407 548.98 353.344 314.075 242.316 376.588 260.676 215.597 216.535 214.585 424.455 410.772 492.918 253.199 379.279 357.617 232.825 205.002 199.044 239.891 345.162 319.673 197.334 272.187 223.677 213.635 183.41 523.48 433.777 365.627 332.351 182.961 171.473 177.113 170.727 340.762 202.227 402.907 164.355 151.858 147.775 186.147 251.558 204.589 184.412 142.801 139.189
threshold=1.1164056565574854 0.65142441667093498 3.0758878545817185 -0.99904236206516772 2.8762312154647005 0 -0.99992632385251334 1.0000000180025095e-35 2.1142041144276411 0.075806451612903239 1 4.5460697963682248 0.076971383817173611 0.77873524214322021 2 -0.99466323211226826 -0.99054754357789199 9.9500000000000011 -0.30029884188365513 0.24518045937069424 0.05616174456218196 -0.17538335254684881 120.94294319152829 109.89785137176511 -0.97516411509186662 -0.9092740615363033 38.198669528961169 -0.94723957588908092 -0.95517546204608139 3 9.7500000000000018 5.1891183209953349 -0.9998158143810113 0.87857987807829374 34.322326282870968 -0.93199151096385047 0.47751829461125783 76.230785751342765 -0.99963164097526602 -0.18496301772959087 0.89796728421301197 -0.77873524214321999 0.58637393129089799 0.48094855920436314 18.450000000000003 10.425197840915478 8.994074534893775 2.039346250479757 -0.55822315702467107 2.4895739395974492 -0.8982586596074329 -0.66012780149078443 0.81499831288977631 78.845744132995605 0.37671401544963079 2.9913362989594083 4.0082591277779072 34.751036167144747 1.8147540035069032 -0.26295251545706949 16.648247575759886 95.274362564086871
decision_type=2 2 2 2 2 9 2 2 2 2 9 2 2 2 1 2 2 2 2 2 2 2 2 2 2 2 2 2 2 1 2 10 2 2 2 2 2 2 2 8 2 2 2 2 2 2 2 2 2 8 2 2 2 2 2 2 2 2 2 2 2 2
left_child=1 12 5 -3 13 54 -7 22 9 41 -4 -12 -1 14 15 17 -17 -5 24 20 21 -20 23 32 -18 26 -26 -28 31 30 46 -27 -8 34 -32 -36 -37 38 -34 53 -40 42 43 55 -45 -43 -30 48 -31 50 -16 -52 -53 -39 -2 56 58 -58 59 -9 -54 -41
right_child=2 3 10 4 -6 6 7 8 -10 -11 11 -13 -14 -15 49 16 18 -19 19 -21 -22 -23 -24 -25 25 28 27 -29 29 47 33 -33 37 -35 35 36 -38 39 40 61 -42 45 -44 44 -46 -47 -48 -49 -50 -51 51 52 60 -55 -56 -57 57 -59 -60 -61 -62 -63
leaf_value=-0.0072422004635204736 -0.0010100912323316277 0.020436578893698525 0.0059793271051750262 0.0087473101367389668 0.021285744207184109 0.028546631576032034 0.020833669322622695 -0.0034337865224854662 0.027509210956291497 0.029703331856714449 0.010738140600575066 0.019773543471841418 -0.0040980051348315054 -0.0066168112720062545 0.021933896495402432 0.033209530407828466 -0.011053435122676952 -0.020554170205108239 0.019132081345226114 -9.7534214791960969e-05 0.0327092831143517 -0.0016990415886892767 0.018242061770794221 -0.011256431381089031 -0.006998557065165876 0.027117809024923591 0.0092793520576325735 0.046150052422757069 -0.0014196114537325649 -0.019187473771256531 0.01725720450917876 0.002251325805498547 -0.013373758715825435 -0.011879594672602531 -0.014966871428740529 0.023209152678482284 -0.0082665909654401383 0.01916747924093215 0.0044988025965095818 0.012347083286426854 -0.00019601016446508902 0.0062187196229460647 0.035564874507528925 0.036361077471572738 0.0046917996400537652 -0.012344252967085065 0.015568458752747583 0.00037621406533311488 -0.0022119597580150781 -0.0050420878244338664 -0.01431371693688409 0.025796676317367692 0.0027973750809200805 0.0026663557830434751 0.0071239773133265696 -0.010227597427329626 0.0024158942717908611 0.029833828441138344 -0.0056093517259220016 0.018687889695690209 -0.015609710272199907 0.030472975492257064
leaf_weight=112112 12360 876 8798 527 679 560 643 552 863 505 30541 2890 24493 6375 644 517 1420 1223 996 1683 734 1174 945 839 591 503 900 510 830 1909 641 1021 862 1659 1157 602 553 635 44058 1342 10876 19024 700 787 563 905 1815 980 780 14674 856 517 939 3610 2475 575 615 587 1555 869 630 536
leaf_count=112112 12360 876 8798 527 679 560 643 552 863 505 30541 2890 24493 6375 644 517 1420 1223 996 1683 734 1174 945 839 591 503 900 510 830 1909 641 1021 862 1659 1157 602 553 635 44058 1342 10876 19024 700 787 563 905 1815 980 780 14674 856 517 939 3610 2475 575 615 587 1555 869 630 536
internal_value=-2.23389e-05 -0.00511613 0.00627468 -0.000752316 -0.00114079 0.00467079 0.00535952 0.00521811 0.0078834 0.00725663 0.0103695 0.0115186 -0.00667862 -0.00146453 -0.000662408 0.00170428 0.00282851 -0.0117305 0.00205282 0.00896245 0.0142043 0.00788416 0.00405365 0.00384074 5.36213e-05 0.00114848 0.0139551 0.0227315 -0.000914614 -0.0025137 0.0014615 0.0105204 0.00404409 -0.0035815 0.00109258 -0.00341662 0.00816827 0.00386807 0.00330644 0.00897902 0.00356938 0.00682711 0.0110801 0.00824499 0.0232199 0.00537287 0.010245 -0.0103676 -0.0142766 -0.00360642 0.00225715 -0.00207998 0.00296242 0.00515437 0.000348666 0.00397173 0.00593581 0.0158736 0.00190205 0.0101126 -0.00461972 0.0175876
internal_weight=335590 185520 150070 48915 48039 107841 93006 92446 28100 27237 42229 33431 136605 47360 40985 22725 20975 1750 20458 4587 2904 2170 64346 63401 15871 14451 2001 1410 12450 10926 7257 1524 62562 4612 2953 2312 1155 61919 55796 6123 54934 26732 6803 6103 1350 19929 2645 3669 2689 18260 3586 2942 2086 4245 14835 4753 4178 1202 2976 1421 1569 1878
internal_count=335590 185520 150070 48915 48039 107841 93006 92446 28100 27237 42229 33431 136605 47360 40985 22725 20975 1750 20458 4587 2904 2170 64346 63401 15871 14451 2001 1410 12450 10926 7257 1524 62562 4612 2953 2312 1155 61919 55796 6123 54934 26732 6803 6103 1350 19929 2645 3669 2689 18260 3586 2942 2086 4245 14835 4753 4178 1202 2976 1421 1569 1878
cat_boundaries=0 1 2 3 4
cat_threshold=1024 1025 17 1
is_linear=0
shrinkage=0.03


Tree=89
num_leaves=63
num_cat=3
split_feature=1 13 1 25 24 34 2 24 13 16 21 27 20 27 4 7 17 25 25 24 24 22 1 29 30 29 32 28 32 18 9 7 25 24 29 32 32 29 31 25 32 24 31 24 9 16 25 25 27 27 24 31 4 31 13 20 29 27 1 29 28 13
split_gain=11643.7 1364.28 1026.23 483.964 945.795 350.873 289.765 277.1 238.08 238.92 255.693 300.712 236.807 236.214 235.499 233.225 240.838 326.583 601.831 280.046 405.868 278.604 224.315 217.385 213.791 219.201 416.136 241.199 201.314 190.934 170.268 169.202 287.022 675.151 292.463 299.47 289.005 181.71 307.267 175.31 452.758 349.592 243.914 168.254 167.202 163.026 303.31 773.392 156.9 155.771 159.708 155.748 218.411 210.476 219.585 227.671 206.746 188.726 152.637 150.093 149.337 170.735
threshold=1.1164056565574854 0.50036288018622044 3.0758878545817185 16.851755244336946 -0.77873524214321999 0 3.8496418630048228 -0.99992632385251334 1.9429170361536097 19.175000000000004 66.757736584289049 0.023118279569892475 38.810513370996993 0.0048387096774193559 1.7659314008488878 18.174740576548562 74.250000000000014 24.661279086444171 27.273474553644018 -0.98053927088909909 -0.9770278626699701 1 4.9529772614864394 -0.27066667311499176 2 0.48094855920436314 -0.045327476804668969 0.81046234777234438 -1.0769862131878936 583.03248182830828 0.38204547272986228 2.0053616157343561 7.9703137812835569 0.32041146939831461 0.1836773534595661 -0.68357624697897257 -0.91968282992968209 0.93687901452292721 1.0818528414148907 4.4353519155253336 -1.1259900067348807 -0.73968886086496677 0.89948300900174893 -0.60703521118548998 -0.30372820514072474 16.350000000000005 21.432323311697896 18.611174346718901 0.01666666666666667 0.05000000000000001 -0.66012780149078443 2.5198552561683587 2.6989280214237259 3.108108539302378 2.5311571832376303 37.232655154541476 -0.31100317859427024 0.01666666666666667 0.065731805639918886 0.1425018753733748 0.17403444191868409 1.9811421952891564
decision_type=2 2 2 2 2 9 2 2 2 2 2 2 2 2 2 10 2 2 2 2 2 1 2 2 1 2 2 2 2 2 10 10 2 2 2 2 2 2 2 2 2 2 2 2 10 2 2 2 2 2 2 2 2 2 2 2 2 2 2 2 2 2
left_child=1 58 5 8 12 -2 7 -7 31 10 11 13 -5 30 29 16 17 45 -19 21 -21 -18 44 -11 25 43 -27 -28 -20 49 -10 39 -33 34 -34 36 37 38 -36 41 -41 -3 -42 -22 -4 60 47 -47 -23 -9 -51 52 -26 54 55 -53 -56 -58 -1 -31 61 -16
right_child=2 3 22 4 -6 6 -8 14 9 23 -12 -13 -14 -15 15 -17 19 18 28 20 24 48 -24 -25 51 26 27 -29 -30 59 -32 32 33 -35 35 -37 -38 -39 -40 40 42 -43 -44 -45 -46 46 -48 -49 -50 50 -52 53 -54 -55 56 -57 57 -59 -60 -61 -62 -63
leaf_value=-0.0071132268004429526 0.0004349143756611805 0.020367872767746802 0.011691130662564947 0.015689935436671739 -0.011293287656579325 0.026409576018416397 0.026278494696220882 0.0055579067629127335 -0.0083162547874418916 0.028867912555808999 -0.0075461633711683502 -0.0097168056531608746 0.037980512863619038 0.014921074429553385 0.013901122870670853 0.0018715746733266917 0.019100671888132078 0.047964345251517222 0.024297531580607153 0.032562759169454281 0.0041082057374231627 -0.016559769199543557 0.025292021125454874 0.0040733044199687549 0.0088716665556996099 0.0033772806227754062 0.039869360589799292 0.012549957807049534 -5.4794540528576804e-05 0.0034912764966114691 0.010798517359993097 -0.0054533525760430595 -0.0083028396217193975 0.028094321465901829 0.00048374270835228596 0.019115360037640583 -0.018833737648677011 -0.0046978198002405108 0.025596805991779804 -0.0070230011434536605 0.036936470859938508 -0.0026749485959064239 0.0082479826547689674 -0.0041379088994542325 0.007865263611122766 0.0062166682519161883 -0.012480149487358186 0.043499521081422882 -0.0011817980100503141 0.0017419687998886865 -0.015977982489689801 -0.00303313607711391 -0.0046484224415350725 0.00012934049348297232 0.0087850666298147501 0.022613761562106947 0.021298113395588167 0.044810818864096859 -0.0043016765613202142 -0.0033654475267054255 0.0024611879546479788 0.035312479208825978
leaf_weight=108401 14843 629 22191 1320 1136 550 590 22496 958 552 2290 1040 641 2186 1000 8706 505 568 542 540 8983 750 869 747 8307 2426 536 644 692 5756 738 23731 3466 744 1266 858 636 1506 666 902 501 9064 572 2956 19263 7883 659 530 2860 2141 577 723 1232 764 556 541 794 517 20731 5727 513 509
leaf_count=108401 14843 629 22191 1320 1136 550 590 22496 958 552 2290 1040 641 2186 1000 8706 505 568 542 540 8983 750 869 747 8307 2426 536 644 692 5756 738 23731 3466 744 1266 858 636 1506 666 902 501 9064 572 2956 19263 7883 659 530 2860 2141 577 723 1232 764 556 541 794 517 20731 5727 513 509
internal_value=6.78577e-05 -0.00496459 0.00627404 -0.00106052 0.0104574 0.00472092 0.00540376 0.00526976 -0.00173382 0.00286248 0.000725275 0.00457738 0.0230542 0.00841441 0.00514185 0.00637953 0.0072227 0.0107088 0.0225435 0.00588465 0.00690658 -0.00144566 0.0102332 0.0146799 0.00642296 0.00402551 0.0105025 0.0250753 0.0106962 0.0032783 8.66845e-06 -0.00261231 -0.00371377 0.000802395 -0.00163074 0.00306178 -0.00033845 0.0031054 0.00918446 0.000491151 0.0086258 -0.00116992 0.0217523 0.00206566 0.00991448 0.00877724 0.00705327 0.00858985 -0.00438303 0.00473839 -0.0020422 0.00919462 0.00712397 0.0142501 0.01769 0.00798975 0.0242184 0.0307055 -0.00666204 7.15963e-05 0.0164756 0.0212161
internal_weight=335520 185281 150239 56149 3097 107916 93073 92483 53052 8511 7212 4922 1961 3882 91933 55236 46530 12896 1802 33634 29519 4115 42323 1299 28979 15545 3606 1180 1234 36697 1696 44541 32873 9142 8398 4932 4074 3438 1932 11668 1975 9693 1073 11939 41454 11094 9072 8413 3610 25214 2718 13434 9539 3895 3131 1264 1867 1311 129132 11483 2022 1509
internal_count=335520 185281 150239 56149 3097 107916 93073 92483 53052 8511 7212 4922 1961 3882 91933 55236 46530 12896 1802 33634 29519 4115 42323 1299 28979 15545 3606 1180 1234 36697 1696 44541 32873 9142 8398 4932 4074 3438 1932 11668 1975 9693 1073 11939 41454 11094 9072 8413 3610 25214 2718 13434 9539 3895 3131 1264 1867 1311 129132 11483 2022 1509
cat_boundaries=0 1 2 3
cat_threshold=1024 20 2
is_linear=0
shrinkage=0.03


Tree=90
num_leaves=63
num_cat=1
split_feature=1 1 13 13 24 5 5 25 2 24 18 24 23 23 31 3 16 31 25 25 23 16 23 26 23 5 34 13 13 24 23 21 31 31 16 26 3 25 31 29 3 5 16 18 23 23 16 26 23 26 25 18 25 26 5 9 29 17 2 18 24 3
split_gain=10781.1 1481.81 621.224 489.357 449.074 342.578 341.94 333.338 258.518 240.59 357.289 302.403 310.495 301.487 281.482 1014.08 271.882 250.335 224.125 339.611 447.537 206.453 633.314 447.186 284.045 211.67 201.649 200.753 196.79 285.19 335.296 238.824 226.716 276.03 221.58 191.604 187.163 388.599 237.772 378.183 184.843 183.398 188.557 183.181 182.036 177.248 175.171 174.773 172.893 163.562 230.87 163.436 170.618 298.689 161.075 160.369 158.138 157.382 199.594 153.283 182.413 152.552
threshold=0.54255517987695989 2.8742003996605909 1.515828391517611 1.2350018859849314 -0.99992632385251334 1.6809837296058974 0.9404831572293777 4.8798862397069902 3.7675879926273343 -0.21294651993841582 691.9795920360566 -0.79980977965991029 0.77332218843568057 0.17927415433127167 0.6942956784626414 0.31115071339933803 19.550000000000004 1.7857814716702218 6.5222570340880148 4.4353519155253336 0.86167001593038561 10.650000000000002 0.99863729997741479 28.373944044113149 -0.86167001593038528 -0.10990597964527492 0 0.68078351398014003 2.6424342885236047 -0.9770278626699701 -0.69174588062027931 16.481004488134428 2.5280520195768137 2.9544419894659817 18.825000000000006 24.184599447250346 2.4298701743888609 13.39716470928923 1.2242137077970507 -0.52314160177553781 4.2180701096071482 -0.39432437951110638 11.500000000000002 691.9795920360566 -0.9998158143810113 0.57238288608965349 11.800000000000002 62.006820201873772 0.17927415433127167 120.94294319152829 31.36160236623499 620.70319082336437 1.6179563127159702 19.45810585021972 0.3123351487687428 -0.59886345488170767 -0.24941308496537293 73.750000000000014 0.80647585948073652 691.9795920360566 0.50739640075491554 2.5776907768924446
decision_type=2 2 2 2 2 2 2 2 2 2 2 2 2 2 2 2 2 2 2 2 2 2 2 2 2 2 9 2 2 2 2 2 2 2 2 2 2 2 2 2 2 2 2 2 2 2 2 2 2 2 2 2 2 2 2 10 2 2 2 2 2 2
left_child=2 3 9 6 -5 26 36 51 28 10 11 16 14 17 15 -13 -1 -12 19 46 -21 22 23 -11 -25 -23 -3 -18 44 47 34 32 -32 -34 -31 -16 38 -38 -2 48 54 43 -43 -41 -6 -15 -14 -30 -40 50 -46 52 -4 -54 -28 -56 -33 -37 -59 60 -9 -58
right_child=1 5 7 4 8 -7 -8 59 -10 21 13 12 18 45 35 -17 27 -19 -20 20 -22 25 -24 24 -26 -27 40 -29 29 30 31 56 33 -35 -36 57 37 -39 39 41 -42 42 -44 -45 49 -47 -48 -49 -50 -51 -52 -53 53 -55 55 -57 61 58 -60 -61 -62 -63
leaf_value=-0.015547693730117718 0.0012201184179320417 0.0052553066973815652 -0.013133441556606833 0.031489974001560471 0.017655762642619328 0.022023457435248993 0.007818600870755683 0.0027652872963720579 0.024459891803307855 -0.0066826595838034844 0.0036797856073744282 -0.0056217019919627452 -0.013106219144614776 -0.013672963774382985 -0.0087635453225342174 0.035672190728912825 -0.008411956222394287 0.029087284511694924 -0.023085052518519611 -0.0090039012496313155 0.027482131986340322 -0.013759388942180074 0.018643176319141211 0.001082288109499369 0.02805194936033403 -0.0072480938877105914 0.0070409422048865137 0.012480934510016828 -0.013566640202800536 0.0018741330181931892 0.013010339526365067 -0.00082752663732345332 0.047608766329996041 0.016983639799875508 0.020914736810800676 -0.010777995878376157 0.021791276836574097 -0.0084127531096774618 0.023148357030555084 -0.0032602469214879264 0.015692002122844464 -0.0021096335037523329 -0.010128775256554827 0.01662548779099084 0.0035840599374085324 0.0020944281989791012 -0.0050720551017005436 0.0071636344028012632 0.0018642464938287764 0.019417812970142393 -0.012603428297695887 -0.015457122145655569 0.016107367820875781 -0.0059017907572734172 0.015399529390014001 0.0092190315738667518 0.023647432817695171 -0.0015425275734242863 0.016297459360551002 0.020836831555624571 0.021702106531277486 0.0065313240058262551
leaf_weight=4247 19035 11174 824 549 826 1834 5088 4422 569 20429 791 1409 2908 811 2436 857 1335 622 658 576 628 4762 1020 1099 512 80385 17160 594 821 4394 1087 909 539 533 624 615 941 641 591 1304 4337 4354 6707 607 72122 2999 15236 653 813 574 797 980 907 1413 5468 12369 864 1289 998 592 506 1029
leaf_count=4247 19035 11174 824 549 826 1834 5088 4422 569 20429 791 1409 2908 811 2436 857 1335 622 658 576 628 4762 1020 1099 512 80385 17160 594 821 4394 1087 909 539 533 624 615 941 641 591 1304 4337 4354 6707 607 72122 2999 15236 653 813 574 797 980 907 1413 5468 12369 864 1289 998 592 506 1029
internal_value=2.4537e-05 0.0050493 -0.00571945 0.00329808 0.00456295 0.00929668 0.000555789 0.00165609 0.00438992 -0.00620265 -0.00418181 -0.0053106 -0.00396689 0.00311809 0.00119286 0.0100398 -0.0113096 0.0149272 -0.00592784 -0.00533854 0.010062 -0.00693095 -0.00441129 -0.00548223 0.00971393 -0.00761304 0.00883242 -0.00196274 0.00425536 0.00791566 0.00973457 0.0152618 0.0227558 0.0325314 0.00426034 -0.00256857 -0.000501193 0.00956516 -0.000979192 -0.00389067 0.00984397 -0.00549226 -0.00697454 0.00308306 0.00369079 -0.00127535 -0.00636297 -0.0043897 0.0108739 0.00353265 0.00340628 -0.00479334 -0.00145012 0.00271879 0.00911993 0.0111175 0.0094573 0.00263776 0.00626105 0.00647444 0.00472972 0.0143851
internal_weight=336173 179313 156860 126971 86890 52342 40081 9644 86341 147216 39009 33786 27610 5223 7604 2266 6176 1413 20006 19348 1204 108207 23060 22040 1611 85147 50508 1929 85772 11453 9979 4961 2159 1072 5018 5338 34993 1582 33411 14376 39334 12972 11061 1911 74319 3810 18144 1474 1404 73493 72919 4124 3144 2320 34997 17837 2802 2902 2287 5520 4928 1893
internal_count=336173 179313 156860 126971 86890 52342 40081 9644 86341 147216 39009 33786 27610 5223 7604 2266 6176 1413 20006 19348 1204 108207 23060 22040 1611 85147 50508 1929 85772 11453 9979 4961 2159 1072 5018 5338 34993 1582 33411 14376 39334 12972 11061 1911 74319 3810 18144 1474 1404 73493 72919 4124 3144 2320 34997 17837 2802 2902 2287 5520 4928 1893
cat_boundaries=0 1
cat_threshold=1025
is_linear=0
shrinkage=0.03


Tree=91
num_leaves=63
num_cat=1
split_feature=1 13 1 25 23 34 23 5 2 25 27 25 23 31 32 29 23 25 23 26 16 16 6 23 16 23 25 13 23 23 23 31 16 4 29 19 31 23 23 23 28 4 27 23 13 32 13 5 25 26 26 13 32 23 23 16 31 31 3 5 16 25
split_gain=10243.9 1070.21 884.684 449.689 918.931 317.086 309.441 252.486 237.151 233.742 512.784 381.865 591.974 801.794 525.053 458.579 422.01 268.169 264.392 252.901 261.352 349.887 225.053 227.384 209.371 482.306 743.739 341.058 338.662 248.059 210.711 216.079 203.123 210.945 236.25 227.324 215.127 212.942 459.273 533.924 397.116 202.28 196.869 195.065 193.245 188.355 187.1 183.942 182.713 180.628 177.808 201.378 189.872 177.539 321.355 208.014 177.116 188.679 251.784 184.237 175.53 164.548
threshold=1.070401381955193 0.46701160598876318 3.0398545712742058 16.851755244336946 -0.62729398729515451 0 0.21293867525431665 1.5620564060452398 3.8496418630048228 4.5701787183161393 0.020967741935483876 7.9703137812835569 -0.94723957588908092 1.3815345540486577 -0.033209242173579338 0.11853411682973876 0.86167001593038561 7.4454720761186346 -0.84374447618434878 46.316008853912344 18.825000000000006 11.150000000000002 9.5000000000000018 -0.93265450753882229 16.900000000000002 0.21293867525431665 0.56465583265388541 0.96765975362720968 -0.93265450753882229 -0.9880514961658321 0.97516411509186673 0.55129923466648778 18.000000000000004 2.402308438469047 0.030158821736771958 1.8147540035069032 2.2457619319938735 -0.43938332272944897 -0.48504197719567627 -0.46995942967050158 1.1641499304051812 1.1895552405955192 0.034946236559139789 -0.051478754770346226 2.0785337038094527 1.0476154314650001 0.74250884481316526 -0.35529790750226259 0.25792995018442594 16.329246568679807 22.380670213699343 2.5446784579494683 0.038743566165185518 -0.99466323211226826 -0.9852642654427487 11.150000000000002 2.5718664546499683 3.5142701832067167 4.4642291310410807 0.47241611350734464 18.825000000000006 5.4432581040807966
decision_type=2 2 2 2 2 9 2 2 2 2 2 2 2 2 2 2 2 2 2 2 2 2 2 2 2 2 2 2 2 2 2 2 2 2 2 2 2 2 2 2 2 2 2 2 2 2 2 2 2 2 2 2 2 2 2 2 2 2 2 2 2 2
left_child=1 -1 5 9 -5 47 43 32 22 24 11 14 53 -14 16 -15 17 -11 -17 -12 21 42 45 50 30 28 -27 -28 29 -26 -3 49 33 34 -4 -36 -37 38 40 -40 -35 -25 -21 -6 48 -7 -18 -2 -30 -32 -24 52 -52 -13 -55 -56 -39 58 59 -58 -31 -16
right_child=2 3 7 4 6 8 -8 -9 -10 10 19 12 13 15 61 18 46 -19 -20 20 -22 -23 23 41 25 26 27 -29 44 60 31 -33 -34 37 35 36 -38 56 39 -41 -42 -43 -44 -45 -46 -47 -48 -49 -50 -51 51 -53 -54 54 55 -57 57 -59 -60 -61 -62 -63
leaf_value=-0.0063079168093243569 -0.0097746727904304085 -0.0072718162780384642 0.0084955482621225705 -0.011315319243216973 0.020800137277031106 0.006176584473719964 0.0030611897926267938 0.019356225726221345 0.024119013637052072 -0.0022753241709518096 -0.016997017729890714 -0.015866060492984446 0.043478633277084622 -0.0070209105139472606 0.030692760284753817 0.036157786406951054 0.026512581499605288 -0.016356513850703615 0.0066658605744236744 -0.0044568921533240623 0.012990000607335314 -0.01504350170911337 -0.018025768781121373 -0.0018027157034314616 -0.0071755408904008913 -0.0068625410988709416 0.043516455504726222 0.013248260677146831 0.0056755165605165076 0.0034566068051385358 -0.0081468395916854154 0.019200947809140625 0.012731550180020982 0.012883271669585422 0.010063028289585224 0.003342746842036586 -0.015392292674152446 0.012289248586764593 0.049926064854753871 0.011917585838650884 -0.0040919407180929008 0.005040681966705352 0.014409407698314022 0.044358717349274983 0.0081416356898151489 0.019887504658394176 0.0049716230681844014 0.0013259537760134008 -0.013591088852923766 0.010985832426253251 0.00099750557330934323 0.018273682241391354 -0.011885782215381781 0.022818294165793174 -0.012020611958649905 0.011007047164192258 -0.0012661277137796605 0.011306862874429977 0.01818556749259799 0.0088359802833624154 0.027420347282264338 0.0089009561002254475
leaf_weight=127384 1487 14746 3229 1119 776 39479 503 2143 571 9765 1715 564 827 929 539 550 549 1386 545 1468 721 2154 512 4302 740 1177 559 842 503 562 1457 519 9231 6745 862 912 1385 4035 590 764 1517 40107 747 551 521 919 1061 13491 3563 633 6262 510 1227 541 1002 539 6325 3237 875 2181 537 745
leaf_count=127384 1487 14746 3229 1119 776 39479 503 2143 571 9765 1715 564 827 929 539 550 549 1386 545 1468 721 2154 512 4302 740 1177 559 842 503 562 1457 519 9231 6745 862 912 1385 4035 590 764 1517 40107 747 551 521 919 1061 13491 3563 633 6262 510 1227 541 1002 539 6325 3237 875 2181 537 745
internal_value=-3.73849e-06 -0.00479168 0.00572803 -0.00132105 0.0100694 0.00427643 0.0231408 0.00931623 0.00492282 -0.00195926 3.91188e-05 0.00250898 0.00920839 0.0186801 -0.000115411 0.00846538 -0.00195787 -0.00403207 0.0215762 -0.00705025 -0.00368544 -0.00644903 0.0048046 0.00351681 -0.00395636 -0.000244018 0.0107058 0.0254371 -0.0046418 0.0062234 -0.00588174 0.00197382 0.00880033 0.00768733 0.00279513 -0.00303582 -0.00796264 0.00887624 0.0124316 0.0286024 0.00976583 0.00437762 0.00192382 0.030712 -0.00899986 0.00649091 0.0123763 0.000220854 -0.0112036 -0.00233972 -0.00097467 0.000127315 -0.00111982 -0.00101317 0.00303875 -0.00395661 0.00682012 0.00506702 0.00290903 0.0013278 0.0152371 0.0181323
internal_weight=335937 183039 152898 55655 2949 108867 1830 44031 93889 52706 26347 19542 5497 2851 14045 2024 12761 11151 1095 6805 5090 4369 93318 52920 26359 9004 2578 1401 6426 1839 17355 2609 41888 32657 6388 3159 2297 26269 9616 1354 8262 44409 2215 1327 4587 40398 1610 14978 4066 2090 8511 7999 7489 2646 2082 1541 16653 12618 9381 8506 1099 1284
internal_count=335937 183039 152898 55655 2949 108867 1830 44031 93889 52706 26347 19542 5497 2851 14045 2024 12761 11151 1095 6805 5090 4369 93318 52920 26359 9004 2578 1401 6426 1839 17355 2609 41888 32657 6388 3159 2297 26269 9616 1354 8262 44409 2215 1327 4587 40398 1610 14978 4066 2090 8511 7999 7489 2646 2082 1541 16653 12618 9381 8506 1099 1284
cat_boundaries=0 1
cat_threshold=1024
is_linear=0
shrinkage=0.03


Tree=92
num_leaves=63
num_cat=1
split_feature=1 13 1 24 13 23 2 20 22 23 5 24 23 6 23 5 23 16 5 18 23 23 23 23 23 2 7 24 24 18 27 24 24 2 19 20 21 31 31 16 23 31 25 23 31 23 23 23 25 2 18 4 24 23 23 24 24 19 27 7 7 7
split_gain=9465.13 1218.63 813.963 474.684 323.053 307.508 420.433 442.989 300.383 380.052 289.269 280.331 274.905 248.167 359.726 403.679 314.726 728.11 270.821 244.483 237.506 656.068 226.486 221.952 1004.02 577.331 423.043 398.481 308.321 275.908 237.42 239.7 205.871 205.793 200.17 221.509 206.023 200.005 190.437 330.57 278.815 254.991 272.263 245.282 344.21 281.235 216.345 193.676 188.475 187.008 183.39 182.917 181.053 244.086 311.773 207.464 178.864 228.919 175.985 175.182 173.636 172.741
threshold=1.1530373576186379 0.46701160598876318 2.9729378510615185 -0.99904236206516772 1.9920624853864328 0.97516411509186673 0.54472005699345127 37.843074243723116 0 0.1283936251113518 1.6809837296058974 -0.99992632385251334 0.94159970902280288 9.5000000000000018 -0.87025318080773884 -0.50141548035180639 -0.85283291294431784 12.200000000000001 0.9404831572293777 691.9795920360566 -0.99466323211226826 -0.99054754357789199 -0.99937381720471408 -0.84374447618434878 -0.86167001593038528 1.238998972681207 2.9511739858110029 -0.21294651993841582 -0.91968655568559032 41.853209403187257 0.017741935483870971 -0.74541039586774327 -0.93867560834980956 1.7768058128265134 3.278570080070065 39.885580166800132 17.40217106970557 0.94028109837251861 2.8269569663598695 18.450000000000003 -0.025746965133975123 2.3163221954054891 23.85885144221767 -0.49998158062385478 2.9751562952218671 -0.76232555469153129 0.36075750887067765 -0.79462857753386928 6.5222570340880148 2.7687012939121711 637.19260424194351 2.2999241827783075 -0.99374406038856444 -0.068614738002134482 -0.025746965133975123 -0.99168614031016833 0.20454453068330622 3.7219580927080202 0.025268817204301078 12.480958043794789 2.3177757595636828 10.191034821883262
decision_type=2 2 2 2 2 2 2 2 1 2 2 2 2 2 2 2 2 2 2 2 2 2 2 2 2 2 8 2 2 2 2 2 2 2 2 2 2 2 2 2 2 2 2 2 2 2 2 2 2 2 2 2 2 2 2 2 2 2 2 10 10 10
left_child=1 -1 11 -3 5 12 -7 -8 32 49 50 -2 20 -13 15 58 17 -16 19 34 22 -22 61 24 25 29 28 33 -25 37 31 -30 -6 -27 -17 36 -36 -23 41 40 43 47 -43 45 -45 -40 -42 -18 -46 -10 52 -52 53 -4 -55 -54 57 -34 59 -15 -11 -5
right_child=2 3 10 4 8 6 7 -9 9 60 -12 13 -14 14 16 18 38 -19 -20 -21 21 23 -24 26 -26 27 -28 -29 30 -31 -32 -33 56 -35 35 -37 -38 -39 39 -41 46 42 -44 44 48 -47 -48 -49 -50 -51 51 -53 55 54 -56 -57 -58 -59 -60 -61 -62 -63
leaf_value=-0.006111710854973299 0.024460194053568789 0.019379558487278271 -0.012028879359314015 0.012058434140047362 -0.019689355334180154 -0.0019745750852957181 0.035590038125795025 -0.00097706318919504984 0.0018923407372811347 0.011295315977471295 0.020864429835882988 0.0057042239139763239 -0.013999273505335299 0.0071460325613184293 0.045128558337780338 -0.006443648651874234 -0.0046792077570478466 -0.0053354614572068059 0.01141587355145619 -0.015519896189339634 0.028779471162681428 -0.0017837991833348978 -0.016707450393137563 0.019627802727791278 0.0345481824038213 0.011253422434004292 -0.0061403127357246836 -0.0051718659485222654 0.01505960240346247 -0.0084934965358636188 -0.017308532178630626 -0.00055713045162023174 0.021368580191083057 0.032393184921980449 0.018821661811877246 -0.0093818546998069366 0.0013265711018088202 0.020754735360886636 0.022975104953147488 -0.00088763996019685211 -0.0081923672109847651 -0.0024798916204202361 0.013706924047422239 0.043655224024341514 0.0017612359679818688 -0.0029440435968423801 0.012099498595718457 0.0054568536021555288 0.024613685991606508 0.021129159527190494 -0.007706461070624674 0.0061499737604737955 0.023721617271123489 0.021545765414205453 0.0022598269684763373 0.0094866300820238541 -0.010039841371355825 -0.002715042605122067 0.00023601930776169139 0.030696583011589181 0.033988928724074899 -0.01160201898990377
leaf_weight=127464 604 1015 742 557 578 1888 720 506 4085 607 1756 44876 1893 576 522 5818 1852 501 1016 1612 619 1088 1909 763 762 1163 19621 939 989 5762 668 8032 575 647 868 1055 1982 520 652 2621 866 10159 1025 573 524 881 1030 19775 853 507 1119 3614 944 964 3413 34853 942 914 757 564 617 544
leaf_count=127464 604 1015 742 557 578 1888 720 506 4085 607 1756 44876 1893 576 522 5818 1852 501 1016 1612 619 1088 1909 763 762 1163 19621 939 989 5762 668 8032 575 647 868 1055 1982 520 652 2621 866 10159 1025 573 524 881 1030 19775 853 507 1119 3614 944 964 3413 34853 942 914 757 564 617 544
internal_value=3.85791e-05 -0.00445764 0.00567949 -0.000909802 -0.00126397 -0.00220516 0.00691428 0.0205552 0.00402307 0.00799377 0.00892533 0.0041641 -0.00281686 0.00404147 0.00271057 -0.00140609 0.00411263 0.0205088 -0.00338613 -0.00471734 -0.00234054 -0.00175067 -0.0104712 -0.00221557 0.00145555 -0.00105229 -0.00354388 0.0106689 0.00133089 -0.00542854 -0.000119358 0.00116237 -0.00366666 0.0188784 -0.0029193 0.00233311 0.00667853 0.00554652 0.00369917 0.0078483 0.0121019 0.00268649 -0.000990927 0.0171357 0.0241857 0.00811848 0.002834 0.00458798 0.0159553 0.00403694 0.00846383 0.00286929 0.00911056 0.00382833 0.00652714 0.00986528 0.000160477 0.0066256 0.0114606 0.0188805 0.0228266 0.000368293
internal_weight=335861 186894 148967 59430 58415 49590 3114 1226 8825 5816 47405 101562 46476 100958 56082 14248 41834 1023 12351 11335 44583 41573 3010 40954 10881 10119 30073 2749 10452 7370 9689 9021 3009 1810 9723 3905 2850 1608 40811 8000 5379 32811 11184 3483 1950 1533 1896 21627 1377 4592 45649 4733 40916 5119 4377 35797 2431 1489 1897 1140 1224 1101
internal_count=335861 186894 148967 59430 58415 49590 3114 1226 8825 5816 47405 101562 46476 100958 56082 14248 41834 1023 12351 11335 44583 41573 3010 40954 10881 10119 30073 2749 10452 7370 9689 9021 3009 1810 9723 3905 2850 1608 40811 8000 5379 32811 11184 3483 1950 1533 1896 21627 1377 4592 45649 4733 40916 5119 4377 35797 2431 1489 1897 1140 1224 1101
cat_boundaries=0 1
cat_threshold=8
is_linear=0
shrinkage=0.03


Tree=93
num_leaves=63
num_cat=2
split_feature=1 1 31 34 13 19 18 32 1 2 19 24 16 18 24 16 29 8 25 4 29 4 17 25 19 27 24 25 24 34 28 24 24 16 24 24 26 2 32 16 18 24 27 26 26 24 7 31 4 28 16 13 24 25 2 13 28 2 26 25 31 24
split_gain=9312.1 1209.65 421.386 385.064 384.549 361.732 300.19 297.463 295.172 249.04 378.401 252.265 231.056 226.006 209.309 204.414 246.459 187.059 182.248 201.205 204.224 180.931 179.342 210.757 175.49 198.179 486.062 291.683 270.964 176.063 201.744 290.416 265.271 247.53 170.623 223.229 188.385 162.314 157.75 157.689 290.263 466.114 330.86 262.026 426.656 263.901 218.977 198.539 162.119 153.574 153.046 147.874 141.738 190.281 140.779 146.652 138.84 187.291 165.845 358.2 137.986 134.137
threshold=0.53338872910185509 2.3153060189935153 1.0603448938823001 0 2.4122000023196541 10.425197840915478 163.51191841705128 0.05616174456218196 4.3385597009712873 2.3272234603349777 5.9059427821715182 -0.82964644928663578 19.900000000000002 22.061986462017874 -0.72208999473568902 19.900000000000002 0.030158821736771958 -12.135462665332984 2.7207239525092226 2.402308438469047 0.044109217475255945 3.7942461710304394 76.800000000000026 1.9332905850623565 4.7088274871254567 0.0027142248117095358 -0.25466173847491491 3.5710598500585689 -0.88264628153994396 1 -0.24294159362024806 -0.30410362911654215 -0.41610936647687707 19.175000000000004 -0.93262014971044682 -0.72208999473568902 15.989248180389394 1.3342413735236518 -0.68357624697897257 10.250000000000002 620.70319082336437 -0.9770278626699701 0.065053763440860238 60.117251300811766 55.844964027404757 -0.66012780149078443 4.9337127116391457 2.8094112341217894 2.4306498809800954 0.70709975011359572 19.175000000000004 1.4740172051041143 -0.71010885522459943 10.087419759602318 1.8780037666810316 1.7050441072354954 1.865313031083992 1.3217692766757405 52.241667366027777 11.731483685145136 2.3275515126564854 -0.99374406038856444
decision_type=2 2 2 9 2 2 2 2 2 2 2 2 2 2 2 2 2 10 2 2 2 2 2 2 2 2 2 2 2 9 2 2 2 2 2 2 2 2 2 2 2 2 2 2 2 2 8 2 2 2 2 2 2 2 2 2 2 2 2 2 2 2
left_child=2 4 -1 17 9 13 7 52 18 15 49 -12 34 -4 -9 39 -17 -3 -5 20 60 -10 23 -15 25 26 28 -27 -25 37 33 32 38 51 -8 -36 -37 -29 -32 48 41 42 -41 44 56 50 -42 -48 -2 -11 -45 -31 -6 -54 -22 -56 57 -43 59 -59 -20 -19
right_child=1 3 5 8 6 -7 12 14 21 10 11 -13 -14 22 -16 16 -18 61 19 -21 54 -23 -24 24 -26 27 -28 29 -30 30 31 -33 -34 -35 35 36 -38 -39 -40 40 46 43 -44 45 -46 -47 47 -49 -50 -51 -52 -53 53 -55 55 -57 -58 58 -60 -61 -62 -63
leaf_value=-0.0059052461987569643 0.00018623435648620581 -0.0064707798412299775 0.01116015087046361 0.016454403047409669 0.011504402177175535 0.020438850446280254 -0.01264205854708994 0.031136662956142376 0.012334511388884426 0.0018339623928527934 0.038564623102718069 0.0088285425240575612 0.014638677079704808 -0.01333966686352385 0.013111551494232895 0.0036108483913370195 -0.0096121273194785372 -0.0030156633091069918 0.011285040112871032 0.0089988112103380705 0.010014323363706147 0.026140285334865333 -0.011893271798863745 0.0090073644300810423 0.0094930049818042362 -0.019223789666078 0.026447016170936255 -0.0032281906647706584 -0.015915958903096016 -0.02334990964055883 -0.0032135902648911235 -0.0094910836468210281 0.02821985180267671 0.010664176196787917 0.014603885004494553 0.0129773502494533 -0.0064642542817966763 -0.023940432753617111 0.013986003355410939 0.010510857806194583 0.0046294196262369539 0.0022484305157659304 0.04034888366934402 0.0035787057578383209 0.024557210875408356 -0.016240430077766013 -0.0045023293610994284 0.011489931321656701 -0.011893795704849395 0.011839459084641174 -0.012207137353101452 -0.0047858918101744766 0.012423402419083109 -0.010773932379766826 -0.0042032784678463003 0.0036340244000057794 -0.0029896280989307345 0.0076080815530453726 -0.0072458413705508672 0.032942828981674062 0.0049443025096488763 0.0053332103663957719
leaf_weight=139335 25904 1529 1127 2114 1976 685 841 965 3861 5970 503 527 1132 1228 1476 2052 3309 1936 6132 33317 1908 1102 1702 791 1439 977 718 899 770 657 992 882 578 557 968 569 2049 545 922 991 4568 10958 504 3154 943 1033 9244 751 1035 1792 665 935 536 768 3159 6693 2289 7147 576 536 6247 16199
leaf_count=139335 25904 1529 1127 2114 1976 685 841 965 3861 5970 503 527 1132 1228 1476 2052 3309 1936 6132 33317 1908 1102 1702 791 1439 977 718 899 770 657 992 882 578 557 968 569 2049 545 922 991 4568 10958 504 3154 943 1033 9244 751 1035 1792 665 935 536 768 3159 6693 2289 7147 576 536 6247 16199
internal_value=9.12771e-07 0.00464965 -0.00536983 0.00727245 0.00234259 -0.000821572 0.00754398 0.0123653 0.00839243 0.00164744 0.00642504 0.0234663 0.00257548 -0.00175426 0.0202865 0.00109187 -0.00455219 0.0035896 0.00780684 0.00748726 0.00539956 0.0154232 -0.00275517 -0.00154443 -0.000297219 -0.00167927 0.00611041 -0.00391643 -0.00329822 -0.0017576 0.000691865 0.00526625 0.0104979 -0.00648241 -0.000522153 0.00233389 -0.0022221 -0.011025 0.00508654 0.00152258 0.00264244 0.00438776 0.0206709 0.00349248 0.00485868 -0.0028271 -0.000808987 -0.00329557 -0.000280003 0.00415005 0.00081756 -0.0124962 0.00644841 -0.0012278 0.00256684 0.00112017 0.00398943 0.00482129 0.00823151 0.00939582 0.00808851 0.00444134
internal_weight=335667 179928 155739 84197 95731 16404 11280 5721 64533 84451 8792 1030 5559 15719 2441 75659 5361 19664 59570 57456 24139 4963 14592 12890 11662 10223 2279 7944 1561 6967 5523 3374 2492 2149 4427 3586 2618 1444 1914 70298 43359 28796 1495 27301 22449 4852 14563 9995 26939 7762 3819 1592 3280 1304 11760 9852 21506 19217 8259 7683 12379 18135
internal_count=335667 179928 155739 84197 95731 16404 11280 5721 64533 84451 8792 1030 5559 15719 2441 75659 5361 19664 59570 57456 24139 4963 14592 12890 11662 10223 2279 7944 1561 6967 5523 3374 2492 2149 4427 3586 2618 1444 1914 70298 43359 28796 1495 27301 22449 4852 14563 9995 26939 7762 3819 1592 3280 1304 11760 9852 21506 19217 8259 7683 12379 18135
cat_boundaries=0 1 2
cat_threshold=1025 8233
is_linear=0
shrinkage=0.03


Tree=94
num_leaves=63
num_cat=3
split_feature=1 1 31 5 4 22 34 18 2 28 31 2 17 23 24 23 23 24 23 31 23 23 25 24 24 7 24 21 21 29 27 9 23 24 23 22 23 25 28 17 18 27 3 25 2 29 17 24 21 21 26 18 23 27 25 26 23 24 26 8 31 23
split_gain=8434.41 1305.97 490.095 447.902 377.922 299.655 291.323 262.543 252.936 261.069 247.642 247.353 220.683 213.966 476.001 274.378 268.265 237.209 221.343 197.729 177.955 507.823 201.086 239.383 284.737 221.995 216.21 277.634 185.846 173.34 173.233 172.877 172.645 497.254 422.069 410.251 270.02 450.387 220.895 250.316 237.752 215.52 210.988 192.884 187.706 250.465 187.125 194.114 175.147 165.855 162.621 161.348 159.273 162.289 240.124 320.813 257.703 425.119 518.306 156.428 155.337 152.138
threshold=0.53338872910185509 2.0940930682127603 1.0603448938823001 1.1463199737802052 2.158386023573891 0 1 691.9795920360566 2.3272234603349777 0.67554600866910186 2.0026150855292126 2.6474988578823067 76.800000000000026 -0.23803327706148594 -0.60703521118548998 -0.70403958523943955 0.094275748646527283 0.11987677602567953 -0.45473838294431457 2.4322521256028478 -0.99466323211226826 -0.96699210069650898 4.8798862397069902 -0.53667642277345495 -0.30410362911654215 2.6677144347273214 -0.98669422938859286 70.699020468213646 70.699020468213646 0.044109217475255945 0.19838709677419356 0.88671593060903997 0.14539831731376898 -0.9770278626699701 0.025746965133975602 2 -0.051478754770346226 15.209368191923827 0.56671597700234055 76.65000000000002 691.9795920360566 0.054301075268817216 1.8292929099524267 7.7715692909734875 1.7890626435820978 0.18837017243454637 76.300000000000026 0.37672789363518527 67.294359006819505 16.481004488134428 45.863488197326625 583.03248182830828 0.24635219865135732 0.075806451612903239 14.623407672858368 53.177443313598587 0.58637393129089799 -0.71010885522459943 18.2065659046173 -10.925103417626763 1.9355749147862429 -0.9998158143810113
decision_type=2 2 2 2 2 1 9 2 2 2 2 2 2 2 2 2 2 2 2 2 2 2 2 2 2 8 2 2 2 2 2 8 2 2 2 1 2 2 2 2 2 2 2 2 2 2 2 2 2 2 2 2 2 2 2 2 2 2 2 10 2 2
left_child=2 8 -1 4 7 -4 59 -3 32 13 -9 12 20 14 15 -10 -15 -16 -17 -11 -7 28 31 25 -25 -24 -27 50 -22 -12 -8 -23 34 35 36 -34 38 51 40 61 41 44 -41 -42 -2 46 -46 -48 52 -18 -28 -38 -35 54 55 56 60 58 -58 -6 -54 -40
right_child=1 3 5 -5 6 11 30 10 9 19 29 -13 -14 16 17 18 49 -19 -20 -21 21 22 23 24 -26 26 27 -29 -30 -31 -32 -33 33 48 -36 -37 37 -39 39 42 43 -43 -44 -45 45 -47 47 -49 -50 -51 -52 -53 53 -55 -56 -57 57 -59 -60 -61 -62 -63
leaf_value=-0.0057115508226174734 0.0018881502041551152 0.0045208581411138871 0.013478475532922694 0.013504814414747796 -0.0047572530033022087 -0.013960427660658104 0.0080774979950339228 0.0081935843463477112 -0.023967352965580117 0.0065190750596722047 -0.00070966034257559385 0.018226351378164633 -0.012481500414733997 0.024166754361854392 0.016684987790405701 0.011128588883182368 0.010313540841424365 -0.0017561898047782159 -0.015758759987222357 0.025389096718754261 0.031158083772761466 -0.0085704164011086159 0.014271082247409674 0.022909916562555841 -0.00032879098493718794 0.010703761879466053 -0.027143147293896427 0.0090959897190766303 0.0065173005252214733 -0.014299563102459268 0.015055591132146832 0.0063042366294456375 0.0027025321178624161 -0.013538343154115409 -0.017068548362824586 0.038789006804867174 -0.0071445959036389242 0.035336766658730846 0.010496526285602747 -0.00070713644017389736 -0.0071736417422762055 -0.0075486575490412971 0.01642482425153468 0.0083181866161935562 0.010003272338167606 0.01958362249083102 -0.0094659574684154771 0.01208534958937015 0.0075786894358738132 -0.0054726175299387361 -0.0087377548392948787 0.014532491073064856 -0.00060877953464619889 0.017594752914260197 -0.013374752547157026 0.019037938944697682 -0.00010184815426699208 0.00098461949459529153 0.039781668511739247 0.0048749277041561217 -0.013439789271023966 -0.0058683848319915216
leaf_weight=139392 18716 22466 1303 8115 1711 866 43665 1224 886 1024 1683 550 1654 826 1333 580 1634 1181 516 980 575 4346 612 897 1001 614 603 596 531 1692 3459 835 537 660 1267 609 716 517 532 2084 4205 1757 933 869 2411 1316 1220 538 4313 940 1523 536 1841 536 994 910 583 11317 585 13165 1572 10882
leaf_count=139392 18716 22466 1303 8115 1711 866 43665 1224 886 1024 1683 550 1654 826 1333 580 1634 1181 516 980 575 4346 612 897 1001 614 603 596 531 1692 3459 835 537 660 1267 609 716 517 532 2084 4205 1757 933 869 2411 1316 1220 538 4313 940 1523 536 1841 536 994 910 583 11317 585 13165 1572 10882
internal_value=-2.44845e-05 0.00439892 -0.00513275 0.00675813 0.0061427 -0.000244577 0.00743386 0.00318411 0.00163161 0.00613003 -0.00334369 -0.0014327 -0.00217755 0.00367061 -0.000625045 -0.0116029 0.00934357 0.0080356 -0.00154413 0.0157872 -0.00086217 7.80914e-05 -0.00186884 0.00194449 0.0106852 -0.00226581 -0.00531637 -0.00894303 0.0194104 -0.00753381 0.00858943 -0.00616936 0.0010208 0.00307562 -1.56062e-05 0.0223251 0.000443598 0.0119259 -4.4512e-06 -0.00307032 0.00142156 0.00258259 0.00460929 -0.00451485 0.00331953 0.00819753 0.0045842 -0.00285505 0.00212471 0.00454915 -0.0140095 0.00215658 0.000884855 0.00140751 0.000915322 0.00176414 0.000769717 0.00276695 0.0199585 0.0037633 -0.00652965 -0.00510136
internal_weight=335934 180036 155898 97180 89065 16506 62000 27065 82856 9900 4599 15203 14653 7896 4496 1982 3400 2514 1096 2004 12999 12133 11027 5846 1898 3948 3336 2722 1106 3375 47124 5181 72956 24457 48499 1146 47232 1769 45463 14431 31032 25958 3017 5074 24201 5485 4169 1758 23311 2574 2126 1252 18998 18338 17802 16808 15898 12485 1168 14876 3413 11414
internal_count=335934 180036 155898 97180 89065 16506 62000 27065 82856 9900 4599 15203 14653 7896 4496 1982 3400 2514 1096 2004 12999 12133 11027 5846 1898 3948 3336 2722 1106 3375 47124 5181 72956 24457 48499 1146 47232 1769 45463 14431 31032 25958 3017 5074 24201 5485 4169 1758 23311 2574 2126 1252 18998 18338 17802 16808 15898 12485 1168 14876 3413 11414
cat_boundaries=0 1 2 3
cat_threshold=16 1025 8
is_linear=0
shrinkage=0.03


Tree=95
num_leaves=63
num_cat=0
split_feature=1 26 1 24 23 32 21 24 20 4 24 13 21 32 23 23 23 24 19 5 28 32 6 26 13 24 4 28 26 24 2 13 5 24 24 24 18 24 17 23 23 26 26 26 32 26 26 16 5 5 26 21 23 26 32 23 23 16 26 26 13 23
split_gain=8107.49 935.143 722.088 692.969 647.037 487.315 439.209 294.382 476.753 724.285 503.166 289.582 286.889 277.495 336.079 348.998 318.178 379.783 249.912 245.662 236.156 230.306 225.851 223.943 252.593 218.282 486.684 519.554 351.136 216.9 221.89 212.934 207.531 194.155 240.008 298.977 280.752 229.075 203.076 207.101 302.057 200.674 216.082 200.059 294.543 324.848 290.682 288.846 279.071 221.127 208.588 215.594 197.37 190.345 198.455 179.824 602.705 323.53 284.31 283.007 490.852 209.463
threshold=1.1164056565574854 20.984136247634869 3.1696311838316187 -0.99815866078541837 0.99628166032228249 0.048690000510210225 67.294359006819505 -0.63395513778623447 40.299461206478959 0.52717229762987661 -0.66012780149078443 2.6266555606128343 16.481004488134428 -0.33155976135123533 0.62729398729515495 0.35275208654909496 -0.15389057670406206 -0.72208999473568902 7.1024359047382122 1.0770132188554573 1.1904402178438807 0.19856322250027983 7.5000000000000009 21.367552757263173 0.50036288018622044 0.32041146939831461 1.793457742907594 -0.27533060038299423 28.766499137878409 -0.99992632385251334 3.3760510850505363 2.3521772551348978 1.6809837296058974 -0.99550911953113219 -0.66012780149078443 -0.26296220265651482 637.19260424194351 -0.36874934642598389 75.700000000000017 -0.99628166032228227 -0.99054754357789199 41.307750892639156 31.054359197616574 40.099214267730687 -0.91968282992968209 44.411506938934288 37.898942184448238 19.175000000000004 -1.0000000180025095e-35 -0.12047587670393142 29.175694465637182 67.294359006819505 -0.72800098152115733 0.28801727071404454 0.038743566165185518 -0.49998158062385478 -0.45473838294431457 11.150000000000002 106.43766212463377 102.15504150390618 1.826427383240502 -0.57238288608965326
decision_type=2 2 2 2 2 2 2 2 2 2 2 2 2 2 2 2 2 2 2 2 2 2 2 2 2 2 2 2 2 2 2 2 2 2 2 2 2 2 2 2 2 2 2 2 2 2 2 2 2 2 2 2 2 2 2 2 2 2 2 2 2 2
left_child=1 7 11 -3 5 23 21 8 10 -10 18 19 13 -13 15 16 17 -15 53 20 29 -7 -22 -5 -25 -26 27 28 -27 -2 33 -24 -4 -31 52 37 38 43 39 -37 -41 42 -40 46 -45 48 50 49 -46 -47 -36 -52 -35 -1 -55 58 57 -57 61 -58 -61 -54
right_child=2 3 32 4 -6 6 -8 -9 9 -11 -12 12 -14 14 -16 -17 -18 -19 -20 -21 22 -23 31 24 25 26 -28 -29 -30 30 -32 -33 -34 34 35 36 -38 -39 41 40 -42 -43 -44 44 45 47 -48 -49 -50 -51 51 -53 55 54 -56 56 59 -59 -60 60 -62 -63
leaf_value=0.01146449426491487 0.022019438767473778 0.025304546543941445 0.0082904820878125628 0.013425192755375839 0.026610433785649742 0.033918438842382256 -0.0086534931289252142 -0.0057491926450880431 -0.0066745797725908948 0.043585798055748678 0.01960755033350535 0.0019313378251981223 0.003895639796695017 0.04071797263665141 -0.0049788298363383282 0.036347864205595493 -0.0058480939760061044 0.013571622898736849 0.014273457801098614 0.0088933010965154616 0.010863822218728026 0.011397822022690315 -0.0034129003464883271 -0.0073783816051441048 -0.0022539081723087764 -0.011071172631046705 -0.016913256164232483 0.027045210063719266 0.015238874186285306 -0.0031637518093418963 0.016584944292261133 0.0097340804078689981 0.019632616466063416 0.018702285273431915 -0.0037355968688130036 -0.0035805123269645757 -0.003311476526166944 -0.0067294512491352203 0.0014083357202875585 0.027529740940111725 0.0088864107558877907 -0.0038092846197964846 0.011797889583281129 0.026190510810348358 0.033075841012267543 -0.012997180698338199 -0.018943259005646154 0.017260288608165121 0.0043149301355010902 0.0025279687623797585 0.018872453056418808 -0.0047846023238511939 0.0059208120115661319 -0.0049153491958790407 -0.017451043835559923 0.045766895380115122 0.0045459908126829216 0.01205659372308239 -0.01773407903619896 0.00012093893835192611 0.039253470320254558 -0.0074284411145716977
leaf_weight=537 566 929 36649 802 754 622 706 132081 509 516 836 1743 7687 560 618 813 574 2658 590 6747 1352 1199 10701 7706 25395 984 694 1113 843 4007 1137 1232 1510 978 3751 941 3614 4623 4414 903 5737 2762 3041 538 515 1564 843 630 734 1740 883 566 4416 7304 1343 501 24276 529 678 575 574 1386
leaf_count=537 566 929 36649 802 754 622 706 132081 509 516 836 1743 7687 560 618 813 574 2658 590 6747 1352 1199 10701 7706 25395 984 694 1113 843 4007 1137 1232 1510 978 3751 941 3614 4623 4414 903 5737 2762 3041 538 515 1564 843 630 734 1740 883 566 4416 7304 1343 501 24276 529 678 575 574 1386
internal_value=-1.82257e-06 -0.00419812 0.00517735 -0.000245581 -0.000830119 -0.0013498 0.0113891 -0.00534622 -0.00077117 0.018716 -0.00266169 0.00396374 0.00789554 0.0123035 0.0157597 0.0185452 0.0146855 0.0183515 -0.0045755 0.00337219 0.00296105 0.019162 -0.000734029 -0.00220879 -0.00255189 -0.00126961 0.00560246 0.0109371 0.00107706 0.0035951 0.00345799 -0.00205206 0.00874182 0.0032598 0.00361892 0.00197459 0.0043083 -0.00107512 0.00585604 0.00957496 0.0114406 0.00309328 0.00565145 0.00114883 0.00516742 0.00296206 -0.00265676 -0.00127469 0.0162585 -0.00482964 -8.01432e-07 0.00964699 0.0054511 -0.00579351 -0.00687128 0.00505483 0.00615175 0.0285954 0.000575262 0.00523709 0.0197555 0.00272825
internal_weight=335729 185463 150266 41747 40818 40064 2527 143716 11635 1025 10610 112107 14653 6966 5223 4605 3792 3218 9774 97454 90707 1821 13285 37537 36735 29029 3634 2940 1827 77422 76856 11933 38159 75719 71712 37799 21412 16387 17798 7581 6640 10217 7455 11764 5721 5183 6043 3934 1249 3304 5200 1449 33913 9184 8647 32935 26455 1030 6480 25425 1149 5802
internal_count=335729 185463 150266 41747 40818 40064 2527 143716 11635 1025 10610 112107 14653 6966 5223 4605 3792 3218 9774 97454 90707 1821 13285 37537 36735 29029 3634 2940 1827 77422 76856 11933 38159 75719 71712 37799 21412 16387 17798 7581 6640 10217 7455 11764 5721 5183 6043 3934 1249 3304 5200 1449 33913 9184 8647 32935 26455 1030 6480 25425 1149 5802
is_linear=0
shrinkage=0.03


Tree=96
num_leaves=63
num_cat=0
split_feature=4 1 1 24 32 29 26 5 7 17 26 24 13 26 19 24 26 23 21 16 24 27 1 32 25 5 23 32 24 23 27 25 23 18 32 26 26 29 20 16 27 25 18 1 32 2 29 23 23 23 18 4 1 20 23 16 16 26 5 27 5 23
split_gain=7479.62 929.061 647.592 423.154 458.846 681.459 321.127 313.54 359.924 593.797 410.366 671.125 402.828 494.703 395.877 497.419 344.624 338.706 406.601 297.142 332.914 274.181 296.185 273.03 271.723 233.985 225.212 449.675 225.035 658.989 329.295 404.95 296.183 249.66 457.983 398.465 502.539 389.318 295.827 250.616 212.347 272.579 542.458 383.366 260.505 228.756 227.853 435.749 530.671 314.658 304.088 219.645 211.801 207.221 205.56 274.564 204.169 254.872 251.509 253.411 203.516 191.291
threshold=1.1720257328650343 2.8742003996605909 0.14374460732840641 -0.99992632385251334 -0.045327476804668969 2.1142041144276411 67.399126815795896 0.50460616626316634 2.4895739395974492 73.750000000000014 31.74580688476561 0.50739640075491554 0.89299558252908651 34.751036167144747 4.3100708759369413 -0.91281223188962002 33.851200580596874 0.46995942967050169 12.551550283184907 17.400000000000002 -0.25466173847491491 0.041397849462365598 2.0651549239280915 -0.94689786230580386 7.7715692909734875 1.6809837296058974 0.042903177641795284 -0.59358789476479679 -0.96011450294824408 -0.17927415433127133 0.067204301075268827 27.273474553644018 -0.45473838294431457 76.302805655250481 -0.44146316265215796 41.693742084503121 57.575391101837134 0.30809633245342388 38.810513370996993 10.900000000000002 0.0048387096774193559 5.4432581040807966 163.51191841705128 1.4553448567776448 1.2484293209356569 1.93450818891305 0.48094855920436314 -0.41612469599147489 -0.87025318080773884 0.58637393129089799 41.853209403187257 2.6989280214237259 2.3735682885461036 38.810513370996993 -0.99054754357789199 11.800000000000002 11.150000000000002 48.578951072692853 -0.94617146508453287 0.013440860215053765 -0.5953131272966361 -0.27947533894953891
decision_type=2 2 2 2 2 2 2 2 8 2 2 2 2 2 2 2 2 2 2 2 2 2 2 2 2 2 2 2 2 2 2 2 2 2 2 2 2 2 2 2 2 2 2 2 2 2 2 2 2 2 2 2 2 2 2 2 2 2 2 2 2 2
left_child=2 3 -1 -2 7 6 40 8 9 23 -10 12 -12 16 17 21 -14 24 -19 20 -17 -16 -23 -5 -15 -3 28 -28 29 -26 -31 -32 33 34 38 -35 -37 -36 -30 -39 44 42 43 -42 51 -43 49 48 -48 54 -49 -6 -51 -11 55 -47 57 -56 -58 -60 -34 -45
right_child=1 25 -4 4 5 -7 -8 -9 10 53 11 -13 13 14 15 19 -18 18 -20 -21 -22 22 -24 -25 26 -27 27 -29 32 30 31 -33 60 35 37 36 -38 39 -40 -41 41 45 -44 61 -46 46 47 50 -50 52 -52 -53 -54 -55 56 -57 58 -59 59 -61 -62 -63
leaf_value=-0.0055872903903328866 0.027428151183954953 0.0074347875748816709 -0.0013680477218549112 0.009322959084046168 0.0024098397379486692 0.031920426652534535 0.021797446202482657 0.0061109114598295209 -0.0039177744507922505 0.0057488763988668814 -0.0085240497906105672 0.027304060113260298 0.006815693986885806 -0.021085400109474156 0.0051135848187610512 0.0010960395172621537 0.034354012579104934 0.0011878648497015115 0.033435199079810789 -0.012960603522961077 0.022330867166662511 0.034556053972226969 0.011730249446291956 0.036247575589896816 0.033056716421718563 0.018227675913129383 0.001548093727366427 -0.015122397414260942 -0.0061247782883177698 -0.0038979207359313268 0.031940546784903108 -0.0028708862833848338 -0.028151369684868498 -0.0062666048664562742 -0.00078465303810021706 0.040715460268630072 0.0028837601118413812 0.026044359718467591 0.01270557921599241 0.0048717901333117652 0.04497314336861185 -0.0080425280565207327 0.0014223179069261609 0.027400565259871189 0.022522128466116353 -0.00055506310678775535 0.0044770173150965745 -0.0096797184526154021 0.04279380104070403 0.029945946407865163 0.017349796419501646 -0.0099502160998720304 0.0041514464841375066 -0.011155655721235898 -0.00068962408579528592 0.030020700240049922 -0.019813946668131504 0.01278310814554129 0.01171244197237281 -0.007756097727252294 -0.0053416750372016391 0.0020426272621025909
leaf_weight=122516 630 50328 44684 587 13337 867 997 11897 16237 3323 3590 893 1039 592 1303 4025 673 913 568 1052 791 986 1074 812 711 1873 3269 2620 9317 2771 609 588 538 815 2701 589 677 1122 812 914 622 1106 1472 557 530 524 575 819 748 661 682 1428 506 807 3291 528 781 2046 962 1588 1010 513
leaf_count=122516 630 50328 44684 587 13337 867 997 11897 16237 3323 3590 893 1039 592 1303 4025 673 913 568 1052 791 986 1074 812 711 1873 3269 2620 9317 2771 609 588 538 815 2701 589 677 1122 812 914 622 1106 1472 557 530 524 575 819 748 661 682 1428 506 807 3291 528 781 2046 962 1588 1010 513
internal_value=3.35229e-05 0.00450022 -0.00445978 0.00300426 0.0028697 0.0057282 0.00506106 0.00161734 0.000834552 0.00816902 0.000188207 0.0016203 0.00111515 0.00193845 0.00126746 0.00672192 0.0177097 -0.00035046 0.0136264 0.00144612 0.00460328 0.0159117 0.0227128 0.0250238 -0.00105066 0.00782375 -0.000639002 -0.0058751 0.00069258 0.00656641 0.00178415 0.0148994 -0.000794796 0.000354192 -0.00100927 0.0100734 0.0205757 0.00668619 -0.0046097 0.0165748 0.00455641 0.00676633 0.0147542 0.0263143 0.00195704 0.0050562 0.00611536 0.0137022 0.0262202 0.004142 0.00261834 0.00121147 0.0188271 0.00243624 0.0023701 0.0148604 0.000846519 0.00448243 -0.00497701 -0.000402948 -0.0133342 0.015309
internal_weight=335396 168196 167200 115995 115365 35140 34273 80225 68328 5529 62799 46562 45669 42079 40367 9231 1712 31136 1481 5868 4816 3363 2060 1399 29655 52201 29063 5889 23174 4679 3968 1197 18495 16947 14866 2081 1266 4737 10129 2036 33276 17981 3164 1692 15295 14817 13711 2824 1323 10887 1501 14765 1167 4130 9720 1052 8668 5337 3331 2550 1548 1070
internal_count=335396 168196 167200 115995 115365 35140 34273 80225 68328 5529 62799 46562 45669 42079 40367 9231 1712 31136 1481 5868 4816 3363 2060 1399 29655 52201 29063 5889 23174 4679 3968 1197 18495 16947 14866 2081 1266 4737 10129 2036 33276 17981 3164 1692 15295 14817 13711 2824 1323 10887 1501 14765 1167 4130 9720 1052 8668 5337 3331 2550 1548 1070
is_linear=0
shrinkage=0.03


Tree=97
num_leaves=63
num_cat=1
split_feature=1 1 24 5 25 23 25 27 13 13 2 18 23 34 29 24 18 31 16 31 1 20 4 24 24 19 18 24 25 24 29 3 19 29 17 31 23 24 27 23 26 13 23 31 25 27 25 16 28 25 18 23 5 23 23 18 4 26 26 31 16 24
split_gain=7219.62 986.171 440.587 366.698 356.321 501.657 553.859 330.583 347.013 289.676 267.841 260.047 209.38 200.617 198.914 289.515 278.019 221.345 218.189 266.651 217.832 216.734 196.398 195.428 457.549 194.551 211.452 250.964 272.171 199.612 184.2 183.423 177.629 220.469 292.969 423.316 265.33 523.975 284.39 199.85 552.44 196.375 269.668 176.388 175.947 240.359 179.887 178.391 168.327 163.568 162.373 240.629 207.438 174.157 715.647 233.664 162.145 170.771 160.745 160.52 380.887 179.275
threshold=0.55961580177221515 2.2012710174651149 -0.99904236206516772 0.85460566359260415 1.804996410614528 0.99863729997741479 2.6280583917253444 0.14139784946236564 1.7050441072354954 1.515828391517611 3.0389727748561328 54.840375538382411 0.094275748646527283 0 0.11853411682973876 -0.8982586596074329 189.61365123276713 2.0451646724268824 16.900000000000002 3.5912393499179838 3.4363998887236114 41.264788150328762 3.901888492763165 -0.99374406038856444 -0.98376170968447474 8.6371977438490841 22.061986462017874 -0.5 6.2189460023837073 -0.246361274293315 0.36738285982217683 1.8292929099524267 1.4091926819187848 0.1836773534595661 73.950000000000017 2.7085169350562386 -0.84374447618434878 -0.35273909160235833 0.041397849462365598 0.14539831731376898 82.544995689392081 1.8504845803666172 0.46995942967050169 1.633478326912394 4.8798862397069902 0.0069892473118279581 3.2483325121023006 10.250000000000002 -0.036372833768900679 3.8312558987408241 40.045633164046897 -0.85283291294431784 -0.2901550335833068 0.60019216940316622 0.81499831288977631 64.766955058362726 2.0505935949005782 64.61988306045528 52.241667366027777 2.8269569663598695 11.150000000000002 -0.0085834810820868326
decision_type=2 2 2 2 2 2 2 2 2 2 2 2 2 9 2 2 2 2 2 2 2 2 2 2 2 2 2 2 2 2 2 2 2 2 2 2 2 2 2 2 2 2 2 2 2 2 2 2 2 2 2 2 2 2 2 2 2 2 2 2 2 2
left_child=2 10 -1 7 -4 9 -7 14 -9 25 13 -10 -12 -2 15 18 -17 -18 19 -3 -19 30 -5 -13 -25 26 27 -6 -29 48 -16 -15 -33 39 43 36 37 -36 58 49 41 -41 -43 -35 46 -46 -11 -47 -27 -34 51 -28 -53 -52 -55 -56 -23 -58 -38 61 -61 -32
right_child=1 3 4 22 5 6 -8 8 11 44 12 23 -14 31 21 16 17 20 -20 -21 -22 56 -24 24 -26 29 50 28 -30 -31 59 32 33 34 35 -37 38 -39 -40 40 -42 42 -44 -45 45 47 -48 -49 -50 -51 53 52 -54 54 55 -57 57 -59 -60 60 -62 -63
leaf_value=0.023302658380988411 -0.00032790385331250106 -0.00021675237112904068 -0.005625628205663989 0.010074523653867002 -0.012071046605581802 -0.0031178056747808943 0.040304344377746798 -0.012780185515757337 0.01940681348368142 0.0066658357067553922 0.020053125131367026 -0.0011373373705548075 -0.0028695304686269857 0.0011523976583166853 -0.00087145306132359725 0.01015299844491621 0.016553583703256179 -0.0031108099325967311 0.0096335161848692692 0.012193205689922758 0.017596367065097169 -0.019764064722301244 0.0289921455875271 0.031680300329064805 0.0071623251807863293 0.0017702551403321152 0.0023271874724130562 0.00084952543088578957 0.023068058543001948 -0.0071878158029003948 0.0025515888973861333 -0.0010103015346928763 0.011881696383049922 -0.010290190381941532 0.035493006055283965 0.038682856659035918 0.004744990037533702 0.0047979635511154351 0.019389342833671653 -0.0030742452353147622 0.034724373212929462 0.00049311695161580096 0.022997823026957017 0.0066811834998353158 0.020485225669012407 0.010698476732105671 -0.0095199097802964178 -0.0017150249191877219 0.02180560087146818 -0.0011058602674150597 -0.006289121892643839 -0.023291481512478437 -0.0091695986197791821 0.024637183497044239 0.0039374752194902309 -0.0078564657953330563 0.011662557060196383 -0.010748528493144971 -0.012451357110521984 0.026533101713286652 0.0055099868243689244 0.016792218420978187
leaf_weight=501 30051 11729 113450 13781 781 543 509 530 2958 933 1247 1431 501 30531 6418 17534 803 3730 3719 1792 516 606 509 829 3865 855 1158 1660 703 893 13435 4205 988 850 940 525 1823 1068 952 1794 612 1057 872 1546 796 1604 1809 2953 672 7202 15081 1269 3585 880 2237 4643 543 688 663 965 3892 841
leaf_count=501 30051 11729 113450 13781 781 543 509 530 2958 933 1247 1431 501 30531 6418 17534 803 3730 3719 1792 516 606 509 829 3865 855 1158 1660 703 893 13435 4205 988 850 940 525 1823 1068 952 1794 612 1057 872 1546 796 1604 1809 2953 672 7202 15081 1269 3585 880 2237 4643 543 688 663 965 3892 841
internal_value=3.12782e-05 0.00416136 -0.0046501 0.00634532 -0.00474003 -0.00243335 0.0179829 0.00552383 0.0107269 -0.00294063 0.00188507 0.0121048 0.0134937 0.00164746 0.0047789 0.00613238 0.00836717 0.00216148 0.00320342 0.0014319 -0.00057661 0.00281014 0.0107583 0.00856547 0.0115215 -0.00414152 -0.00476188 0.00262267 0.00749436 0.00405367 0.00352605 0.00271408 0.00461436 0.00574643 0.00951593 0.0130694 0.0105671 0.0192196 0.00549287 0.00322552 0.00843022 0.00406712 0.0106995 0.000651563 0.00216456 0.00532838 -0.0040104 0.00266129 0.0106298 0.000467186 -0.00556686 -0.00995275 -0.0128817 -0.00441052 -0.000757904 -0.00402165 -0.00713002 -0.000855703 0.000143049 0.005001 0.0097099 0.00339609
internal_weight=336056 178541 157515 91114 157014 43564 1052 76824 9613 42512 87427 9083 1748 85679 67211 39823 22583 5049 17240 13521 4246 27388 14290 6125 4694 34417 31997 3144 2363 2420 25551 55628 25097 20892 8367 5971 5446 2008 3438 12525 4335 3723 1929 2396 8095 5353 2742 4557 1527 8190 28853 6012 4854 22841 7760 6880 1837 1231 2486 19133 4857 14276
internal_count=336056 178541 157515 91114 157014 43564 1052 76824 9613 42512 87427 9083 1748 85679 67211 39823 22583 5049 17240 13521 4246 27388 14290 6125 4694 34417 31997 3144 2363 2420 25551 55628 25097 20892 8367 5971 5446 2008 3438 12525 4335 3723 1929 2396 8095 5353 2742 4557 1527 8190 28853 6012 4854 22841 7760 6880 1837 1231 2486 19133 4857 14276
cat_boundaries=0 1
cat_threshold=9224
is_linear=0
shrinkage=0.03


Tree=98
num_leaves=63
num_cat=0
split_feature=1 1 5 25 4 18 32 20 23 31 27 23 27 27 24 32 25 27 29 23 24 28 31 17 18 17 29 25 16 23 4 18 27 25 29 25 2 24 32 5 7 23 23 25 32 23 20 20 24 16 24 20 18 23 28 9 24 3 25 25 16 23
split_gain=6779.37 990.8 385.17 363.268 319.727 316.941 298.241 448.999 358.535 283.319 281.409 593.561 460.865 388.106 280.402 235.703 253.888 232.915 221.689 241.501 254.978 339.015 317.908 304.495 217.554 225.179 210.898 202.026 192.454 190.164 212.088 209.429 213.488 183.099 228.464 175.686 174.258 174.121 173.464 335.866 196.338 206.355 238.138 206.07 192.803 191.22 240.754 167.088 231.376 200.002 228.233 163.939 190.756 202.93 157.294 156.816 155.871 241.594 261.935 396.758 265.656 362.016
threshold=0.54255517987695989 1.9190152319085572 1.1463199737802052 1.804996410614528 2.131442042721186 691.9795920360566 -0.69171099380340217 40.299461206478959 0.99863729997741479 2.1608583716037661 0.074731182795698944 -0.64056958004474651 0.089784946236559152 0.11666666666666668 -0.98669422938859286 0.038743566165185518 1.5628515965996252 0.19838709677419356 1.3551758041661104 0.58637393129089799 -0.60703521118548998 -0.19394424430352084 3.0005303793656686 73.850000000000009 637.19260424194351 73.65000000000002 0.044109217475255945 41.26626344430111 11.800000000000002 -0.24635219865135785 2.6611665365846542 583.03248182830828 0.018817204301075273 4.6685219194179268 0.23277141575115587 11.269347608742377 2.3635392477377142 0.32041146939831461 1.0000000180025095e-35 0.19602268188847863 10.392358183861839 -0.085730500155694681 -0.13690605792347518 24.661279086444171 -0.41011318957685344 0.41612469599147456 37.843074243723116 22.905322486475324 -0.79980977965991029 16.350000000000005 -0.8982586596074329 33.850165295507999 41.853209403187257 -0.64056958004474651 0.37967475081415236 -0.3108774098901127 -0.26296220265651482 0.14405326918305214 0.28643874280475162 0.72535584729605473 18.450000000000003 0.90927406153630363
decision_type=2 2 2 2 2 2 2 2 2 2 2 2 2 2 2 2 2 2 2 2 2 2 2 2 2 2 2 2 2 2 2 2 2 2 2 2 2 2 2 2 10 2 2 2 2 2 2 2 2 2 2 2 2 2 2 10 2 2 2 2 2 2
left_child=3 10 4 56 5 37 8 24 14 -7 15 -12 -13 -14 -5 29 -17 38 19 20 22 23 -18 -22 25 -8 -11 -19 33 30 31 32 35 -27 -35 -2 -31 -3 39 40 43 42 44 -6 54 46 -43 -16 49 -49 -51 -50 53 -53 -42 -41 57 -1 -59 60 61 -60
right_child=1 2 -4 6 17 9 7 -9 -10 26 11 12 13 -15 47 16 18 27 -20 -21 21 -23 -24 -25 -26 28 -28 -29 -30 36 -32 -33 -34 34 -36 -37 -38 -39 -40 55 41 45 -44 -45 -46 -47 -48 48 51 50 -52 52 -54 -55 -56 -57 -58 58 59 -61 -62 -63
leaf_value=-0.0049934638527016047 0.0020880423482613274 0.0032564608693762503 0.011810358081295018 0.013022824019966236 0.003266082516965179 0.0046701022197170369 0.015524304992376583 0.025222760296539404 0.014452458313673523 -0.0014986176521934826 -0.0088685668842528303 0.045436100225796444 -0.0059959279909739364 0.02862570167201545 0.00036197649156816418 -0.0018724710307173628 -0.021226143087825642 0.026607924267295378 0.021254639050592192 0.01716411207364384 0.036143619399232996 -0.00061423590142277841 0.0028263398670201074 0.009738953245309552 0.012719214864832186 -0.0050520849820204624 -0.016228126559991757 0.010028751238733879 -0.0082784275079262771 0.0013928941078621285 -0.01327380609673029 -0.0051055093668831118 -0.0034671935587247266 0.00023774738866620064 0.021236546069398746 0.019994851120491149 0.01274248962406728 0.010618913338564221 0.0074477265782379428 0.011737356949264328 0.0033196664150651834 -0.014185106652548071 0.020954217422872429 0.018134290613761359 0.0047160695606755969 0.0095963629792826487 0.0045808719256843263 -0.02042960132686153 -0.0071509599579078565 0.0069869801571532594 -0.011621216662683422 0.019311711294379384 -0.0038336677428033299 0.0002899747085709148 -0.0090709021240823143 0.0047256987559273541 -0.0059506594528590667 -0.01028895842471861 -0.011925598992213448 -0.0057465700616479006 0.027883939535800959 0.01966752631585281
leaf_weight=12536 13447 23031 8761 834 3128 2268 654 714 960 1735 879 502 589 569 5221 3916 720 806 912 1369 506 2300 1553 1732 1149 1874 1762 3676 3178 23906 1321 8165 7732 1264 734 507 1278 3303 32918 5784 1533 2267 567 1143 5277 580 841 1523 9566 770 2538 680 9872 1919 2301 5717 96041 1022 558 1367 851 773
leaf_count=12536 13447 23031 8761 834 3128 2268 654 714 960 1735 879 502 589 569 5221 3916 720 806 912 1369 506 2300 1553 1732 1149 1874 1762 3676 3178 23906 1321 8165 7732 1264 734 507 1278 3303 32918 5784 1533 2267 567 1143 5277 580 841 1523 9566 770 2538 680 9872 1919 2301 5717 96041 1022 558 1367 851 773
internal_value=-2.48898e-05 0.00395809 0.00578276 -0.00458529 0.00524681 0.00278706 -0.00225323 0.00242332 -0.00357384 -0.0035819 0.00123246 0.0110322 0.021565 0.0110658 -0.00410158 0.00087298 0.00451215 0.00643314 0.00726158 0.00568945 0.00337216 0.00747747 -0.00482244 0.0157762 0.000571336 -0.00124751 -0.00893281 0.0130365 -0.00281327 3.26655e-05 -0.0015336 -0.00101192 0.000530175 0.00167724 0.00798578 0.00274559 0.00197126 0.00418175 0.00595519 0.00426805 0.00166624 -0.000123778 0.00217745 0.00726165 0.000998072 -0.0061574 -0.00910798 -0.00454861 -0.00550273 -0.0114463 -0.0072858 -0.00419747 -0.00193 0.00529433 -0.00411874 0.00825552 -0.00548068 -0.00284118 0.00306049 0.00691378 0.0148404 0.00642756
internal_weight=335899 179301 107398 156598 98637 32099 43450 9567 33883 5765 71903 2539 1660 1158 32923 69364 13008 66538 9092 8180 6811 4538 2273 2238 8853 7704 3497 4482 7050 56356 31172 29851 21686 3872 1998 13954 25184 26334 62056 29138 17637 13366 9678 4271 9111 3688 3108 32089 26868 4831 3308 22037 12471 2599 3834 11501 113148 17107 4571 3549 2182 1331
internal_count=335899 179301 107398 156598 98637 32099 43450 9567 33883 5765 71903 2539 1660 1158 32923 69364 13008 66538 9092 8180 6811 4538 2273 2238 8853 7704 3497 4482 7050 56356 31172 29851 21686 3872 1998 13954 25184 26334 62056 29138 17637 13366 9678 4271 9111 3688 3108 32089 26868 4831 3308 22037 12471 2599 3834 11501 113148 17107 4571 3549 2182 1331
is_linear=0
shrinkage=0.03


Tree=99
num_leaves=63
num_cat=1
split_feature=1 1 1 24 16 31 2 2 8 24 34 26 23 18 23 23 27 24 16 3 2 24 23 24 24 17 24 21 7 23 24 24 17 21 31 21 21 27 3 7 24 29 20 26 27 26 26 26 23 24 24 24 23 23 23 1 21 8 18 18 23 26
split_gain=6207.04 951.879 364.154 349.789 368.064 283.97 264.893 262.451 222.63 214.494 211.386 207.138 277.638 601.601 203.061 658.894 375.948 297.097 240.414 226.224 222.492 459.252 607.158 587.499 403.482 545.197 328.362 300.017 272.134 204.997 195.511 429.359 1547.82 298.933 213.798 239.265 229.402 220.441 219.132 262.465 217.859 412.574 193.945 354.232 190.091 175.944 195.46 228.002 296.922 194.872 174.715 403.147 313.236 184.184 263.993 194.17 176.907 168.958 168.033 186.903 167.424 156.789
threshold=0.53338872910185509 1.9629372736191468 3.7536527174678422 -0.96914236212857563 18.450000000000003 2.1730893261706874 4.1247606955594049 3.2702539561186881 -1.0557841680380471 0.32041146939831461 0 9.6390392780303813 0.99863729997741479 45.274094663809358 -0.24635219865135785 -0.19613531578169993 0.073655913978494636 -0.93262014971044682 16.000000000000004 2.3192387949977342 1.7768058128265134 -0.84831994561267254 -0.45473838294431457 -0.5793997530542554 -0.35273909160235833 73.950000000000017 -0.25466173847491491 73.894985053620886 10.690425650286146 -0.89445413044074662 -0.79980977965991029 -0.74541039586774327 73.950000000000017 153.9730793305493 1.4598741554500572 14.546029873324844 8.994074534893775 0.0016259296101558431 0.26419383584157724 1.9284046925136453 -0.5 -0.35509620096831124 26.439264795871228 65.396470260620077 0.043548387096774201 18.650166702270454 25.073710823059063 45.492506980895982 -0.88664765382614386 -0.10281720934011651 -0.50739640075491554 -0.52211334636400797 -0.96699210069650898 -0.83440738405450643 -0.70403958523943955 2.559705119766853 70.699020468213646 -0.11066113703108729 542.95690417327899 111.24841832574042 -0.16236015996470335 33.413680744171124
decision_type=2 2 2 2 2 2 2 2 10 2 9 2 2 2 2 2 2 2 2 2 2 2 2 2 2 2 2 2 8 2 2 2 2 2 2 2 2 2 2 8 2 2 2 2 2 2 2 2 2 2 2 2 2 2 2 2 2 10 2 2 2 2
left_child=3 7 6 4 5 -1 9 14 -6 10 -3 -5 30 -14 17 -16 60 19 -18 -2 26 22 -22 28 25 -25 27 -19 -23 -27 33 32 -32 44 35 36 -33 -38 -39 57 -41 -42 -30 -44 58 -36 -47 48 49 -48 51 53 61 -12 55 -55 -57 -40 59 -13 -17 -52
right_child=1 2 -4 11 8 -7 -8 -9 -10 -11 50 12 13 -15 15 16 18 20 -20 -21 21 23 -24 24 -26 29 -28 -29 42 -31 31 34 -34 -35 45 -37 37 38 39 40 41 -43 43 -45 -46 46 47 -49 -50 -51 52 -53 -54 54 -56 56 -58 -59 -60 -61 -62 -63
leaf_value=0.0056133103317098981 -0.0016001838547729909 0.00020390473408523564 0.0095175637825200034 -0.0053321746638153259 -0.020989184912333564 0.033012373240823609 0.022278108282031594 0.022223591277046158 0.006644202132250511 0.009774798952919897 -0.0078143611596697814 -0.013061433285394667 0.032301058601290462 -0.005666236447726597 0.031463297886953512 -0.011771733537543955 0.0010540878903478957 -0.0018200050589774154 0.025910849122318832 -0.029304505065926092 0.044415545509808314 0.0046768265896264165 0.0015653790589845314 -0.007089449430259501 0.0017044256679949162 0.042042284414899593 0.0012059738489450988 -0.012037520190638525 -0.030321835478536969 0.018600114934185393 0.051623722770169293 -0.0087825602095490431 -0.011413833050796334 0.013702503009039019 0.018603696186319744 -0.0066888955342877211 -0.0060796390068726842 -0.0047540879204792342 0.0057723911908389471 -0.013233766123457941 0.025010446308905841 0.00023038408894185657 -0.019623475970588677 0.0099008194989317535 0.0040600941794991293 -0.0083189612506494436 0.0097599598855947437 -0.011469190362268112 0.022490965917358396 -0.011030622648449909 0.0013831322380783958 0.029486789740092379 -0.0012661066746324765 0.004263160452062164 0.0047654456751654011 0.017742618894428037 0.0021570993439589104 0.027211173847034042 -0.0063933932868999134 -0.033169839464524009 0.0018110182714059738 0.010151856049179958
leaf_weight=843 511 10386 17660 109016 503 569 768 524 539 6729 929 2400 621 936 701 835 554 7535 949 548 541 860 655 611 5857 502 17429 3935 563 1046 574 2799 885 531 539 15326 2923 2029 576 627 781 2622 1108 541 803 1504 978 621 906 686 2992 628 10024 2399 42760 3579 804 783 2923 503 29566 4749
leaf_count=843 511 10386 17660 109016 503 569 768 524 539 6729 929 2400 621 936 701 835 554 7535 949 548 541 860 655 611 5857 502 17429 3935 563 1046 574 2799 885 531 539 15326 2923 2029 576 627 781 2622 1108 541 803 1504 978 621 906 686 2992 628 10024 2399 42760 3579 804 783 2923 503 29566 4749
internal_value=-5.90908e-05 0.00373613 0.0055908 -0.00445118 0.00677557 0.016732 0.00479088 0.00116677 -0.00673167 0.00463339 0.00419626 -0.00463159 -0.00289049 0.00953171 0.00101787 0.00279628 0.00216157 -0.000354979 0.0167826 -0.0160067 4.93904e-05 0.00343071 0.0210525 0.00152132 0.00579584 0.0168656 -0.00138824 -0.00532903 -0.0096238 0.026313 -0.0033486 -0.00242773 0.013478 -0.00786571 -0.00311824 -0.00414277 -0.00117166 0.000891635 0.00364085 0.00680309 0.00294912 0.00594584 -0.0151817 -0.00993657 -0.0096024 0.00245248 0.000580452 0.00478143 0.00872278 0.00118147 0.00479759 0.00568926 0.00223463 0.00539026 0.00563864 0.0111365 0.0148894 0.018179 -0.0114874 -0.0165966 0.00143608 0.00676571
internal_weight=335124 179778 104407 155346 2454 1412 86747 75371 1042 85979 79250 152892 43876 1557 74847 32605 31904 42242 1503 1059 41183 12284 1196 11088 8016 2159 28899 11470 3072 1548 42319 35159 1459 7160 33700 28466 13140 10341 7418 5389 4030 3403 2212 1649 6629 5234 4695 3191 2570 1664 68864 51099 17765 50471 49542 6782 4383 1359 5826 2903 30401 7741
internal_count=335124 179778 104407 155346 2454 1412 86747 75371 1042 85979 79250 152892 43876 1557 74847 32605 31904 42242 1503 1059 41183 12284 1196 11088 8016 2159 28899 11470 3072 1548 42319 35159 1459 7160 33700 28466 13140 10341 7418 5389 4030 3403 2212 1649 6629 5234 4695 3191 2570 1664 68864 51099 17765 50471 49542 6782 4383 1359 5826 2903 30401 7741
cat_boundaries=0 1
cat_threshold=1024
is_linear=0
shrinkage=0.03


Tree=100
num_leaves=63
num_cat=0
split_feature=4 5 32 4 24 16 27 9 24 19 7 25 23 23 23 16 24 24 31 23 32 24 4 24 27 25 32 31 5 26 3 24 23 16 18 25 24 16 16 16 24 21 18 27 28 23 21 23 23 4 18 24 28 29 32 24 31 21 18 24 25 32
split_gain=5708.46 621.117 683.522 488.578 470.555 741.275 372.968 364.846 330.862 338.952 409.035 373.198 363.959 498.523 657.314 1031.75 315.867 621.674 301.409 297.784 291.816 283.676 535.739 403.559 457.876 488.187 306.513 282.667 272.674 271.033 271.388 261.396 2138.24 524.057 588.454 336.227 290.035 465.911 417.692 315.53 269.371 379.156 343.985 335.398 280.887 240.779 239.328 231.734 372.247 217.803 213.19 208.809 208.777 231.611 256.294 357.255 377.745 599.056 342.415 426.401 243.478 211.861
threshold=1.1720257328650343 0.47241611350734464 -0.045327476804668969 0.45717708213247521 -0.8572830456751136 9.7500000000000018 0.0048387096774193559 -0.39707985537469681 -0.99992632385251334 4.3100708759369413 2.8488617251130011 38.964646605318116 0.44709379298511415 -0.085730500155694681 -0.13690605792347518 12.200000000000001 -0.99550911953113219 -0.9770278626699701 2.4322521256028478 0.97516411509186673 1.2484293209356569 -0.99815866078541837 2.6223938427468183 -0.99374406038856444 0.10107526881720431 30.718496452167795 -0.96248929360294921 1.9718700065773509 0.098366176493445617 54.248198604583671 2.3365327510033005 -0.87444874304365161 -0.43938332272944897 19.550000000000004 189.61365123276713 4.4353519155253336 -0.96477059369951401 11.150000000000002 11.500000000000002 10.900000000000002 -0.93867560834980956 11.481596374456553 620.70319082336437 0.14139784946236564 0.4721318418328464 0.93568234840038345 14.546029873324844 0.99628166032228249 0.9993738172047143 2.9536249938323986 637.19260424194351 -0.95517546204608139 0.56671597700234055 -0.7351568261734257 -1.3162811547593667 0.63395513778623458 1.3622157825370018 17.40217106970557 41.853209403187257 -0.20454453068330639 6.2189460023837073 -1.0977199228029988
decision_type=2 2 2 2 2 2 2 8 2 2 10 2 2 2 2 2 2 2 2 2 2 2 2 2 2 2 2 2 2 2 2 2 2 2 2 2 2 2 2 2 2 2 2 2 2 2 2 2 2 2 2 2 2 2 2 2 2 2 2 2 2 2
left_child=3 2 4 -1 5 29 20 -3 -7 10 -10 12 13 14 -12 -16 -8 28 -15 45 49 22 -11 -23 26 -26 -25 -19 -18 30 -2 32 -29 34 35 -33 37 -34 39 46 41 -40 43 44 -42 52 -38 -5 -49 -4 -9 -43 53 -6 -55 56 57 58 60 -60 -56 -62
right_child=1 7 6 47 19 8 16 50 9 21 11 -13 -14 18 15 -17 17 27 -20 -21 -22 23 -24 24 25 -27 -28 31 -30 -31 -32 33 36 -35 -36 -37 38 -39 40 -41 42 51 -44 -45 -46 -47 -48 48 -50 -51 -52 -53 -54 54 55 -57 -58 -59 59 -61 61 -63
leaf_value=-0.0049108103227599367 -0.0064007565676577833 0.0116958471625687 0.0016201816424735716 -0.00164302504521747 -0.01104014694175541 0.026260248205405973 0.024793766542195159 0.0065698585923316634 0.017632846576368415 0.040886675664755727 0.0012378107490846188 0.020786860243656384 0.017696793169489352 -9.3434065034634281e-05 -0.004941356380942708 0.047339075077111284 -0.016390152889130576 0.022509446840444109 -0.010783139738685674 0.015768778134515288 0.018924341781695626 -0.0081970666675780998 0.0023302636314551607 -0.0092849430163122401 0.044716008737098252 0.012909297803732426 0.0099249864816028533 0.056637449745922143 0.0090037016064531544 -0.01476474254079266 0.0096953309520894961 0.027235087534226477 0.041997572389092144 0.027570880738184391 -0.0076996896556781637 0.0056576043435493158 -0.0089555257873476166 0.0087491831739204672 0.020498256358550862 -0.026181290974192577 0.013707821806732967 0.0080881134112870297 0.029618856928023247 0.020635518483681777 -0.013552478702219723 -0.014522636870050636 0.012810349787685136 0.024500705929296224 -0.0084496643880856842 -0.012778007837060755 -0.001121450596976329 -0.01299907867806591 -0.0036499217331956266 -0.0062673430634711752 -0.0080208223803426588 -0.0076620927862384265 0.0014280634129461135 -0.0029103457512313644 0.041746809333146534 0.010271172628079707 0.0038613233350662753 0.027122410970747197
leaf_weight=121436 2966 12078 12794 44852 1425 696 896 18706 1621 704 4837 892 1087 5905 598 779 1432 1123 3965 958 820 1154 599 983 623 1430 3073 848 514 1943 1376 670 514 913 3084 17831 1099 1424 687 527 607 650 965 1124 761 1165 768 764 512 1016 3922 1189 14687 3481 523 2789 16075 1918 901 684 685 725
leaf_count=121436 2966 12078 12794 44852 1425 696 896 18706 1621 704 4837 892 1087 5905 598 779 1432 1123 3965 958 820 1154 599 983 623 1430 3073 848 514 1943 1376 670 514 913 3084 17831 1099 1424 687 527 607 650 965 1124 761 1165 768 764 512 1016 3922 1189 14687 3481 523 2789 16075 1918 901 684 685 725
internal_value=6.66002e-06 0.00391072 0.00298104 -0.00391243 0.00125937 0.00386835 0.00565751 0.00748597 0.00589598 0.0053897 0.00322049 0.00192258 0.000936849 -0.000200981 0.00645243 0.0246991 0.00723776 0.00680618 -0.00439101 -0.000738343 0.00159227 0.0103696 0.0232386 0.00804646 0.0111191 0.0226465 0.00526363 0.00772959 -0.00967695 -0.00546727 -0.00129455 0.00723323 0.0109863 0.00536899 0.00442373 0.00644616 0.00720773 0.0176528 0.0047822 -0.00579948 0.0090176 0.00156523 0.0144529 0.00853243 -0.00145085 -0.00109102 8.27987e-06 -0.00128387 0.0112979 0.000556667 0.00523681 -0.00554403 -0.000732906 0.000734365 0.00134021 0.00243106 0.00374116 0.0105737 0.0179189 0.0282386 0.00940592 0.0158754
internal_weight=335773 168209 133503 167564 81247 35231 52256 34706 28946 28250 19684 18063 17171 16084 6214 1377 37626 36730 9870 46016 14630 8566 1303 7263 6109 2053 4056 34784 1946 6285 4342 33661 11163 22498 21585 18501 10315 1938 8377 2394 5983 2526 3457 2492 1368 45058 1867 46128 1276 13810 22628 1839 43893 29206 27781 24300 21511 5436 3518 1585 1933 1410
internal_count=335773 168209 133503 167564 81247 35231 52256 34706 28946 28250 19684 18063 17171 16084 6214 1377 37626 36730 9870 46016 14630 8566 1303 7263 6109 2053 4056 34784 1946 6285 4342 33661 11163 22498 21585 18501 10315 1938 8377 2394 5983 2526 3457 2492 1368 45058 1867 46128 1276 13810 22628 1839 43893 29206 27781 24300 21511 5436 3518 1585 1933 1410
is_linear=0
shrinkage=0.03


Tree=101
num_leaves=63
num_cat=4
split_feature=1 1 5 25 23 34 13 26 18 3 25 5 25 23 25 32 20 18 23 30 2 24 18 13 31 24 24 24 16 23 13 18 21 25 25 34 20 24 31 18 24 25 16 24 25 28 0 26 34 24 18 23 13 5 5 24 23 23 24 31 16 20
split_gain=5587.49 813.614 354.623 350.94 501.329 257.174 243.407 263.428 300.08 320.067 232.354 231.481 222.42 314.911 575.645 316.44 535.286 280.71 236.458 210.041 206.325 204.928 226.272 231.504 201.444 295.854 323.151 512.111 547.014 428.996 238.236 221.145 272.646 219.287 363.663 193.06 182.353 164.227 161.21 160.73 237.282 280.374 175.686 183.691 155.37 154.441 144.427 139.619 139.558 138.955 155.194 177.563 137.044 179.048 136.399 133.796 229.582 343.122 216.089 202.079 331.402 177.355
threshold=0.53338872910185509 2.2012710174651149 1.0770132188554573 16.851755244336946 -0.62729398729515451 0 1.8386124761600355 104.44958744049073 54.840375538382411 3.4085829455156218 1.6179563127159702 -0.41622459980865184 1.6179563127159702 0.99863729997741479 2.4652421584613227 -0.68357624697897257 40.299461206478959 765.05246007690437 0.0085831648773537477 1 3.7675879926273343 -0.22131713103510575 76.302805655250481 1.5029525892764648 2.7326321147191819 -0.99815866078541837 -0.53667642277345495 -0.35273909160235833 16.900000000000002 -0.55822315702467107 2.2716808533838235 637.19260424194351 17.941724172885067 10.906747272073904 20.755774476667572 2 11.399854398661221 -0.93262014971044682 1.5585421012997365 22.061986462017874 -0.5 6.2189460023837073 19.900000000000002 -0.8905837001257676 4.4353519155253336 1.3182187985486051 4.5031368732452401 109.89785137176511 3 -0.79980977965991029 691.9795920360566 -0.15389057670406206 1.2088113624788546 -0.44004799032405634 -0.13827105748349564 -0.96914236212857563 -0.21293867525431634 -0.15389057670406206 -0.96477059369951401 3.5912393499179838 12.200000000000001 39.885580166800132
decision_type=2 2 2 2 2 9 2 2 2 2 2 2 2 2 2 2 2 2 2 1 2 2 2 2 2 2 2 2 2 2 2 2 2 2 2 9 2 2 2 2 2 2 2 2 2 2 2 2 9 2 2 2 2 2 2 2 2 2 2 2 2 2
left_child=3 5 6 12 -5 -2 19 10 9 -9 -8 24 -1 15 -15 39 17 18 36 -3 -11 22 23 -20 25 -7 29 28 -28 33 -31 32 -26 -27 -35 -12 -17 -32 -21 40 -14 -42 49 -44 -45 47 -4 54 -38 50 51 -41 53 -53 -40 56 -37 -58 -57 60 -59 -60
right_child=1 2 46 4 -6 11 7 8 -10 20 35 -13 13 14 -16 16 -18 -19 21 38 -22 -23 -24 -25 31 26 27 -29 -30 30 37 -33 -34 34 -36 55 48 -39 45 42 41 -43 43 44 -46 -47 -48 -49 -50 -51 -52 52 -54 -55 -56 58 57 59 61 -61 -62 -63
leaf_value=-0.0050596082280947152 -0.00015845717435305018 0.0083660468522613381 0.010176997581962907 -0.0095512690440992046 0.024799580948961307 0.026181269895274781 0.023313390353343798 0.037369081355695069 0.0062791306526766557 -0.00085436494268391935 0.0076965705894226737 0.001486048121286537 -0.013061845523649664 -0.00684960717665854 0.031951563596441086 -0.007825098931766682 0.027902980804613366 0.019437829805447195 -0.016150847106909439 0.0097934423040779896 0.017514946435477109 0.0030148902528551371 -0.023820475603811578 0.010010492964909698 0.018037483958063684 0.0043776856338762025 0.034684667782028437 0.0029520885611620902 -0.0028858657334913072 -0.00025232286142783241 0.0028768018769910007 0.024615402491467604 -0.0013348518810435337 -0.029079723118376099 0.0015296453221896973 -0.015784242693471777 -0.0040670159157021202 0.024873295931594586 0.010523333223977981 -0.028230717607590494 -0.00077573141402915969 0.020157934806134134 0.016920601553735728 -0.0095042428443424323 0.0098263819023786773 -0.0091175056358865567 0.02543286718301066 -0.013195533557421871 0.0085282190101675318 -0.0047027053458128217 -0.00011653486542265786 -0.025525577825286458 0.0032515445245672827 -0.0086729039100318251 4.9546996761535313e-05 0.023717201229837177 0.022672101935463863 -0.0086491014622542481 0.005028469647643855 0.013403468216706845 0.007572514362118238 -0.0018258278914958272
leaf_weight=109759 42486 3578 8465 669 881 523 611 587 6141 718 14771 29855 744 722 650 1225 651 610 676 1431 2345 1043 979 546 1220 506 1098 4254 509 3509 554 946 1401 992 537 743 1056 680 1265 569 1754 852 613 1004 590 1735 596 629 3088 22123 1116 744 570 2384 9415 513 632 3148 27287 799 1765 3878
leaf_count=109759 42486 3578 8465 669 881 523 611 587 6141 718 14771 29855 744 722 650 1225 651 610 676 1431 2345 1043 979 546 1220 506 1098 4254 509 3509 554 946 1401 992 537 743 1056 680 1265 569 1754 852 613 1004 590 1735 596 629 3088 22123 1116 744 570 2384 9415 513 632 3148 27287 799 1765 3878
internal_value=-2.8692e-05 0.00356855 0.00556268 -0.00419234 0.00999027 0.00152984 0.00493971 0.00580824 0.0103365 0.017145 0.00498855 0.00306885 -0.00433535 -0.00254089 0.0115821 -0.00299347 0.00171863 -0.000143694 -0.00154099 0.00186288 0.0132146 -0.00792942 -0.0131107 -0.00446858 0.00589412 0.0041774 0.00325689 0.00841234 0.0228126 -0.001204 0.00374045 0.012214 0.00769959 -0.012709 -0.0183595 0.00477725 0.00232274 0.0150495 0.000253061 -0.00440074 0.00182638 0.00609377 -0.00510301 0.00303519 -0.00234089 -0.000796924 0.0111939 0.000483065 0.00532834 -0.00575643 -0.0100786 -0.012681 -0.0102535 -0.0127157 0.00129447 0.0036611 -6.42079e-05 0.00178788 0.00449556 -0.000540647 -0.0028197 0.0041754
internal_weight=335740 180122 91052 155618 1550 89070 81991 63938 9791 3650 54147 46584 154068 44309 1372 42937 9874 9223 8613 18053 3063 3244 2201 1222 16729 13162 12639 5861 1607 6778 4743 3567 2621 2035 1529 53536 5369 1234 14475 33063 3350 2606 29713 2207 1594 13044 9061 11309 4144 27506 5383 4267 3698 3128 10680 38765 7087 6344 31678 5712 4913 31165
internal_count=335740 180122 91052 155618 1550 89070 81991 63938 9791 3650 54147 46584 154068 44309 1372 42937 9874 9223 8613 18053 3063 3244 2201 1222 16729 13162 12639 5861 1607 6778 4743 3567 2621 2035 1529 53536 5369 1234 14475 33063 3350 2606 29713 2207 1594 13044 9061 11309 4144 27506 5383 4267 3698 3128 10680 38765 7087 6344 31678 5712 4913 31165
cat_boundaries=0 1 2 3 4
cat_threshold=9225 1 146 8233
is_linear=0
shrinkage=0.03


Tree=102
num_leaves=63
num_cat=2
split_feature=0 13 25 23 5 26 34 2 23 24 0 28 29 31 23 24 24 0 19 26 26 34 5 7 9 17 24 13 6 17 23 31 24 20 23 28 26 24 23 0 5 5 8 24 5 9 20 24 24 17 5 24 31 33 31 23 23 24 24 4 23 2
split_gain=5117.1 671.355 506.323 639.339 483.168 353.916 293.096 290.518 256.843 269.154 251.026 248.025 244.648 236.853 214.053 267.838 806.225 173.936 172.675 171.415 215.294 163.987 194.187 161.309 155.697 150.74 156.114 147.914 147.892 138.484 261.622 192.567 147.886 144.722 209.686 158.656 139.259 160.901 247.845 133.098 122.746 128.164 119.424 117.487 115.241 115.079 121.182 131.824 922.108 225.027 149.849 210.686 137.605 120.791 112.821 112.549 119.031 109.521 180.563 109.292 112.014 108.828
threshold=0.74173951148986828 1.8504845803666172 13.91896556754026 -0.61383352812826175 0.79654587837592528 102.15504150390618 0 2.8440214239711099 -0.45473838294431457 -0.97322851985520697 0.095309935510158553 1.1904402178438807 1.430663215437691 2.0026150855292126 -0.51477383718533543 -0.99374406038856444 -0.98933596577443683 2.4159957170486455 2.8505341756166178 130.80491752624511 109.89785137176511 1 -0.29819784466198723 2.0816104444599062 -1.7154534942626911 73.950000000000017 -0.02574791365498821 1.1339696474660117 10.500000000000002 75.700000000000017 -0.96699210069650898 3.0005303793656686 0.085727341951035305 24.202394163978258 0.1283936251113518 0.061305576457974693 78.845744132995605 -0.36874934642598389 -0.48504197719567627 4.3619031906127939 0.60576161730011646 -1.5481426245037879 -4.8549973759717879 0.49252992309759819 1.3977650139343882 -1.3934385500069115 41.264788150328762 -0.8905837001257676 -0.87444874304365161 74.500000000000014 0.3123351487687428 -0.91281223188962002 3.3211331167232321 1.5000000000000002 3.5912393499179838 0.11135109471829405 -0.27123391067291053 -0.98053927088909909 -0.96477059369951401 2.3451799862435174 0.91628314851554127 1.1890571291067031
decision_type=2 2 2 2 2 2 9 2 2 2 2 2 2 2 2 2 2 2 2 2 2 9 2 10 8 2 2 2 2 2 2 2 2 2 2 2 2 2 2 2 2 2 10 2 2 8 2 2 2 2 2 2 2 2 2 2 2 2 2 2 2 2
left_child=2 4 10 61 11 6 40 -7 -5 -10 -1 12 27 -14 -9 -16 -17 -18 19 20 -19 22 -8 -13 -12 -25 -27 28 -2 30 32 59 -29 34 -32 43 37 38 -37 45 41 -3 -42 -35 -6 -23 47 49 -49 52 51 53 -47 -51 -55 56 -52 -43 -59 60 -31 -4
right_child=1 5 3 8 44 7 21 14 9 -11 24 23 13 -15 15 16 17 18 -20 -21 -22 39 -24 25 -26 26 -28 29 -30 31 33 -33 -34 35 -36 36 -38 -39 -40 -41 42 57 -44 -45 -46 46 -48 48 -50 50 55 -53 -54 54 -56 -57 -58 58 -60 -61 -62 -63
leaf_value=-0.0046412315503575703 -8.686075041215355e-05 0.020092760248172307 0.0038186964813383597 0.033994759571112303 0.0051653281856286004 0.026923041446585853 -0.0096046982388849796 -0.0028456610191129467 0.022180848646425656 -0.00074720306294586726 0.0086139365089826104 0.0049091299958029591 0.0033107400059822533 0.026843176381261304 0.0029240751502973257 0.045357355982993001 -0.0065072923459539647 0.015677265733671588 0.0071699257939851508 0.0059333496102082009 0.039691666202684266 0.013688955219376501 0.0018474685523569723 -0.011847256336940379 -0.0021683780591519805 -0.0048117437572514901 0.0095844695801475047 0.0079887286206222399 -0.0079155834086381098 0.00019580913585205871 -0.0059205585326687887 0.018203119544564769 0.024161094339980933 0.00012251214984789469 0.010165831821633255 0.027446718530366707 -0.0035732019076843489 -0.0020036966495780438 0.006886268953395459 0.018079752040518544 0.0186959232481697 1.3525516780619513e-05 0.0085960347373394523 0.014095432409479091 0.011561325484112249 0.010176006126176411 -0.0030636169707281874 0.035204134354990875 0.0044332723883973787 -0.01013932781126692 0.012633426597664275 -0.019194727809272845 -0.00052787408560334376 -0.00083916853159686847 0.013326386302414383 0.015591513971056866 -0.0039435778480000037 0.019686098326630347 0.0060449643097604255 -0.0058252519738813905 0.010346798260711906 -0.012402902191459406
leaf_weight=125295 17472 590 539 575 10043 877 1571 1216 943 896 1244 1595 948 645 2860 656 501 989 2928 695 514 1094 8622 2391 34563 5188 775 1406 2475 14159 3011 530 800 4707 957 1007 545 513 1112 616 1512 2441 3517 607 3396 3668 2163 901 27048 1139 580 637 1531 5245 555 730 1164 923 15184 2535 1046 1184
leaf_count=125295 17472 590 539 575 10043 877 1571 1216 943 896 1244 1595 948 645 2860 656 501 989 2928 695 514 1094 8622 2391 34563 5188 775 1406 2475 14159 3011 530 800 4707 957 1007 545 513 1112 616 1512 2441 3517 607 3396 3668 2163 901 27048 1139 580 637 1531 5245 555 730 1164 923 15184 2535 1046 1184
internal_value=2.02768e-05 0.00366582 -0.003742 0.00661552 0.00161217 0.00539121 0.00470198 0.0103819 0.0165652 0.0110381 -0.00400817 0.000532609 0.00132816 0.0128931 0.00896926 0.0105413 0.0140036 0.0103113 0.0119598 0.0183098 0.0239941 0.00353009 7.84783e-05 -0.00382187 -0.00179263 -0.00549079 -0.00293423 0.0009786 -0.00105998 0.00221323 0.00438401 0.000470066 0.013895 0.0026951 -0.00203294 0.00490449 0.0102027 0.0130566 0.0166987 0.00427725 0.00747295 0.00637695 0.0116482 0.00173034 0.00678528 0.00409322 0.00386031 0.00420732 0.00543136 0.00196281 -0.000658875 -0.00275231 0.00702645 -0.00123016 0.000526639 0.00574436 0.00158977 0.00593536 0.00683253 -6.47064e-05 0.0008973 -0.00733199
internal_weight=335769 170530 165239 4137 77863 92667 81431 11236 2414 1839 161102 64424 54475 1593 10359 9143 6283 5627 5126 2198 1503 57264 10193 9949 35807 8354 5963 52882 19947 32935 14665 18270 2206 12459 3968 8491 3177 2632 2119 47071 24167 19138 5029 5314 13439 46455 45361 43198 27949 15249 10050 7576 5199 6939 5800 2474 1744 18548 16107 17740 15205 1723
internal_count=335769 170530 165239 4137 77863 92667 81431 11236 2414 1839 161102 64424 54475 1593 10359 9143 6283 5627 5126 2198 1503 57264 10193 9949 35807 8354 5963 52882 19947 32935 14665 18270 2206 12459 3968 8491 3177 2632 2119 47071 24167 19138 5029 5314 13439 46455 45361 43198 27949 15249 10050 7576 5199 6939 5800 2474 1744 18548 16107 17740 15205 1723
cat_boundaries=0 1 2
cat_threshold=146 1024
is_linear=0
shrinkage=0.03


Tree=103
num_leaves=63
num_cat=4
split_feature=1 25 32 34 24 4 21 23 25 28 32 27 23 1 24 4 23 23 16 16 8 23 31 28 32 17 23 8 23 22 24 23 27 25 27 4 13 21 25 24 25 16 29 13 26 24 25 25 23 28 24 21 23 4 23 28 25 4 23 30 22 23
split_gain=4943.16 626.702 470.491 450.163 426.694 368.692 334.439 305.081 733.715 269.846 253.806 234.14 500.434 217.103 191.191 231.766 224.514 466.845 295.852 411.115 357.462 273.617 364.021 187.711 212.761 429.645 355.635 336.901 310.182 267.972 272.193 458.975 187.385 188.646 225.384 200.39 185.838 182.75 164.86 161.388 355.287 216.474 176.899 219.394 174.669 286.126 214.172 512.583 146.603 175.809 141.693 135.985 135.626 176.675 142.526 136.058 134.133 128.825 123.347 123.274 156.582 121.798
threshold=1.1164056565574854 1.6179563127159702 0.048690000510210225 0 -0.99904236206516772 2.158386023573891 70.699020468213646 0.99628166032228249 3.2483325121023006 -0.2161406566873417 0.14702692481732652 0.073655913978494636 -0.66655057241353222 4.9529772614864394 -0.26296220265651482 0.21633922749008444 0.75110426010738152 0.77332218843568057 18.450000000000003 19.550000000000004 -0.0044265128111531842 0.90927406153630363 0.039538213103311702 -0.38306949506231602 -0.809181182786887 73.65000000000002 0.39255950267913386 -5.9092859892516278 0.97516411509186673 1 0.49252992309759819 -0.54389891703310034 0.19838709677419356 33.770314933571932 0.15322580645161293 3.2655226939864819 2.2840647863837855 16.481004488134428 31.36160236623499 -0.41610936647687707 11.606379867913903 10.250000000000002 0.5911750154437565 1.5853751479035159 28.766499137878409 -0.02574791365498821 5.0194124257452399 4.505941076288301 -0.9998158143810113 1.4241046555330634 0.87444874304365194 21.691890221558243 -0.068614738002134482 0.62298802578939916 -0.23803327706148594 1.0218741159058433 15.73464294102804 0.58464453430136587 0.96247800481268331 2 3 -0.97516411509186662
decision_type=2 2 2 9 2 2 2 2 2 2 2 2 2 2 2 2 2 2 2 2 10 2 2 2 2 2 2 8 2 1 2 2 2 2 2 2 2 2 2 2 2 2 2 2 2 2 2 2 2 2 2 2 2 2 2 2 2 2 2 1 1 2
left_child=1 14 4 59 -3 38 10 11 51 -8 -4 23 -13 32 15 -1 18 -18 -17 20 -20 -19 -23 -6 39 26 -26 37 29 -29 52 -32 33 34 50 -36 -12 -27 48 42 41 44 43 -25 46 -46 47 58 -5 -50 -7 -9 54 -54 55 -31 -51 -16 -41 60 -2 -43
right_child=3 2 6 5 7 13 9 8 -10 -11 36 12 -14 -15 57 16 17 21 19 -21 -22 22 -24 24 25 27 -28 28 -30 30 31 -33 -34 -35 35 -37 -38 -39 -40 40 -42 61 -44 -45 45 -47 -48 -49 49 56 -52 -53 53 -55 -56 -57 -58 -59 -60 -61 -62 -63
leaf_value=-0.0042795642130900678 -0.012294836697246117 0.017763914283379475 0.029895895151535824 0.018672836029885932 -0.004805285483076828 0.0054262896234243841 0.013052651790542689 0.006662060565604767 0.031172625777609049 -0.014764583750923647 0.0023583377639160726 -0.011186130307597131 0.027939484292135188 0.02145824310496788 -0.0048963771877397122 -0.020453079592443066 0.032116529706216493 -0.0077208128705408188 -0.0031849086471972712 -0.015570944465021604 0.032393411657879193 0.031592019118363242 0.002116212947834646 -0.0059501023192827145 0.0026224960451051208 -0.00087955698732716532 0.037940355522560816 0.017746815517702894 0.017159917756808217 -0.0092696845185209747 0.028196473245362799 -0.003759946744672425 0.012408984450050013 -0.0037723570199348863 0.0070966163492250369 0.029274432053086611 0.01953351092375696 0.021251805788785515 -0.013667183562853248 -0.015759265793675786 0.019883073269451657 -0.010361617060930044 -0.013650443022439984 0.012912891200324373 0.00023045349265171587 0.021751008337016299 -0.011544328496984595 0.030141152161063951 0.0035705824801539926 -7.3301809165839118e-07 0.01858903646359255 -0.0083846033329112602 -0.0019453430840471371 -0.016456616108454218 0.010260781186887506 0.0023769962567333908 -0.013287282112674327 -0.0092236881661480127 0.00074081490862024817 -0.0019544450115667883 0.0044811744031475744 -0.0029801814346634213
leaf_weight=11843 532 993 687 535 23601 60654 503 953 833 817 1426 522 663 820 90065 710 579 1288 506 670 504 514 1382 4559 515 515 508 515 727 2666 578 1318 3837 1879 793 684 938 958 527 529 670 2872 2302 627 1463 892 1360 505 53125 6591 741 1236 1177 2109 602 1361 758 6652 1723 12832 6026 6713
leaf_count=11843 532 993 687 535 23601 60654 503 953 833 817 1426 522 663 820 90065 710 579 1288 506 670 504 514 1382 4559 515 515 508 515 727 2666 578 1318 3837 1879 793 684 938 958 527 529 670 2872 2302 627 1463 892 1360 505 53125 6591 741 1236 1177 2109 602 1361 758 6652 1723 12832 6026 6713
internal_value=-2.1049e-05 -0.00329553 -0.00107887 0.00402261 -0.00170517 0.00465413 0.00844998 -0.00200133 0.00730083 -0.00415528 0.0139015 -0.0024513 0.0107298 0.00615339 -0.00466616 -0.0018262 0.00289557 0.00745873 -0.0042896 0.00258182 0.0146411 0.00293146 0.0101691 -0.00270669 -0.00139469 0.00161528 0.0202598 8.50999e-05 -0.00171294 -0.00304935 -0.0041633 0.00603058 0.00596886 0.00558631 0.00586628 0.0174313 0.00920003 0.0135373 0.00296346 -0.00307884 -0.00143931 -0.00233493 -0.00673787 -0.00365928 0.00190329 0.00841058 -0.00182468 0.00298214 0.00310823 0.002969 0.00558666 -0.00183365 -0.00661272 -0.0112697 -0.00329824 -0.0053354 -0.00137925 -0.00519446 -0.00316142 -0.000244458 0.00310003 -0.00519617
internal_weight=335983 185649 70936 150334 66565 130944 4371 65572 3022 1320 3051 62550 1185 69408 114713 17996 6153 3763 2390 1680 1010 3184 1896 61365 37764 13549 1023 12526 11053 10326 9811 1896 68588 64751 62872 1477 2364 1473 61536 24215 16727 16057 7488 5186 6472 2355 4117 2757 61009 60474 61395 2189 7915 3286 4629 4027 7349 96717 2252 19390 6558 9585
internal_count=335983 185649 70936 150334 66565 130944 4371 65572 3022 1320 3051 62550 1185 69408 114713 17996 6153 3763 2390 1680 1010 3184 1896 61365 37764 13549 1023 12526 11053 10326 9811 1896 68588 64751 62872 1477 2364 1473 61536 24215 16727 16057 7488 5186 6472 2355 4117 2757 61009 60474 61395 2189 7915 3286 4629 4027 7349 96717 2252 19390 6558 9585
cat_boundaries=0 1 2 3 4
cat_threshold=1024 16 1 16
is_linear=0
shrinkage=0.03


Tree=104
num_leaves=63
num_cat=1
split_feature=1 1 1 24 24 24 16 2 6 24 24 16 31 5 29 2 19 5 25 4 18 13 27 4 17 24 27 27 24 31 31 32 27 24 24 32 4 31 24 19 25 17 16 20 2 27 31 29 27 31 27 5 30 2 20 19 32 25 5 31 31 27
split_gain=4769.05 646.165 455.434 298.841 208.416 211.261 226.41 223.336 206.05 257.516 286.166 719.536 238.547 308.811 224.858 183.955 170.321 169.904 160.982 160.147 146.663 143.186 143.036 143.015 200.737 312.866 358.263 418.381 245.153 156.907 142.55 142.229 142.096 179.058 331.511 271.909 200.982 220.417 139.629 240.024 472.153 173.845 149.889 187.089 159.914 164.145 159.8 230.627 181.371 247.156 240.043 187.894 181.128 168.758 138.266 210.562 211.461 187.692 164.326 136.923 135.15 169.196
threshold=1.2354819379390454 0.11332653719707649 3.0938889153692721 -0.99904236206516772 -0.99992632385251334 -0.99963164097526602 11.500000000000002 3.8496418630048228 9.5000000000000018 -0.5 -0.52211334636400797 11.500000000000002 0.9587680882576578 -0.41622459980865184 1.5236196016921502 2.8903092060117612 2.3793715192352765 1.2808433483002077 30.718496452167795 2.6431577712363246 37.117694727060837 1.9429170361536097 0.11666666666666668 1.0222669884806586 73.65000000000002 -0.92628984363228806 0.017741935483870971 0.0048387096774193559 -0.37672789363518483 1.9355749147862429 2.2261059824908074 1.2484293209356569 0.32258064516129042 -0.76785215827905995 -0.59330490695953197 0.36738387885828988 2.402308438469047 2.590481181596354 -0.93262014971044682 3.7219580927080202 17.283627578984667 74.500000000000014 18.450000000000003 39.885580166800132 2.1434925048943323 0.046774193548387098 2.8791115263802709 0.066242952450692102 0.061827956989247319 1.6454656903724885 0.051075268817204304 -0.36474171630969354 0 3.1148351061075634 36.408765373125327 3.580189827618049 -0.024719772164475847 9.8289952270566463 0.71592394458003861 2.5367708696849411 1.8757975794386275 0.019892473118279574
decision_type=2 2 2 2 2 2 2 2 2 2 2 2 2 2 2 2 2 2 2 2 2 2 2 2 2 2 2 2 2 2 2 2 2 2 2 2 2 2 2 2 2 2 2 2 2 2 2 2 2 2 2 2 1 2 2 2 2 2 2 2 2 2
left_child=1 21 4 -3 -2 6 -6 8 18 10 14 -12 -11 59 38 19 -16 20 22 23 -4 -1 31 29 25 -25 27 -27 -28 -5 -18 -7 33 36 35 -35 37 -22 39 41 -41 -10 43 46 -45 -46 48 53 50 -50 51 52 -40 -48 55 -15 57 -57 -56 -14 61 -26
right_child=2 3 17 15 5 7 -8 -9 9 12 11 -13 13 54 16 -17 30 -19 -20 -21 32 -23 -24 24 60 26 28 -29 -30 -31 -32 -33 -34 34 -36 -37 -38 -39 42 40 -42 -43 -44 44 45 -47 47 -49 49 -51 -52 -53 -54 -55 58 56 -58 -59 -60 -61 -62 -63
leaf_value=-0.0044208762158931157 0.020121146531445932 0.017165375456877765 0.0089418269872324589 -0.0015467673872716185 -0.023128132983313305 0.0044061184979019763 0.0034797204702421828 0.021232200818081279 0.0030079549904366547 0.0071448683170987799 0.043278706396353055 -0.0040486438606833226 0.012120187655070497 -0.0059065736097817113 -0.013840881612943022 0.015685510466713497 0.0075844651445825494 0.012986597758094602 -0.0082429997930142645 -0.010529077072272091 0.0051631625362515421 0.0024389376995231529 0.019933534456857454 0.029341772572175098 -0.00017511160659334813 0.00073548014278523291 -0.016813809392560948 0.036461028004448372 0.0079753893159933698 -0.01123629812536619 -0.0082840499923725539 0.02018339939488745 0.017929493013140493 0.02384606242265256 0.0036683278268514405 0.0053107060889628589 0.0040900363179938067 -0.013449027445003635 0.0090352250147060359 -0.001710903414181765 0.017846404729507829 -0.0055738302870166441 -0.00077039871125303969 0.0051315724621069127 -0.01730101959198653 0.0040983869232979649 0.014112785942191558 0.025162440908916162 -0.00022417455379815539 0.025251489965258705 -0.014661341133202421 0.0075756987313036683 -0.008273341057075197 -0.0072287460985627459 -0.012166205766832531 0.0030528209959612518 -0.010101259957538761 0.023574170424477112 0.0057144525617490362 -0.0047810934988744367 0.0031142628782033959 -0.0084164996475637067
leaf_weight=126834 637 841 12029 31404 570 42327 574 604 3633 2491 531 626 1563 5384 1201 599 1116 3644 865 1527 1006 2796 550 514 11799 693 828 509 627 1575 929 516 731 1733 5260 1213 14645 1318 851 2650 1907 5103 3654 1710 797 537 925 1012 544 921 548 8906 1489 516 3220 1188 634 602 537 592 7984 2763
leaf_count=126834 637 841 12029 31404 570 42327 574 604 3633 2491 531 626 1563 5384 1201 599 1116 3644 865 1527 1006 2796 550 514 11799 693 828 509 627 1575 929 516 731 1733 5260 1213 14645 1318 851 2650 1907 5103 3654 1710 797 537 925 1012 544 921 548 8906 1489 516 3220 1188 634 602 537 592 7984 2763
internal_value=3.72108e-05 -0.00307032 0.00414989 -0.000542212 0.00307949 0.00297242 -0.00982064 0.00311754 0.00300771 0.0018037 0.00309333 0.0177648 -0.00138682 -0.00293787 0.00265529 -0.00078845 -0.00489918 0.0067998 0.00453939 -0.000953595 0.00620386 -0.00427283 0.00479512 -0.000703609 0.000973222 0.0080344 0.00386509 0.0159522 -0.00614072 -0.00201115 0.000373114 0.00459847 0.00493106 0.00455014 0.00818739 0.0162362 0.00278932 -0.0053985 0.0033427 0.000906279 0.00648397 -0.00200528 0.0047874 0.00587007 -0.000935863 -0.00870358 0.00718851 0.0142184 0.00588306 0.015823 0.00464218 0.00558891 -0.0019728 0.00647214 -0.00488094 -0.00260255 0.00473315 0.0100009 -0.00960627 0.00747692 -2.14643e-05 -0.00174119
internal_weight=335832 191293 144539 61663 102960 102323 1144 101179 100575 56317 40106 1157 16211 13720 38949 60822 3246 41579 44258 60223 37935 129630 43393 58696 25717 3171 2657 1202 1455 32979 2045 42843 25906 25175 8206 2946 16969 2324 35703 13293 4557 8736 22410 18756 3044 1334 15712 2453 13259 1465 11794 11246 2340 1441 11565 7808 2424 1790 3757 2155 22546 14562
internal_count=335832 191293 144539 61663 102960 102323 1144 101179 100575 56317 40106 1157 16211 13720 38949 60822 3246 41579 44258 60223 37935 129630 43393 58696 25717 3171 2657 1202 1455 32979 2045 42843 25906 25175 8206 2946 16969 2324 35703 13293 4557 8736 22410 18756 3044 1334 15712 2453 13259 1465 11794 11246 2340 1441 11565 7808 2424 1790 3757 2155 22546 14562
cat_boundaries=0 1
cat_threshold=1
is_linear=0
shrinkage=0.03


Tree=105
num_leaves=63
num_cat=3
split_feature=1 1 34 3 2 24 16 4 20 26 26 29 16 26 24 24 4 34 16 1 20 24 5 24 24 24 16 24 26 32 27 24 16 17 16 24 24 2 5 5 5 16 27 8 24 30 24 24 18 27 16 29 24 17 10 24 18 4 32 27 26 24
split_gain=4410.82 677.678 301.9 231.424 218.449 191.242 308.007 337.585 294.207 429.417 603.374 247.537 198.78 318.305 308.518 401.549 204.41 186.624 170.321 167.024 174.721 255.79 154.644 230.619 172.017 395.003 500.279 324.93 565.884 224.872 262.621 251.775 243.259 197.771 158.101 157.751 240.249 155.183 142.322 155.463 139.05 134.671 132.749 130.514 207.123 151.59 145.468 147.14 138.48 152.837 129.148 134.484 125.775 212.024 140.142 134.547 124.291 123.632 120.613 119.671 116.462 113.043
threshold=0.39208914962665514 1.9629372736191468 0 2.4656301244115988 3.2702539561186881 -0.21294651993841582 9.3500000000000032 0.45717708213247521 36.408765373125327 16.899155139923085 7.8414948463439904 0.1425018753733748 9.7500000000000018 19.45810585021972 -0.14540367380369007 0.051476858357251264 1.7803731573374941 1 9.1000000000000032 3.3844318597703054 40.299461206478959 -0.94995492655104952 -0.39432437951110638 -0.99904236206516772 -0.53667642277345495 -0.35273909160235833 13.800000000000002 -0.71010885522459943 32.196233224868763 -0.69171099380340217 0.070430107526881738 -0.8905837001257676 10.650000000000002 73.65000000000002 18.000000000000004 -0.96914236212857563 -0.93262014971044682 2.1434925048943323 -1.1262066311788168 0.4936675123750483 0.0011567986946131625 11.800000000000002 0.017741935483870971 -0.041943603604911388 -0.79980977965991029 2 -0.8982586596074329 -0.27948563485160954 37.117694727060837 0.01666666666666667 10.650000000000002 -0.39133634238174042 -0.92628984363228806 74.500000000000014 87.500000000000014 -0.98376170968447474 361.22138282094005 1.3962124833546243 -0.45699173355945155 0.003763440860215054 39.158440303802472 -0.99374406038856444
decision_type=2 2 9 2 2 2 2 2 2 2 2 2 2 2 2 2 2 9 2 2 2 2 2 2 2 2 2 2 2 2 2 2 2 2 2 2 2 2 2 2 2 2 2 8 2 1 2 2 2 2 2 2 2 2 10 2 2 2 2 2 2 2
left_child=3 4 38 5 17 6 18 -8 43 10 -10 -11 13 -7 -15 -16 -14 -2 57 20 52 40 23 -19 27 26 60 29 -29 30 -25 34 -33 -27 35 -31 -37 -30 -3 -40 -22 -5 50 44 45 -9 -45 58 -46 -50 -35 -52 53 55 -55 -4 -34 -1 59 -48 -26 -21
right_child=1 2 19 41 -6 12 7 8 9 11 -12 -13 16 14 15 -17 -18 22 -20 61 21 -23 -24 24 25 33 -28 28 37 31 -32 32 56 42 -36 36 -38 -39 39 -41 -42 -43 -44 46 48 -47 47 -49 49 -51 51 -53 -54 54 -56 -57 -58 -59 -60 -61 -62 -63
leaf_value=-0.013307289282452861 -0.00056631648377239202 0.022132059660947521 0.010867592336537129 0.017171498513623002 0.019994138025413822 -0.0035114626762271488 -0.0037994868776586727 -0.0052325757704427388 0.0028722637351819742 -0.0038255801844632609 0.049140211961028225 0.014821868590954929 -0.0049203272932548557 -0.012489309594560421 0.029669914393987574 0.0031765465316301767 -0.017755710412550529 0.023749325867629723 -0.025828962876192203 0.00035537587431296594 0.022332122240532114 -0.0055612647107297674 0.00087487494537580226 -0.0089765799895074796 0.022768172218059154 0.016955075431951426 -0.00093041839078068724 0.0094035300654850915 -0.0078417945463116479 0.017372264835309788 0.011927990207308841 0.030566336408033346 -0.00097235106006841063 0.010284886665907204 -0.0073700561590510152 -0.014771474390840103 0.01336518689126278 -0.02908213189328997 0.0052700146074614942 0.0097485954518305596 5.7812710100139573e-05 -0.0019716156433271462 -0.010270214168358964 0.014129087442695058 -0.0080766472815045325 -0.02245236123784676 -0.015614109950898973 0.013899449862321648 0.00079710004351930385 0.018589531945369366 0.0085761355410049825 -0.007836793524152225 0.004301066023454746 -0.013730032412359918 -0.0007039856556335755 0.0010746288162470877 0.019127694112581087 0.003090820590475358 0.0040690415039282748 -0.00010344586639468804 0.043561602192141155 0.0069659569280472716
leaf_weight=1214 38953 561 2431 734 540 10801 22072 1348 509 1716 502 1016 93316 534 805 1417 1126 541 628 2703 501 4282 26397 1797 503 805 613 923 501 841 768 718 609 1398 930 512 574 826 18842 11100 503 597 791 887 1151 697 805 644 2210 536 713 1196 35974 817 7775 2624 502 624 1705 1001 508 16807
leaf_count=1214 38953 561 2431 734 540 10801 22072 1348 509 1716 502 1016 93316 534 805 1417 1126 541 628 2703 501 4282 26397 1797 503 805 613 923 501 841 768 718 609 1398 930 512 574 826 18842 11100 503 597 791 887 1151 697 805 644 2210 536 713 1196 35974 817 7775 2624 502 624 1705 1001 508 16807
internal_value=3.77864e-05 0.0030988 0.00469816 -0.00382214 0.00106361 -0.00393479 -0.00214142 -0.00145273 0.00206454 0.00932223 0.0259748 0.0031236 -0.00458667 -0.00118913 0.00790219 0.0128198 -0.00507429 0.000937614 -0.0123947 0.00366571 0.00281854 -0.00236472 0.00230058 0.0045724 0.0039179 0.00766568 0.0204655 0.00134058 -0.00860697 0.00443112 -0.0027064 0.00833675 0.0170121 0.00340951 0.00276294 0.00765969 9.31173e-05 -0.0211225 0.00721243 0.00693165 0.0112284 0.0086099 0.000731241 -0.000411764 -0.00342279 -0.0111421 0.00313661 0.000775795 0.000637086 0.00429753 0.00337421 -0.00170027 0.00337089 0.000918221 -0.00194988 0.00579025 0.00815476 -0.00774686 -0.00164773 -0.00704114 0.0333793 0.00605042
internal_weight=335974 187379 104920 148595 82459 147264 39265 36799 14727 3743 1011 2732 107999 13557 2756 2222 94442 81919 2466 74417 54907 5286 42966 16569 16028 6527 1624 9501 2250 7251 2565 4686 1829 4903 2857 1927 1086 1327 30503 29942 1004 1331 4098 10984 5942 2045 5042 4155 3897 2746 3307 1909 49621 13647 8592 5055 1111 1838 3511 1806 1011 19510
internal_count=335974 187379 104920 148595 82459 147264 39265 36799 14727 3743 1011 2732 107999 13557 2756 2222 94442 81919 2466 74417 54907 5286 42966 16569 16028 6527 1624 9501 2250 7251 2565 4686 1829 4903 2857 1927 1086 1327 30503 29942 1004 1331 4098 10984 5942 2045 5042 4155 3897 2746 3307 1909 49621 13647 8592 5055 1111 1838 3511 1806 1011 19510
cat_boundaries=0 1 2 3
cat_threshold=146 9225 2
is_linear=0
shrinkage=0.03


Tree=106
num_leaves=63
num_cat=0
split_feature=1 1 13 5 13 26 1 25 26 18 16 31 18 5 31 13 25 18 25 16 26 24 26 24 24 24 29 5 24 7 24 5 26 18 3 5 25 24 29 24 24 24 24 17 29 24 24 4 16 24 24 31 21 24 32 25 31 1 3 20 16 29
split_gain=4139.29 585.524 356.355 318.327 246.731 391.371 208.471 201.248 243.556 195.964 194.98 300.101 438.989 471.896 173.804 166.339 193.601 156.033 470.413 187.862 177.593 322.331 220.257 285.158 172.923 160.405 317.281 198.005 155.899 151.238 229.926 155.557 149.743 249.173 223.416 146.995 159.196 146.232 142.157 142.151 323.094 276.977 519.889 260.425 217.861 198.206 315.104 396.016 201.743 242.535 218.733 204.57 295.124 187.286 210.856 448.645 252.365 169.885 164.436 158.895 158.385 142.053
threshold=0.47414859376858193 2.4719625028417709 2.2716808533838235 0.47241611350734464 2.0242315565338784 102.15504150390618 4.5460697963682248 11.418027806270027 48.953633975982648 620.70319082336437 19.900000000000002 2.8269569663598695 637.19260424194351 -0.19959347246256301 1.8387772093414101 1.8386124761600355 7.8804388746779468 691.9795920360566 17.283627578984667 9.9500000000000011 60.117251300811766 -0.98376170968447474 55.844964027404757 -0.71010885522459943 -0.36874934642598389 -0.52211334636400797 1.6641722339275355 0.13981783221519253 -0.8572830456751136 2.5771492991804363 -0.61385614182261172 0.83529668224490228 104.44958744049073 54.840375538382411 3.5437955535536414 0.027328938602334266 17.579950761787035 -0.97322851985520697 0.11853411682973876 0.32041146939831461 0.71010885522459966 -0.72208999473568902 -0.74541039586774327 76.300000000000026 0.33795962255418927 -0.77873524214321999 -0.8905837001257676 2.2852677667654171 10.650000000000002 -0.96477059369951401 -0.98376170968447474 2.5198552561683587 11.930268354133128 -0.62058661934845294 -0.12799957533757761 4.6226027886152918 1.5790533493721111 2.2159700290611544 2.2349672473072886 31.4034655534665 19.175000000000004 -0.44453435048290696
decision_type=2 2 2 2 2 2 2 2 2 2 2 2 2 2 2 2 2 2 2 2 2 2 2 2 2 2 2 2 2 10 2 2 2 2 2 2 2 2 2 2 2 2 2 2 2 2 2 2 2 2 2 2 2 2 2 2 2 2 2 2 2 2
left_child=2 4 7 15 10 9 -5 8 -1 39 11 17 -13 -14 -4 16 -3 19 29 25 22 -22 -21 28 35 27 -27 37 -24 30 -19 -31 61 34 -34 36 -23 -2 -12 41 58 42 45 53 57 46 48 -48 49 50 -6 52 -50 -43 56 -56 -55 -45 -41 -58 -53 -17
right_child=1 3 14 6 5 -7 -8 -9 -10 -11 38 12 13 -15 -16 32 -18 18 -20 20 21 24 23 -25 -26 26 -28 -29 -30 31 -32 -33 33 -35 -36 -37 -38 -39 -40 40 -42 43 -44 44 -46 -47 47 -49 51 -51 -52 60 -54 54 55 -57 59 -59 -60 -61 -62 -63
leaf_value=-0.0039004696022726403 0.0015857581978373861 0.01117654670423106 -0.0022783919163499567 0.0070195775532451102 -0.005457468029648636 0.0269224474483412 0.017057398361610777 0.0036634680525175736 -0.022141445297508687 -0.0011561642995772863 0.0016622315931583908 6.3320346591988505e-05 0.040694439855643451 0.0025568301855499326 0.014532935734852951 0.0076148131473434732 -0.0026624320693262654 0.019574816426238612 0.022031143184180941 0.0030719005606148742 0.014222410196713388 0.0062834601572884993 0.014644432178967805 0.032396106266520869 -0.01532817380756867 -5.9740218158012923e-05 0.020739083990143119 0.0023251507355160814 -0.0059668083686194636 -0.0063898913451682499 -0.0018113923066621243 0.0076801439615599909 0.03304851582525805 0.0040229696952646761 0.011173864616957744 0.0047701189087442268 -0.0077836807493349459 -0.011123686081083894 -0.0090121211514579119 0.028468461026050398 -2.4412905710251771e-05 -0.0064562227288648142 0.034886966224485519 -0.015727108755528008 0.0061630440718510142 -0.01160345912115562 0.003538030265973558 0.028879616429710955 -0.0035566734116094247 -0.017658826154550045 0.018886114939330307 0.0099311987092863454 0.022204393281964215 0.01702862506378898 -0.0023366700458504804 0.024682105611976386 0.0023062182388713711 0.0027529134439317187 0.0097632039868815173 -0.016870547001564797 -0.0076340864660456916 0.0026144501399723461
leaf_weight=146714 1055 1067 903 23224 925 652 2023 3161 657 6299 1777 1474 684 508 1420 6245 6008 571 679 28384 1065 914 818 522 947 12156 693 2454 548 8905 2106 764 500 5247 2581 2151 3421 3556 3039 885 1371 1204 579 1834 880 557 1091 1128 573 759 512 843 1313 577 957 1303 887 590 821 686 1010 28181
leaf_count=146714 1055 1067 903 23224 925 652 2023 3161 657 6299 1777 1474 684 508 1420 6245 6008 571 679 28384 1065 914 818 522 947 12156 693 2454 548 8905 2106 764 500 5247 2581 2151 3421 3556 3039 885 1371 1204 579 1834 880 557 1091 1128 573 759 512 843 1313 577 957 1303 887 590 821 686 1010 28181
internal_value=-2.736e-08 0.00305018 -0.00364184 0.00508277 0.00162952 0.00403702 0.00782711 -0.00382187 -0.00398254 0.0034913 0.000770913 0.00114983 0.0110235 0.0245197 0.00800715 0.00369164 -0.000568919 0.000781998 -0.00218782 0.00144129 0.00265767 -0.00117399 0.00373332 0.0136426 -0.00338807 -0.000926935 0.00106966 -0.00455629 0.00638419 -0.00352819 0.00277824 -0.00527475 0.00439667 0.00800597 0.0147716 -0.00163426 -0.00481391 -0.00821719 -0.00507588 0.00486661 0.0108267 0.00385671 0.00748049 7.9696e-05 -0.00659712 0.00563988 0.00682416 0.0164561 0.00321213 -0.00399939 0.00325151 0.0074473 0.014389 0.00401157 0.00687352 0.0132611 0.000143971 -0.0112327 0.0195215 -0.0060839 0.000362249 0.00352251
internal_weight=335358 182503 152855 75076 107427 28236 25247 150532 147371 27584 79191 74375 2666 1192 2323 49829 7075 71709 13025 58684 38770 8498 30272 1888 7433 19914 12849 7065 1366 12346 2677 9669 42754 8328 3081 6486 4335 4611 4816 21285 3077 18208 9290 8918 3304 8711 8154 2219 5935 2196 1437 3739 1886 5614 4410 2260 2150 2424 1706 1573 1853 34426
internal_count=335358 182503 152855 75076 107427 28236 25247 150532 147371 27584 79191 74375 2666 1192 2323 49829 7075 71709 13025 58684 38770 8498 30272 1888 7433 19914 12849 7065 1366 12346 2677 9669 42754 8328 3081 6486 4335 4611 4816 21285 3077 18208 9290 8918 3304 8711 8154 2219 5935 2196 1437 3739 1886 5614 4410 2260 2150 2424 1706 1573 1853 34426
is_linear=0
shrinkage=0.03


Tree=107
num_leaves=63
num_cat=3
split_feature=1 13 34 4 25 23 24 16 16 16 34 1 24 24 16 23 4 24 23 1 23 23 23 23 24 13 32 19 25 27 24 23 23 23 24 16 31 20 32 24 1 23 1 4 1 28 28 25 24 21 31 25 20 4 24 16 24 20 34 24 23 19
split_gain=3963.97 527.227 360.449 341.11 289.13 260.318 257.905 996.175 293.153 244.729 226.632 214.193 202.103 297.599 326.417 376.732 244.12 213.479 194.698 220.049 188.395 190.73 218.76 266.021 188.388 181.586 155.612 154.297 153.049 166.139 170.598 146.901 470.483 175.132 567.841 1101.42 185.686 232.487 180.421 163.136 209.047 161.016 626.474 274.932 155.965 150.979 146.9 186.017 142.318 156.796 135.092 132.892 165.888 142.299 132.472 223.562 208.041 449.917 127.869 127.183 173.279 170.684
threshold=1.1164056565574854 1.5029525892764648 0 2.0628086448801528 4.6226027886152918 0.58637393129089799 -0.98376170968447474 18.450000000000003 9.9500000000000011 19.175000000000004 1 4.5460697963682248 -0.95517546204608139 -0.53667642277345495 18.550000000000004 -0.7454378568683 2.103980562759205 -0.98053927088909909 -0.99466323211226826 0.15613183866401317 -0.87025318080773884 -0.91972043703894657 -0.94723957588908092 -0.99054754357789199 -0.99550911953113219 2.2302181503777834 -0.64198775699023047 8.6371977438490841 23.85885144221767 0.070430107526881738 -0.95517546204608139 -0.86167001593038528 -0.85283291294431784 -0.10282099713736061 -0.98933596577443683 15.350000000000001 2.2335188666346091 40.299461206478959 1.0476154314650001 -0.98053927088909909 2.8903861342717225 -0.26295251545706949 2.989228302426667 2.6805179443303002 1.9786222998951677 0.67554600866910186 -0.71313959591101683 7.6905379924402455 -0.0085834810820868326 16.481004488134428 3.3744653594732203 4.2867612460407845 39.885580166800132 2.3451799862435174 -0.79980977965991029 15.750000000000002 -0.74541039586774327 33.666781991408762 2 -0.53667642277345495 -0.70403958523943955 2.5703227282623566
decision_type=2 2 9 2 2 2 2 2 2 2 9 2 2 2 2 2 2 2 2 2 2 2 2 2 2 2 2 2 2 2 2 2 2 2 2 2 2 2 2 2 2 2 2 2 2 2 2 2 2 2 2 2 2 2 2 2 2 2 9 2 2 2
left_child=1 6 -2 27 9 10 7 8 -1 51 26 31 17 14 15 -14 -17 24 -8 54 21 22 23 -15 -12 -11 -6 28 29 -4 -31 46 -33 34 35 -34 37 -35 39 40 -36 44 -43 -44 45 -41 47 -5 -48 -50 -13 52 53 -3 55 -20 57 -56 -45 60 -46 -62
right_child=2 4 3 11 5 -7 18 -9 -10 25 12 50 13 20 -16 16 -18 -19 19 -21 -22 -23 -24 -25 -26 -27 -28 -29 -30 30 -32 32 33 36 38 -37 -38 -39 -40 41 -42 42 43 58 59 -47 48 -49 49 -51 -52 -53 -54 -55 56 -57 -58 -59 -60 -61 61 -63
leaf_value=0.011490108039591182 -0.0001711051809822181 -0.0044392046048136371 0.0028912523933707014 -0.0020788292664896827 0.00050044674553116543 0.022252924533877751 -0.012387803970473933 -0.017098734173322323 0.043670751768985293 -5.0590487836806069e-05 0.019128724684072961 0.018866218533949843 -0.027904178547938602 0.013022035445469494 0.017587438352467094 -0.011168874801767648 0.0099277207435712403 0.030200856303806999 -0.024085021376991818 -0.001391480361357874 0.020889500996742385 -0.011050049692726716 0.025269892432994552 -0.0084605507218485313 -0.0056161723832119188 0.022382144009924099 -0.017615113533250817 -0.002611193413850453 -0.0070522436310878458 0.025558687884765063 0.004594736218284599 0.030805413985508491 -0.0025855616233910958 0.0061021763601744397 -0.019271375921508838 0.059898641663051921 0.0020487234796485532 0.025597726131458214 0.021630606304799471 -0.0043781004696533321 0.0052076301104818264 0.032580112040874715 -0.015256399957144624 0.018535578117002571 0.011078280198069657 0.010167569816087383 -0.00097799275318689025 0.021198664339878923 0.01035182953101647 -0.0012475602328977568 0.0063383373860530293 -0.02050536564718641 0.010477917779705057 -0.021345756419833179 -0.0029643671111861136 -0.0061023571150948062 -0.0039978267383489665 0.029990558567409793 -0.0010438483483511884 -0.0020329016225364431 0.009631427412582487 0.0029815202528744077
leaf_weight=524 19387 3682 47692 509 1217 718 2213 808 500 891 578 1712 633 1260 544 1059 916 554 741 36679 900 527 557 875 524 506 652 4979 1343 589 855 667 500 6916 511 510 18086 594 672 2372 798 975 533 710 6884 875 8045 778 2634 1739 1425 507 586 506 1355 3791 120099 509 518 1451 5378 9815
leaf_count=524 19387 3682 47692 509 1217 718 2213 808 500 891 578 1712 633 1260 544 1059 916 554 741 36679 900 527 557 875 524 506 652 4979 1343 589 855 667 500 6916 511 510 18086 594 672 2372 798 975 533 710 6884 875 8045 778 2634 1739 1425 507 586 506 1355 3791 120099 509 518 1451 5378 9815
internal_value=2.98039e-05 -0.00290603 0.00364778 0.00421235 0.00194369 0.00482322 -0.00343368 0.00774672 0.0273392 -0.00302101 0.00365427 0.00552343 0.00563983 0.00348653 -0.00344872 -0.00786189 -0.00138397 0.0150893 -0.00355776 -0.00343763 0.00879138 0.00538171 0.008613 0.0042185 0.00739033 0.0081255 -0.00581825 0.00242534 0.00292233 0.00319565 0.0132045 0.00519049 0.00584279 0.00555358 0.00701541 0.0291055 0.00369633 0.00766017 0.00630243 0.00596476 -0.00438531 0.00642452 0.0133537 0.00264665 0.0057141 -0.000448734 0.00239241 0.0120202 0.00139015 0.00574297 0.0131945 -0.00597452 -0.0044115 -0.0065049 -0.00403086 -0.0090659 -0.0038434 0.00609075 0.0104476 0.00656452 0.00712991 0.00533784
internal_weight=335863 185411 150452 131065 18192 11514 167219 1832 1024 6678 10796 75607 8927 7271 3152 2608 1975 1656 165387 163174 4119 3219 2692 2135 1102 1397 1869 55458 50479 49136 1444 72470 58765 58098 32502 1010 25596 7510 31492 30820 1309 29511 2736 1761 26775 3247 13705 1287 12418 4373 3137 5281 4774 4188 126495 4532 121963 1864 1228 23528 22077 15193
internal_count=335863 185411 150452 131065 18192 11514 167219 1832 1024 6678 10796 75607 8927 7271 3152 2608 1975 1656 165387 163174 4119 3219 2692 2135 1102 1397 1869 55458 50479 49136 1444 72470 58765 58098 32502 1010 25596 7510 31492 30820 1309 29511 2736 1761 26775 3247 13705 1287 12418 4373 3137 5281 4774 4188 126495 4532 121963 1864 1228 23528 22077 15193
cat_boundaries=0 1 2 3
cat_threshold=1024 1033 167
is_linear=0
shrinkage=0.03


Tree=108
num_leaves=63
num_cat=2
split_feature=1 25 34 4 32 21 24 25 23 25 6 32 23 9 29 25 23 20 24 4 23 19 23 23 32 25 0 20 17 26 16 1 23 23 28 23 4 28 22 18 23 23 24 25 23 23 23 4 26 24 23 24 26 18 25 31 26 25 23 13 32 28
split_gain=3885.63 500.304 382.849 388.431 356.144 357.622 336.885 345.099 245.624 639.522 211.766 200.977 367.63 216.387 192.584 188.417 325.742 245.596 181.37 205.762 211.537 471.791 451.252 286.018 281.482 230.723 177.751 170.24 154.18 151.962 150.8 208.417 170.096 256.71 145.37 209.396 661.185 271.717 198.458 325.57 1260.93 250.814 223.807 477.493 216.717 247.744 180.314 171.221 157.492 145.898 155.137 144.985 273.441 183.733 152.78 150.052 214.643 465.386 330.889 133.901 130.923 128.917
threshold=1.1530373576186379 1.6179563127159702 0 2.5089439029973719 0.048690000510210225 70.699020468213646 -0.99904236206516772 8.2090836782328882 0.99628166032228249 2.7207239525092226 9.5000000000000018 0.21584644284550716 -0.78409092058138996 0.32513250799514981 -0.051402591429126392 16.851755244336946 -0.62729398729515451 38.810513370996993 -0.26296220265651482 0.13781982756144612 0.75110426010738152 2.3793715192352765 0.77332218843568057 0.90927406153630363 -0.23467269971666285 0.72535584729605473 4.5031368732452401 32.092952914295417 73.950000000000017 21.708560276031488 9.7500000000000018 2.9568999027384346 0.11135109471829405 0.52941438753421288 -0.38306949506231602 0.97516411509186673 0.68096308559926766 0.30136046582207815 1 111.24841832574042 0.58637393129089799 -0.62729398729515451 0.50739640075491554 5.3443551819891706 -0.19613531578169993 -0.93568234840038322 0.96699210069650932 1.7536585204581947 29.175694465637182 -0.8982586596074329 -0.72800098152115733 -0.8982586596074329 34.751036167144747 583.03248182830828 11.731483685145136 1.6110928082654428 47.002052116394026 7.9703137812835569 -0.9880514961658321 2.7314890040521136 -0.66279914445476307 -0.69345649766153106
decision_type=2 2 9 2 2 2 2 2 2 2 2 2 2 8 2 2 2 2 2 2 2 2 2 2 2 2 2 2 2 2 2 2 2 2 2 2 2 2 1 2 2 2 2 2 2 2 2 2 2 2 2 2 2 2 2 2 2 2 2 2 2 2
left_child=1 18 -2 10 6 11 7 -3 15 -10 -4 12 -6 -13 -7 34 -17 27 19 -1 21 25 -22 -24 -25 -21 30 -18 -26 -11 31 32 59 -34 51 37 -37 38 44 41 49 42 -40 -44 45 -36 -39 -43 -47 -41 -51 52 53 -8 -54 56 57 -53 -59 -5 -46 -57
right_child=2 4 3 26 5 14 8 -9 9 29 -12 13 -14 -15 -16 16 17 -19 -20 20 22 -23 23 24 28 -27 -28 -29 -30 -31 -32 -33 33 -35 35 36 -38 46 39 40 -42 47 43 -45 60 48 -48 -49 -50 50 -52 55 54 -55 -56 61 -58 58 -60 -61 -62 -63
leaf_value=-0.0040107182941245979 -0.00029894750517734536 -0.0012938733231380333 0.0047588868038767182 -0.0028268453669219387 0.041989408875787906 0.0058592390429803446 0.0017704564188751857 0.033318726248264603 -0.0050334966057087541 0.03179867148463366 0.0016760043885747865 0.00031976055019840603 0.0068939288250460043 0.020535297754510903 -0.016534581738205739 -0.0061593825392166806 0.016577023712572931 0.029848796852607967 -0.0045655896899179007 0.019888147431683597 0.029534136419338525 -0.016578628625752958 -0.0063384573150422705 0.024988947815725044 0.010630851205102361 -0.005380440056985859 0.018387938908648725 -0.0066066010544849193 -0.0075498747800101188 0.010282608763970566 0.0068144143169485841 0.0070339050048710125 -0.024630541692660723 0.00042803996877733224 -0.012915805372686098 -0.0030498663753265234 0.030126371483067071 -0.0039774646040859713 0.0010877178728388305 0.015922140478016562 0.052848453906385401 -0.0017668164136652815 -0.0014781481871776825 0.039174708967593473 -0.0060088869886040898 0.00078160588450617088 -0.019113960691295923 -0.018226878023193616 0.017076811080899583 0.0056592559656325602 -0.011239196613503474 -0.0048435774644263333 -0.020180955754540791 0.023254189552128959 0.00092911245290883701 0.00032263353115303422 -0.019153810066418898 0.00030140500065583691 0.032131872202499946 0.015776452122814307 -0.020835334496951262 -0.016160935739055662
leaf_weight=10469 19036 532 35224 1113 500 677 831 500 1730 737 46572 1373 579 725 697 1277 604 569 97039 721 642 1368 1821 723 954 586 1086 532 742 502 40129 3364 676 800 816 1780 771 15827 1919 559 536 5544 532 503 1872 1618 737 629 792 1175 830 16209 530 626 728 559 823 654 529 501 750 1801
leaf_count=10469 19036 532 35224 1113 500 677 831 500 1730 737 46572 1373 579 725 697 1277 604 569 97039 721 642 1368 1821 723 954 586 1086 532 742 502 40129 3364 676 800 816 1780 771 15827 1919 559 536 5544 532 503 1872 1618 737 629 792 1175 830 16209 530 626 728 559 823 654 529 501 750 1801
internal_value=5.11219e-05 -0.00282496 0.00367433 0.00425823 -0.000863825 0.00725435 -0.00141197 0.0155556 -0.00167671 0.00675009 0.0030038 0.0127788 0.0232756 0.0073378 -0.00551942 -0.00207145 0.00528441 0.0138485 -0.00405226 -0.00128834 0.00248324 -0.00429235 0.00619639 0.00263208 0.00938415 0.00858152 0.00641108 0.00573853 0.00267797 0.0231575 0.00612992 0.00187194 -0.00375003 -0.0110931 -0.00243454 -0.00127033 0.00701645 -0.00188154 0.00066204 0.00283484 0.0112284 -1.75371e-05 0.0071645 0.0183721 -0.00387762 0.00132309 -0.00465651 -0.00345741 0.00616098 0.00244192 -0.00134667 -0.0042929 0.00221975 0.0110489 -0.00800932 -0.00515261 -0.00422811 -0.00351651 0.0146103 0.00297867 -0.0102814 -0.0122641
internal_weight=335580 187079 148501 129465 72014 4551 67463 1032 66431 2969 81796 3177 1079 2098 1374 63462 2982 1705 115065 18026 7557 2675 4882 4240 2419 1307 47669 1136 1696 1239 46583 6454 3090 1476 60480 37190 2551 34639 18075 12227 3100 9127 2954 1035 5848 3226 16564 6173 2410 2564 2005 23290 2715 1457 1258 20575 18215 17392 1183 1614 2622 2360
internal_count=335580 187079 148501 129465 72014 4551 67463 1032 66431 2969 81796 3177 1079 2098 1374 63462 2982 1705 115065 18026 7557 2675 4882 4240 2419 1307 47669 1136 1696 1239 46583 6454 3090 1476 60480 37190 2551 34639 18075 12227 3100 9127 2954 1035 5848 3226 16564 6173 2410 2564 2005 23290 2715 1457 1258 20575 18215 17392 1183 1614 2622 2360
cat_boundaries=0 1 2
cat_threshold=1024 8
is_linear=0
shrinkage=0.03


Tree=109
num_leaves=63
num_cat=2
split_feature=1 13 1 24 2 24 34 2 23 28 24 23 34 5 11 23 23 23 18 6 24 24 23 23 4 24 23 23 24 16 23 20 7 19 24 26 24 23 23 29 19 31 23 23 24 17 23 29 2 26 26 5 19 4 24 18 23 24 24 23 26 5
split_gain=3436.23 487.867 340.287 238.221 223.41 203.439 192.495 186.107 174.232 313.605 467.755 235.397 171.073 183.853 155.397 148.363 535.88 272.235 149.873 141.072 134.281 302.361 166.241 239.534 142.602 132.282 124.205 616.589 308.903 729.455 281.581 271.67 247.415 232.575 212.542 299.972 320.784 216.823 222.162 204.994 144.864 189.746 125.845 173.935 119.361 317.321 257.472 225.412 153.676 138.02 136.799 177.143 212.735 167.814 145.6 135.782 195.519 132.848 123.604 177.074 185.374 119.533
threshold=1.1530373576186379 0.65142441667093498 3.1696311838316187 -0.99904236206516772 2.9680936674263156 -0.99992632385251334 0 3.8496418630048228 0.97516411509186673 -0.40154651445895467 0.11987677602567953 0.94159970902280288 1 -1.3772300492815088 0.11805555555555557 -0.99466323211226826 -0.99054754357789199 -0.99937381720471408 128.21944362209894 9.5000000000000018 -0.99374406038856444 -0.99168614031016833 -0.068614738002134482 -0.025746965133975123 3.7942461710304394 -0.11987677602567985 -0.84374447618434878 -0.86167001593038528 -0.30410362911654215 17.400000000000002 -0.9092740615363033 31.4034655534665 3.0447422502706885 5.9059427821715182 -0.93262014971044682 35.905358886718723 -0.73385833101097553 0.75110426010738152 0.79462857753386984 -0.070036062527646561 8.6371977438490841 2.0451646724268824 -0.97516411509186662 -0.95768026224311653 -0.96914236212857563 73.500000000000014 -0.17927415433127133 -0.52314160177553781 3.1980161449841096 51.674342823028553 129.36092796325684 0.46465076060914806 2.5703227282623566 2.4173752888409648 -0.83910684176851635 111.24841832574042 -0.29591579977684229 -0.91968655568559032 -0.8982586596074329 -0.49998158062385478 76.230785751342765 1.0000000180025095e-35
decision_type=2 2 2 2 2 2 9 2 2 2 2 2 9 2 10 2 2 2 2 2 2 2 2 2 2 2 2 2 2 2 2 2 8 2 2 2 2 2 2 2 2 2 2 2 2 2 2 2 2 2 2 2 2 2 2 2 2 2 2 2 2 2
left_child=1 -1 5 -3 8 -2 -7 19 11 -10 -11 12 13 -5 -4 17 -17 -14 -19 -8 22 -22 -16 -24 44 -21 27 28 29 30 -18 39 33 34 -28 36 -36 -38 -39 -30 -34 -42 -41 -44 45 -23 -47 49 -48 -46 51 52 54 -54 57 58 -57 61 -55 60 -60 -49
right_child=2 3 14 4 -6 6 7 -9 9 10 -12 -13 15 -15 20 16 26 18 -20 25 21 24 23 -25 -26 -27 32 -29 31 -31 -32 -33 40 -35 35 -37 37 38 -40 42 41 -43 43 -45 47 46 48 50 -50 -51 -52 -53 53 55 -56 56 -58 -59 59 -61 -62 -63
leaf_value=-0.0036287653432965257 0.018942675523340499 0.014747702371772555 7.7321248901786782e-05 -0.019748137156043719 0.019082881541432895 0.00077257466864920203 0.0048211655375894075 0.019243592287789969 -0.0046964138050943332 0.038775685354281074 -0.0013130885401037647 -0.013888273739313053 0.0070644645975283926 -0.0029642093475250775 -0.013163928303582361 0.0270444117958616 0.032980497809352825 -0.02211915387555068 -0.0034840045779250704 0.0024980272669563272 0.024964222340920609 0.015165544936327956 0.019405627786259802 1.2980830500222835e-05 0.013914588335867138 -0.0052913007984804169 0.022377271405886856 0.030596184551235001 0.021053102438394262 -0.010090104883015283 0.0066813768448268605 -0.0086663869009529649 -0.0037484769255278542 -0.0070558487616121943 0.028988260515729308 -0.013419896771682854 -0.0035445824288422795 0.026665593286482044 0.0040105589137674792 -0.010317193589160709 -0.0020550342073725378 0.020951848954914191 0.018654025048911286 -0.0057032097773255588 0.0091795064517292309 -0.017110456290038985 0.015210053530804592 0.01664008582882082 -0.0054865930654242698 0.02278288191381098 0.014127705961652042 0.0082306498455503602 -0.012547446649624767 -0.010009075057333127 0.0017193704472805041 0.0017463316749390357 0.021768231189021818 0.021616447185366865 0.0080350042504990903 0.017136993278913635 -0.012606479838583727 -0.0025435263373163671
leaf_weight=136697 674 940 3764 617 516 38946 29714 656 918 534 509 1243 833 10639 595 686 929 897 686 38841 834 953 712 2859 2265 2062 685 685 536 1014 608 3172 14549 1357 546 706 1637 583 1161 663 876 505 516 531 1632 967 553 547 762 1150 1613 8634 936 1298 1803 1829 573 951 715 505 854 619
leaf_count=136697 674 940 3764 617 516 38946 29714 656 918 534 509 1243 833 10639 595 686 929 897 686 38841 834 953 712 2859 2265 2062 685 685 536 1014 608 3172 14549 1357 546 706 1637 583 1161 663 876 505 516 531 1632 967 553 547 762 1150 1613 8634 936 1298 1803 1829 573 951 715 505 854 619
internal_value=8.00188e-06 -0.00269943 0.00340962 -0.000172569 -0.000458305 0.0025705 0.00246953 0.0033961 -0.000666773 0.00808259 0.0192988 -0.00103374 -0.000681989 -0.00388913 0.00586268 0.000370046 0.000912664 -0.00679013 -0.0140799 0.00324802 0.00650007 0.007201 0.00145113 0.00390129 0.00668875 0.00210475 0.000334951 0.00339018 0.00103389 0.00963132 0.0226326 -0.00301926 -0.000835191 0.00401148 0.00683952 0.00452058 0.0077589 0.00429282 0.0116385 0.00495765 -0.00286667 0.00640329 -0.000134145 0.00633253 0.00607772 0.000671673 -0.00540112 0.00681661 0.00324166 0.0148335 0.00574501 0.00503963 0.00244514 -0.000799413 0.00799289 0.00111422 0.00655788 0.0133193 -0.00276746 0.00177783 -0.00320442 0.00648861
internal_weight=335790 186974 148816 50277 49337 110893 110219 71273 48821 1961 1043 46860 45617 11256 37923 34361 31945 2416 1583 70617 34159 29993 4166 3571 29159 40903 31259 8654 7969 2551 1537 5418 22605 6675 5318 4633 3927 3381 1744 2246 15930 1381 1710 1047 26894 3235 2282 23659 1315 2782 20877 19264 10630 6710 3920 5774 2402 2117 3372 2074 1569 1166
internal_count=335790 186974 148816 50277 49337 110893 110219 71273 48821 1961 1043 46860 45617 11256 37923 34361 31945 2416 1583 70617 34159 29993 4166 3571 29159 40903 31259 8654 7969 2551 1537 5418 22605 6675 5318 4633 3927 3381 1744 2246 15930 1381 1710 1047 26894 3235 2282 23659 1315 2782 20877 19264 10630 6710 3920 5774 2402 2117 3372 2074 1569 1166
cat_boundaries=0 1 2
cat_threshold=9224 1033
is_linear=0
shrinkage=0.03


Tree=110
num_leaves=63
num_cat=3
split_feature=1 13 5 34 25 26 23 28 5 2 0 24 24 34 5 13 31 23 23 31 23 23 3 26 18 13 7 21 24 23 23 23 5 23 26 1 21 5 23 31 25 26 26 31 23 20 25 24 22 13 26 24 5 23 19 29 32 29 7 24 21 5
split_gain=3426.52 516.845 354.895 295.43 279.271 241.719 235.757 222.705 213.143 202.047 201.859 172.315 211.166 175.616 158.38 226.153 221.299 239.025 205.547 197.379 156.125 515.984 175.135 155.237 215.043 153.574 150.861 141.554 141.496 156.725 179.698 1505.62 295.917 271.887 212.213 188.864 187.388 167.042 243.051 239.954 154.385 202.788 151.105 159.511 150.475 146.958 143.819 138.137 132.004 130.847 129.702 128.753 134.945 126.763 152.951 126.722 319.6 126.302 196.348 138.306 124.546 148.108
threshold=0.51572833257557027 1.8634635732587796 1.0770132188554573 0 16.851755244336946 104.44958744049073 -0.62729398729515451 1.1904402178438807 -0.2901550335833068 2.8440214239711099 4.5031368732452401 -0.98053927088909909 -0.9770278626699701 1 0.19602268188847863 3.1028613784463128 3.4485408420865133 0.0085831648773537477 -0.051478754770346226 2.4122511847452106 -0.10282099713736061 -0.15389057670406206 3.771704254545762 62.006820201873772 54.840375538382411 2.0452688471691611 2.0816104444599062 153.9730793305493 -0.97322851985520697 -0.82482438823869786 -0.45473838294431457 -0.48504197719567627 1.0000000180025095e-35 -0.31226905285971468 85.776382827758738 2.3025851108754396 67.294359006819505 -0.65854826619637363 -0.55822315702467107 2.8489164199674897 8.2090836782328882 28.373944044113149 43.698898220062176 1.914254749018568 -0.71612580616132582 40.299461206478959 20.450585406730259 0.32041146939831461 2 2.1479536780177368 113.83019809722877 -0.0085834810820868326 -0.675521741445262 -0.85283291294431784 2.051498226037566 1.2151036975504461 0.022219004642296532 -0.27066667311499176 12.108533907151804 -0.085727341951035402 11.930268354133128 0.12438569214749907
decision_type=2 2 2 9 2 2 2 2 2 2 2 2 2 9 2 2 2 2 2 2 2 2 2 2 2 2 10 2 2 2 2 2 2 2 2 2 2 2 2 2 2 2 2 2 2 2 2 2 1 2 2 2 2 2 2 2 2 2 10 2 2 2
left_child=4 2 7 8 25 10 -6 27 -3 -7 11 14 -13 -14 15 16 17 18 19 -5 21 22 -11 -19 -25 -1 -9 50 -15 45 31 37 -33 35 36 -32 -35 39 40 44 41 -39 -42 -44 -31 47 -40 57 -27 -50 55 52 -28 54 -49 -2 -57 58 59 -30 -22 -62
right_child=1 3 -4 5 6 9 -8 26 -10 20 -12 12 13 28 -16 -17 -18 23 -20 -21 60 -23 -24 24 -26 48 51 -29 29 30 33 32 -34 34 -36 -37 -38 38 46 -41 42 -43 43 -45 -46 -47 -48 53 49 -51 -52 -53 -54 -55 -56 56 -58 -59 -60 -61 61 -63
leaf_value=-0.0035641461473365061 0.0012343213837432078 -0.0093972887258917098 0.0074227188598698021 -0.0097781131248763468 -0.0040356936654349978 0.02554312080052263 0.019565039270052202 0.0044974213841345425 0.0016231064011345375 -0.0031107556608091381 0.018814728405677068 0.019913888083247778 0.0076778425977836375 -0.0088967868314707207 0.0059361650963105266 -0.016863428183381147 0.018046079129338838 -0.017438115484507109 0.016734605007804996 0.010771506084966052 0.010057758587500552 0.037802608158675192 0.010885111259074995 -0.013347586030446792 0.0099862542793510804 0.014217992604160654 0.0059436456747043436 -0.0080397856126179397 -0.0077246204191351647 -0.01965134886864987 -0.013870400804923275 0.054733474527384814 0.024117765466379684 0.0025507596783741603 0.018561861194007798 0.00054612965687614984 0.011675139075119438 0.0064484396617247274 -0.011371503679462835 0.013324338167551443 0.023290655026609999 -0.013655630896131249 -0.0017852133911711258 0.011512827695801841 0.0013084100363212473 -0.006702404078271885 0.0062772628601248321 0.02433280724238792 0.012714979835233056 -0.0034277263699989619 -0.011640575087789736 0.0045469471931537282 -0.0071193412455866044 -0.0027717278607309096 0.0058801458508075943 0.0016945729320408979 0.022858455410659492 -0.0007493136554407783 0.017721781635042361 0.0061865993482943318 -0.0089810857994426993 0.0088912567329677023
leaf_weight=149750 62131 1890 7348 1036 668 653 877 1898 9482 1001 856 813 12956 779 3153 827 541 1049 816 701 1233 584 4058 740 675 707 777 1455 913 728 1165 611 553 11481 982 2716 2456 2127 1013 518 762 568 998 4318 531 1724 698 690 561 2237 674 1186 8046 572 977 2448 866 8526 933 2145 1116 660
leaf_count=149750 62131 1890 7348 1036 668 653 877 1898 9482 1001 856 813 12956 779 3153 827 541 1049 816 701 1233 584 4058 740 675 707 777 1455 913 728 1165 611 553 11481 982 2716 2456 2127 1013 518 762 568 998 4318 531 1724 698 690 561 2237 674 1186 8046 572 977 2448 866 8526 933 2145 1116 660
internal_value=-1.33258e-05 0.00278737 0.00111712 0.00432476 -0.00329079 0.00494606 0.00938087 0.000533734 -0.000211597 0.00950229 0.00437047 0.00419933 0.00476609 0.00456728 0.000440208 -0.00227629 -9.26002e-05 -0.00206457 0.00436465 -0.0014778 0.00827757 0.0112186 0.00811548 -0.00872137 -0.00222063 -0.00341884 -0.00324848 0.00120038 0.00374987 0.0039538 0.00517069 0.00782148 0.0403537 0.00327619 0.00511599 -0.00379371 0.00416228 0.00471783 0.00615916 -0.00377918 0.00817575 0.00219385 0.0108242 0.00901699 -0.0108411 0.00157346 -0.0041744 0.0025423 0.0027855 -0.000173581 0.00140431 -0.00471884 -0.00596623 0.00939675 0.0135679 0.00153953 0.00725113 0.00131294 0.00571397 0.00202742 0.00275262 -0.00233302
internal_weight=335953 181153 86829 94324 154800 82952 1545 79481 11372 9305 73647 72791 63253 62440 9538 6385 5558 5017 2553 1737 8652 5643 5059 2464 1415 153255 11907 67574 49484 48705 32225 13425 1164 18800 14919 3881 13937 12261 10484 1777 8773 2695 6078 5316 1259 16480 1711 14756 3505 2798 66119 10009 8823 2239 1667 65445 3314 12517 3991 3058 3009 1776
internal_count=335953 181153 86829 94324 154800 82952 1545 79481 11372 9305 73647 72791 63253 62440 9538 6385 5558 5017 2553 1737 8652 5643 5059 2464 1415 153255 11907 67574 49484 48705 32225 13425 1164 18800 14919 3881 13937 12261 10484 1777 8773 2695 6078 5316 1259 16480 1711 14756 3505 2798 66119 10009 8823 2239 1667 65445 3314 12517 3991 3058 3009 1776
cat_boundaries=0 1 2 3
cat_threshold=1024 18 20
is_linear=0
shrinkage=0.03


Tree=111
num_leaves=63
num_cat=3
split_feature=1 1 34 5 9 28 13 13 23 23 21 21 16 13 23 23 21 27 31 29 16 20 17 31 7 22 25 23 25 23 25 23 27 29 4 20 8 25 29 16 27 20 1 7 21 17 5 5 23 29 23 23 23 34 19 16 23 23 23 25 29 9
split_gain=3116.15 557.322 244.683 223.812 207.835 190.846 186.801 175.295 188.764 208.111 204.69 165.65 309.407 151.59 257.458 251.483 235.16 214.186 147.097 151.756 165.766 161.787 132.772 127.151 141.289 125.332 167.243 146.891 121.527 184.529 151.824 150.039 120.492 118.446 227.684 249.996 180.483 162.435 112.289 243.852 204.759 109.545 109.202 129.353 108.717 108.02 105.452 119.905 229.469 208.144 310.756 190.362 145.925 117.877 123.531 102.99 214.879 246.57 218.648 172.587 116.748 100.356
threshold=0.3075322622396276 2.6896768137562703 0 0.41861606954447333 -0.39707985537469681 2.0058806081317511 1.9429170361536097 2.4122000023196541 0.36075750887067765 0.62729398729515495 17.941724172885067 33.214440182655551 19.900000000000002 2.5056435619901651 -0.40828930082137055 -0.48504197719567627 14.546029873324844 0.10913978494623656 3.5912393499179838 -0.46353730382295238 10.250000000000002 31.4034655534665 76.800000000000026 2.5280520195768137 6.8139966992760392 1 4.953114811339046 -0.31226905285971468 10.706745535587915 -0.69174588062027931 8.6201453130291696 -0.18771856543719898 0.022043010752688174 0.43107616416168149 2.6053409192833752 29.947675969211883 -1.9995043255428955 14.142649196008202 -0.41742308618483276 16.000000000000004 0.060752688172043018 33.850165295507999 1.61528035976232 18.174740576548562 60.236210565366257 73.15000000000002 1.045651058114119 -0.87165661881963719 0.19613531578169985 0.1836773534595661 -0.23803327706148594 -0.79462857753386928 -0.69174588062027931 2 3.580189827618049 10.250000000000002 -0.15389057670406206 0.36075750887067765 -0.48504197719567627 5.9556290360147601 0.30809633245342388 -0.43756434516045056
decision_type=2 2 9 2 10 2 2 2 2 2 2 2 2 2 2 2 2 2 2 2 2 2 2 2 10 1 2 2 2 2 2 2 2 2 2 2 10 2 2 2 2 2 2 8 2 2 2 2 2 2 2 2 2 9 2 2 2 2 2 2 2 10
left_child=6 2 42 5 -5 13 -1 46 11 10 -10 28 23 18 15 16 38 -17 19 20 -3 -22 -16 -13 -25 26 -8 -27 30 41 -9 -31 -7 -21 35 -35 -36 -37 -15 40 -40 -30 -2 55 -6 -34 47 48 49 50 51 -4 -53 -51 -55 56 58 -58 60 -59 -44 -50
right_child=1 3 7 4 44 32 25 8 9 -11 -12 12 -14 14 22 17 -18 -19 -20 33 21 -23 -24 24 -26 27 -28 -29 29 31 -32 -33 45 34 36 37 -38 -39 39 -41 -42 -43 43 -45 -46 -47 -48 -49 61 53 -52 52 -54 54 -56 -57 57 59 -60 -61 -62 -63
leaf_value=-0.0035283706715037175 -0.0012250791192778185 -0.0049938084217741197 0.0059988012913962723 0.01039232737481827 0.006132959507452268 0.0056430738970688621 -0.017579003045457672 0.0067232487531160012 0.037039048463835961 0.003473350225265326 0.011103398527876281 0.0015345700663738488 0.015678853360906256 0.020852024104180078 0.0038130772098245685 0.036856005123483811 0.00031479030100399925 0.012707237360852899 0.015219378566435102 -0.0021636167158896802 0.0018311101423255833 0.019776748895590078 -0.011011082319798391 -0.020753770060479435 -0.0023802148306633023 0.001803975960384603 0.0051957913064721931 0.017003907984655276 0.0035924846713065303 0.019057795186950402 0.026494738164581904 0.0031596979962954137 0.0023669748934926089 0.010156961054947207 0.0057544976873090837 0.006654885964945699 0.024828446886684407 -0.012920517027499693 0.0064521288119647564 -0.0062758524424039331 0.029555412187322529 -0.013663045749928548 -0.0036180846176486745 -0.0060872894355719137 -0.00022034232968485361 -0.014038975995663441 0.0073570298814559076 0.0010955589590121628 -0.013335788385350378 0.001833774884723636 0.021195000054345874 -0.023416053540764911 -0.0015503550841119782 0.01104784505682938 0.025837000941879001 0.0031541225571259089 -0.015463391802213688 -0.0099129840357899939 0.01376794954602063 0.0073867730455870933 0.0059543847192704167 0.0017840194062881387
leaf_weight=140371 31793 646 1121 9986 11005 703 513 828 508 867 601 1288 804 1045 11100 520 2369 917 711 8344 756 1124 567 727 779 1654 656 871 751 952 606 1215 516 1002 2008 503 571 1541 869 660 572 585 3130 1990 3108 1189 3073 46781 685 563 623 500 604 1170 913 18250 1551 879 1282 1252 1803 922
leaf_count=140371 31793 646 1121 9986 11005 703 513 828 508 867 601 1288 804 1045 11100 520 2369 917 711 8344 756 1124 567 727 779 1654 656 871 751 952 606 1215 516 1002 2008 503 571 1541 869 660 572 585 3130 1990 3108 1189 3073 46781 685 563 623 500 604 1170 913 18250 1551 879 1282 1252 1803 922
internal_value=-1.92266e-05 0.00248588 0.00136318 0.00481621 0.00708047 0.00338827 -0.00335311 0.00261281 0.00617208 0.0145171 0.0230967 0.00423269 -0.000663185 0.00393789 0.0058136 0.0103819 0.00745673 0.0215433 0.00190704 0.00132879 0.00808789 0.0125843 0.00308824 -0.00538537 -0.0112891 0.00330271 -0.00479012 0.00704261 0.00779778 0.00477419 0.0151416 0.0101718 -0.00477996 0.000104092 0.00346689 -0.00208665 0.0100174 -0.0080988 0.0128257 0.00879354 0.0156934 -0.00398604 1.33248e-06 0.00129512 0.00473424 -0.00908149 0.00195592 0.00164723 0.00527828 0.00819337 0.00255725 -0.00269714 -0.0115142 0.0142435 0.0174927 0.00181805 -0.000646007 -0.00638431 0.00275598 0.000244427 -0.000116883 -0.00468233
internal_weight=335793 191728 129396 62332 24099 38233 144065 67466 10511 1976 1109 8535 3598 35825 18619 6952 5515 1437 17206 16495 2526 1880 11667 2794 1506 3694 1169 2525 4937 3503 1434 2167 2408 13969 5625 3046 2579 2044 3146 2101 1441 1336 61930 30137 14113 1705 56955 53882 7101 5494 2848 2225 1104 2646 2083 28147 9897 3682 6215 2131 4933 1607
internal_count=335793 191728 129396 62332 24099 38233 144065 67466 10511 1976 1109 8535 3598 35825 18619 6952 5515 1437 17206 16495 2526 1880 11667 2794 1506 3694 1169 2525 4937 3503 1434 2167 2408 13969 5625 3046 2579 2044 3146 2101 1441 1336 61930 30137 14113 1705 56955 53882 7101 5494 2848 2225 1104 2646 2083 28147 9897 3682 6215 2131 4933 1607
cat_boundaries=0 1 2 3
cat_threshold=9225 8 224
is_linear=0
shrinkage=0.03


Tree=112
num_leaves=63
num_cat=1
split_feature=13 5 1 24 25 34 28 0 24 16 1 6 24 2 23 26 23 17 25 27 20 24 25 27 26 27 23 24 24 16 1 24 23 24 23 27 16 23 27 23 14 24 21 23 27 29 5 24 23 5 2 20 24 5 24 5 25 24 23 17 18 23
split_gain=2933.69 418.48 331.12 378.639 277.219 202.19 248.301 209.673 219.308 241.131 180.876 168.916 161.542 160.117 237.996 177.92 303.417 234.212 156.968 178.731 249.397 246.333 128.763 208.955 135.609 147.59 142.078 126.711 329.853 274.854 205.23 334.975 288.209 168.222 215.627 243.763 334.061 244.061 258.527 203.003 193.094 167.322 259.404 151.413 263.703 148.39 161.124 133.085 210.16 130.953 129.868 126.676 181.687 138.989 120.384 118.06 112.065 109.422 199.491 175.193 109.133 128
threshold=1.1339696474660117 0.73237430365454037 3.1900724091305546 -0.99992632385251334 38.964646605318116 0 -1.0870973140288551 1.5042013525962832 -0.99168614031016833 10.650000000000002 0.076971383817173611 10.500000000000002 -0.99815866078541837 3.1574081112048957 0.11135109471829405 92.353037452697734 -0.54389891703310034 73.750000000000014 30.718496452167795 0.084408602150537651 40.299461206478959 -0.9770278626699701 31.36160236623499 0.12204301075268818 94.283443069458002 0.074731182795698944 0.19613531578169985 -0.72208999473568902 -0.64713682673509032 18.000000000000004 4.3385597009712873 -0.94445443497892134 -0.085730500155694681 -0.83910684176851635 0.29591579977684268 0.13924731182795699 10.650000000000002 -0.025746965133975123 0.24946236559139787 -0.46995942967050158 1.0000000180025095e-35 -0.78938882915716746 13.310367659907348 -0.36075750887067731 0.091935483870967755 0.32950680282183115 -0.098251302696052742 -0.96914236212857563 0.07717261907891422 0.42757599251036954 2.9855211657054217 48.221046422240448 -0.77873524214321999 0.3357154386806816 -0.75674278485945512 -1.1611286384879453 15.209368191923827 -0.82964644928663578 -0.46995942967050158 73.15000000000002 189.61365123276713 -0.99466323211226826
decision_type=2 2 2 2 2 9 2 2 2 2 2 2 2 2 2 2 2 2 2 2 2 2 2 2 2 2 2 2 2 2 2 2 2 2 2 2 2 2 2 2 2 2 2 2 2 2 2 2 2 2 2 2 2 2 2 2 2 2 2 2 2 2
left_child=1 10 3 -2 5 7 -7 55 9 12 -1 -12 -9 22 15 16 17 -15 19 20 -10 -21 23 24 25 51 -27 29 -29 30 33 32 -32 34 35 36 47 38 40 -38 -37 42 -35 44 -41 46 -30 48 -4 56 -45 53 -53 60 -22 -5 -47 58 -31 -60 61 -8
right_child=2 -3 27 4 -6 6 13 8 18 -11 11 -13 -14 14 -16 -17 -18 -19 -20 21 54 -23 -24 -25 -26 26 -28 28 45 57 31 -33 -34 41 -36 37 39 -39 -40 43 -42 -43 -44 50 -46 49 -48 -49 -50 -51 -52 52 -54 -55 -56 -57 -58 -59 59 -61 -62 -63
leaf_value=-0.0036153124370746845 0.023254303506901945 0.0038607931897188656 -0.013524874879174103 -0.0080455897671849221 0.020787134207771993 0.02212242128885351 -0.0058123571521925639 -0.026576678756865254 0.0029007147323776967 0.00032088011544275475 -0.00084428546497435141 -0.0065501975675832354 -0.0048086573978577884 0.021295093287912747 -0.0043960012258086696 -0.0024885134504296345 0.027386621242001294 -0.0054189071435647709 -0.011305024217557811 0.029149671224040292 0.0039020851585808434 0.0049619118386009502 -0.010718630769782975 0.020807746686583951 -0.010256124656678231 0.019507247028251361 3.2443949287736655e-05 0.020273144967662894 0.024555200554954918 -0.0050332402594555556 -0.007999826224099298 0.021233506624529601 0.014910982158777338 -0.025097959389097587 0.011696476744979442 0.035391985759322404 0.0079299942171262884 -0.0039069080664571824 0.0033078517652271938 -0.033393506741199945 0.0102658495576238 0.0011043618726521371 0.0021316600735649784 0.0071993459150500923 -0.0060978939758707393 0.005017028225216596 0.0070079496137294634 0.013635477595943848 0.0092550541608258288 0.0067860327898749719 -0.0074517402873959943 0.020543163312045153 0.0024253491340073103 0.0059820913316327119 -0.0086204944801270816 -0.00098344246731326768 -0.012617841221248725 0.022765770296983675 0.0070787854852305456 0.019672542175264734 -0.0007675000936724865 0.0031709577869019224
leaf_weight=118586 760 8447 575 2498 704 620 1516 631 40029 2357 43938 5220 598 510 906 532 1188 689 736 518 931 1386 635 570 721 901 537 1710 510 807 1155 1312 856 724 2038 602 843 1020 1075 511 514 1648 553 665 840 502 5666 1362 976 1339 2917 834 1230 7276 2647 14327 900 546 3117 1462 13031 23333
leaf_count=118586 760 8447 575 2498 704 620 1516 631 40029 2357 43938 5220 598 510 906 532 1188 689 736 518 931 1386 635 570 721 901 537 1710 510 807 1155 1312 856 724 2038 602 843 1020 1075 511 514 1648 553 665 840 502 5666 1362 976 1339 2917 834 1230 7276 2647 14327 900 546 3117 1462 13031 23333
internal_value=1.71348e-05 -0.00265294 0.00295931 0.00221343 0.00208183 0.00197276 0.00331841 0.000861083 0.00183883 -0.00530339 -0.00298105 -0.00145079 -0.0160473 0.00310273 0.0090176 0.0131813 0.0166716 0.00598526 0.00239316 0.0026159 0.00222228 0.0116015 0.00265462 0.00282569 0.00261603 0.0028078 0.01226 0.00545848 0.0082206 0.00433326 0.00266363 0.00947208 0.00176516 0.00131955 0.00269236 0.00114605 -0.00146481 0.00820237 0.0138358 -0.00564082 0.023917 -0.00521551 -0.013344 -0.00796561 -0.0165072 0.00589923 0.00847565 0.00681099 0.000793561 8.91898e-05 -0.00472552 0.00251868 0.00977816 0.00218582 -0.00536121 -0.00203403 -0.00630811 0.0100078 0.0086946 0.0111168 0.00145593 0.00262184
internal_weight=336087 176191 159896 123151 122391 121687 55029 66658 49833 3586 167744 49158 1229 54409 3825 2919 2387 1199 46247 45511 43607 1904 50584 49949 49379 48658 1438 36745 10627 26118 20186 3323 2011 16863 13938 11900 8689 3211 2191 5776 1116 2925 1277 4933 1351 8917 6176 2913 1551 2741 3582 47220 2064 45156 3578 16825 1402 5932 5386 4579 37880 24849
internal_count=336087 176191 159896 123151 122391 121687 55029 66658 49833 3586 167744 49158 1229 54409 3825 2919 2387 1199 46247 45511 43607 1904 50584 49949 49379 48658 1438 36745 10627 26118 20186 3323 2011 16863 13938 11900 8689 3211 2191 5776 1116 2925 1277 4933 1351 8917 6176 2913 1551 2741 3582 47220 2064 45156 3578 16825 1402 5932 5386 4579 37880 24849
cat_boundaries=0 1
cat_threshold=9257
is_linear=0
shrinkage=0.03


Tree=113
num_leaves=63
num_cat=1
split_feature=1 13 5 2 27 28 24 24 23 29 23 1 27 31 18 25 27 25 34 5 27 18 13 25 5 28 5 23 25 24 32 27 23 1 2 29 5 23 23 25 23 27 27 23 32 27 25 26 26 31 2 0 24 32 23 24 1 32 24 2 5 17
split_gain=2719.17 440.443 401.34 244.713 240.33 191.143 174.564 169.791 498.915 514.187 191.63 167.773 163.131 187.129 157.382 597.016 499.299 237.557 147.787 159.833 146.56 148.549 146.469 146.083 145.111 142.153 149.845 145.585 141.277 249.121 147.331 127.905 195.772 149.214 308.613 125.152 143.077 182.503 132.538 259.733 195.552 157.087 144.616 232.618 220.213 227.285 138.23 137.484 157.538 141.479 116.011 187.983 114.445 112.161 110.824 138.588 131.99 110.186 107.519 135.176 107.057 124.199
threshold=0.4054678504506592 1.9920624853864328 0.83529668224490228 2.6872099587045777 0.14139784946236564 1.1904402178438807 -0.99815866078541837 -0.99374406038856444 -0.13690605792347518 -0.21188671206301143 -0.21293867525431634 4.7568862410327446 0.011290322580645164 3.0005303793656686 189.61365123276713 17.283627578984667 0.046774193548387098 14.451643851447491 0 -0.29819784466198723 0.16935483870967746 61.802080506506194 1.6102667447234853 13.558187480587314 -0.7485902861469671 2.5094674594832003 -0.0025103719553099188 -0.90199700731761212 2.0135780812952153 0.46236593929171271 0.05616174456218196 0.23118279569892478 -0.46995942967050158 4.40161869695691 3.9823064597849571 1.6641722339275355 0.054297651190940446 0.97881962527324695 0.21293867525431665 17.579950761787035 -0.051478754770346226 0.043548387096774201 0.020967741935483876 -0.97881962527324673 -0.50269877840776556 0.037096774193548392 9.8289952270566463 21.186220312118497 26.228908634185789 2.2706830417201478 2.262547136306662 2.0919318199157719 -0.99374406038856444 -1.0857048657014501 -0.87025318080773884 0.66012780149078465 1.4430283580371965 0.14702692481732652 -0.99550911953113219 1.552656875234429 0.26319864060577874 73.950000000000017
decision_type=2 2 2 2 2 2 2 2 2 2 2 2 2 2 2 2 2 2 9 2 2 2 2 2 2 2 2 2 2 2 2 2 2 2 2 2 2 2 2 2 2 2 2 2 2 2 2 2 2 2 2 2 2 2 2 2 2 2 2 2 2 2
left_child=3 2 5 6 11 14 -1 -6 10 -10 31 18 25 24 20 17 -17 23 19 -3 21 35 -18 50 -14 27 -27 -7 -23 30 -30 32 -9 34 -34 36 37 38 40 41 42 47 43 -2 -44 -46 54 -40 -49 53 52 -52 -16 -50 56 -56 -45 -33 -38 -60 61 -26
right_child=1 4 -4 -5 7 12 -8 8 9 -11 -12 -13 13 -15 15 16 22 -19 -20 -21 -22 28 -24 -25 60 26 -28 -29 29 -31 -32 57 33 -35 -36 -37 58 -39 39 -41 -42 -43 44 46 45 -47 -48 48 49 -51 51 -53 -54 -55 55 -57 -58 -59 59 -61 -62 -63
leaf_value=0.014064626841027142 0.017552256492514382 -0.0092820170225544896 0.0058355330579034619 0.017812572058032054 0.0011159069924273402 -0.012282508236485325 -0.0031695682188963557 -0.0077294238515946264 0.012528946673061144 0.051237618495664085 -0.0059833670952645392 0.016691942238758972 0.0087023062190299001 -0.023580747835932375 -0.010391472354693681 0.039366851265626876 -0.0032938642985570954 -0.020616851063647405 0.0037738969448616435 0.0014554462103327905 -0.011283716608497245 -0.0035596595104061858 0.01620049336213478 0.011050599463167452 -0.016393131363211487 0.020351045095297539 0.0013290349984125766 0.00057370727474935566 0.0035383709074595189 0.022648604165105092 0.014034010763336548 0.022713497760485073 -0.0018438113758368004 -0.00021709246357467775 0.025210103023095579 0.012480749993455175 -0.010790895776980692 0.016308249835304815 0.0089210629795977315 -0.019694952400646559 0.013518288719549363 0.013019722532834965 -0.0096057212239624452 -0.0020356986141230335 -0.0072531029233955562 0.017447677179064629 0.0091635947725575793 -0.020066104544687151 -0.010494633491133649 -0.015533695841557345 0.016598010667559407 -0.0022591683609756788 -0.0020743822089431185 0.0061454347520947571 0.012410051955305972 -0.0047741864134955301 -0.022434048587552786 0.0076291238074473484 0.00083129103549709784 0.0065714971657324529 -0.00028033899080434312 -0.0051742951700757354
leaf_weight=526 760 1492 13719 500 2140 1002 148858 747 807 500 868 844 641 511 1599 545 760 603 65173 7487 735 1635 631 786 1362 575 1045 3724 10487 739 1356 945 604 879 1013 834 505 508 555 978 886 508 3039 656 672 660 1004 668 524 640 757 1264 20866 1168 620 1298 502 819 8892 6311 1817 2557
leaf_count=526 760 1492 13719 500 2140 1002 148858 747 807 500 868 844 641 511 1599 545 760 603 65173 7487 735 1635 631 786 1362 575 1045 3724 10487 739 1356 945 604 879 1013 834 505 508 555 978 886 508 3039 656 672 660 1004 668 524 640 757 1264 20866 1168 620 1298 502 819 8892 6311 1817 2557
internal_value=-3.0356e-05 0.00239044 0.00106322 -0.00303803 0.00399432 0.000320504 -0.00310842 0.00853645 0.0107452 0.027476 0.00700294 0.0034292 -0.0030027 -0.00619798 0.000907439 -0.00088223 0.0151651 -0.00208561 0.00327713 -0.000332552 0.00196326 0.00217427 0.00557572 -0.00163946 -0.00478769 0.000467637 0.00812252 -0.00216215 0.00472772 0.00580563 0.00474552 0.00925794 0.00570707 0.00973574 0.0151301 0.00104589 0.00073979 -0.0012906 -0.00188637 -0.00585652 9.76773e-05 -0.00250538 -0.00119988 0.00237139 -0.00515253 0.0050055 -0.000474437 -0.00473904 -0.0072768 -0.00357822 -0.00204898 0.00482764 -0.00266855 0.00097639 -0.00363004 0.000798501 -0.0109369 0.0157514 0.00276193 0.00321552 -0.00630147 -0.00908918
internal_weight=336106 186222 101904 149884 84318 88185 149384 9322 7182 1307 5875 74996 13234 6888 74951 27811 1936 25875 74152 8979 47140 46405 1391 25272 6377 6346 1620 4726 14217 12582 11843 5007 3243 2496 1617 32188 31354 15646 15138 5041 10097 4063 9211 4840 4371 1332 4080 3555 3000 2332 24486 2021 22465 1692 3076 1918 1158 1764 15708 15203 5736 3919
internal_count=336106 186222 101904 149884 84318 88185 149384 9322 7182 1307 5875 74996 13234 6888 74951 27811 1936 25875 74152 8979 47140 46405 1391 25272 6377 6346 1620 4726 14217 12582 11843 5007 3243 2496 1617 32188 31354 15646 15138 5041 10097 4063 9211 4840 4371 1332 4080 3555 3000 2332 24486 2021 22465 1692 3076 1918 1158 1764 15708 15203 5736 3919
cat_boundaries=0 1
cat_threshold=1024
is_linear=0
shrinkage=0.03


Tree=114
num_leaves=63
num_cat=0
split_feature=1 1 25 23 2 24 32 23 31 7 19 3 4 13 23 18 25 24 24 18 19 25 25 24 19 32 18 32 29 7 32 0 25 13 24 23 24 1 8 23 29 23 23 24 21 25 19 23 23 23 32 23 16 31 16 1 23 23 24 25 1 3
split_gain=2663.05 477.732 244.267 220.254 179.459 168.7 175.524 159.47 251.02 150.681 229.07 269.103 174.943 202.096 216.783 199.053 152.209 304.448 179.639 234.091 149.883 166.609 220.765 235.197 231.988 176.417 157.551 152.532 149.319 166.968 149.041 163.764 149.034 144.965 177.31 441.178 281.359 136.493 136.288 135.234 132.677 128.054 336.019 257.099 243.349 240.432 239.561 184.596 165.222 265.103 491.522 806.658 288.253 382.926 247.572 235.49 344.588 269.956 219.82 306.872 278.138 243.568
threshold=0.4054678504506592 2.3292395412004487 13.91896556754026 -0.61383352812826175 3.0389727748561328 -0.99963164097526602 -0.59358789476479679 0.11135109471829405 3.0005303793656686 3.2490262836836163 5.9059427821715182 0.91504656598004208 2.6989280214237259 1.2624686108473457 -0.9998158143810113 748.84348699455279 4.6226027886152918 -0.26296220265651482 -0.33662488294938414 620.70319082336437 3.580189827618049 7.9703137812835569 8.6201453130291696 -0.91281223188962002 3.7219580927080202 -0.40616802698876314 128.21944362209894 -0.15697685862275393 -0.0078276337517342743 11.991539009031792 -0.93199151096385047 1.2809374928474428 1.5628515965996252 2.0143766013565916 0.32041146939831461 -0.79462857753386928 0.23802450821255497 4.9529772614864394 -1.222702786421449 0.27947533894953841 -0.18438936898891067 -0.82482438823869786 -0.70403958523943955 -0.23802450821255547 12.551550283184907 8.354240312783789 3.580189827618049 -0.92632396825149488 -0.51477383718533543 -0.41612469599147489 0.022219004642296532 -0.46995942967050158 16.900000000000002 2.5718664546499683 19.550000000000004 4.4690025878997881 -0.085730500155694681 -0.15389057670406206 -0.82964644928663578 30.718496452167795 3.5580300949271764 3.028334785092436
decision_type=2 2 2 2 2 2 2 2 2 8 2 2 2 2 2 2 2 2 2 2 2 2 2 2 2 2 2 2 2 10 2 2 2 2 2 2 2 2 10 2 2 2 2 2 2 2 2 2 2 2 2 2 2 2 2 2 2 2 2 2 2 2
left_child=2 4 -1 -4 9 6 -3 8 -6 10 11 -2 13 -11 -15 20 18 38 19 -13 33 26 -23 25 -25 -24 40 -26 -28 -30 -14 -32 -7 -16 36 -36 39 41 -18 -35 -22 43 45 47 -45 46 -43 -34 58 50 -50 -52 53 -51 55 56 57 -54 -44 60 61 -60
right_child=1 5 3 -5 7 32 -8 -9 -10 12 -12 16 30 14 15 -17 17 -19 -20 -21 21 22 23 24 27 -27 28 -29 29 -31 31 -33 37 34 35 -37 -38 -39 -40 -41 -42 42 48 44 -46 -47 -48 -49 49 52 51 -53 54 -55 -56 -57 -58 -59 59 -61 -62 -63
leaf_value=-0.0030887520559476174 0.00052099476947782282 -0.016260864754194367 -0.0046735772531609279 0.015050346206304735 0.0046657741888676109 0.01465941230610752 0.0028804383306723961 -0.0037469048299271588 0.02866678101767586 -0.0013846088557130443 -0.0028491524963261392 0.0046773283722582708 0.0096094398696230723 0.018658774370446576 -0.00083678765241122376 -0.0038320369165297857 -0.0014690681814242435 0.033210765452160194 -0.0029719421690982037 0.024295722725003351 0.022203809972196842 0.026399337556411429 0.0098167274674789886 0.016877437825416456 -0.0032652170251378089 0.030120760861628394 -0.0042521596129105835 0.014434988134287282 0.00056726663476412492 0.018860165242798561 -0.015765282411181268 -0.0030865068168373006 -0.0081155550378626054 0.0022294652975804147 0.029625847875658862 -0.001521361534754933 -0.01882845823341818 0.016145247178187706 0.012199609520595796 0.016202521002844628 0.0024129038015860754 -0.0087303112630603592 -0.0090354087079230153 0.010622606664902175 0.0014228704330729763 0.013680095184885721 0.013046586532327419 0.001098196339072068 0.0043332919251330496 0.0060852965299040759 0.050244160440096365 0.0077818723577498024 0.015128434771568808 -0.0006241954829737372 -0.0017194571237547824 -0.0050556213630523249 0.0057603268479871463 0.036678724227346783 0.0070446717925443346 -0.015698913019512598 0.022099998235745554 -0.010905846224719927
leaf_weight=147581 7814 730 846 1269 979 1230 1040 599 652 28154 4643 2697 526 675 15704 5360 843 538 1838 683 549 541 1603 823 3070 506 3628 506 1644 613 1366 2778 2830 6962 752 890 540 841 2947 680 681 996 1932 4289 6517 5699 828 6316 3367 13659 650 1051 2680 17408 1768 758 3355 651 2545 683 774 923
leaf_count=147581 7814 730 846 1269 979 1230 1040 599 652 28154 4643 2697 526 675 15704 5360 843 538 1838 683 549 541 1603 823 3070 506 3628 506 1644 613 1366 2778 2830 6962 752 890 540 841 2947 680 681 996 1932 4289 6517 5699 828 6316 3367 13659 650 1051 2680 17408 1768 758 3355 651 2545 683 774 923
internal_value=3.58768e-05 0.00242991 -0.0029436 0.00716836 0.00106041 0.00411512 -0.00503756 0.00946849 0.0143186 0.000873486 0.00306743 0.00465021 0.000258782 0.000614869 0.00184596 0.00159202 0.00802819 0.0121858 0.00457138 0.00867167 0.00232487 0.00479924 0.00806653 0.00652345 0.00256818 0.0147479 0.00155886 -0.000744 -0.000485075 0.00556632 -0.00536927 -0.00727981 0.00431358 0.000951316 0.00380863 0.01279 0.0019995 0.00415464 0.00916139 0.0034826 0.0113005 0.00402708 0.0047222 0.00194556 0.00507755 0.0106483 0.0011639 -0.00175564 0.00386727 0.0045235 0.0109875 0.0241076 0.00370892 0.00232622 0.00836821 0.0107636 0.0125595 0.0193888 -0.00047264 0.00289216 0.00590044 0.00225836
internal_weight=336000 186304 149696 2115 102784 83520 1770 2230 1631 100554 22003 17360 78551 73881 45727 45052 9546 4328 5218 3380 39692 14164 7049 6508 4399 2109 7115 3576 5885 2257 4670 4144 81750 25528 9824 1642 8182 80520 3790 7642 1230 79679 59727 19952 10806 7523 1824 9146 52204 45347 5068 1701 40279 31067 9212 7444 6686 3331 6857 4925 4242 3468
internal_count=336000 186304 149696 2115 102784 83520 1770 2230 1631 100554 22003 17360 78551 73881 45727 45052 9546 4328 5218 3380 39692 14164 7049 6508 4399 2109 7115 3576 5885 2257 4670 4144 81750 25528 9824 1642 8182 80520 3790 7642 1230 79679 59727 19952 10806 7523 1824 9146 52204 45347 5068 1701 40279 31067 9212 7444 6686 3331 6857 4925 4242 3468
is_linear=0
shrinkage=0.03


Tree=115
num_leaves=63
num_cat=0
split_feature=1 1 5 25 23 23 19 29 23 24 27 13 3 24 32 24 23 23 29 17 25 24 25 25 24 23 24 23 19 17 2 29 32 1 5 33 25 29 25 25 19 5 17 32 31 25 27 25 25 17 25 27 17 32 23 17 24 5 23 24 24 4
split_gain=2582.73 482.586 246.068 210.715 588.368 547.537 244.241 236.89 207.017 410.238 198.788 199.66 188.587 181.019 200.947 239.471 193.674 241.887 183.459 229.878 172.952 188.238 169.851 290.706 273.851 264.974 236.947 391.321 291.114 207.402 167.838 167.523 317.507 194.065 167.441 163.988 193.893 226.267 148.553 298.055 267.103 145.63 145.469 166.825 140.662 139.954 139.823 180.583 529.286 630.064 306.008 231.51 280.237 333.94 218.867 276.224 327.984 380.392 354.837 215.306 195.209 202.076
threshold=0.3075322622396276 1.9190152319085572 0.6720439639416812 17.283627578984667 -0.61383352812826175 0.21293867525431665 2.8505341756166178 -0.42336381099554643 -0.36075750887067731 -0.99815866078541837 0.14032258064516132 1.7050441072354954 3.2645989710179832 -0.99992632385251334 1.0000000180025095e-35 -0.99550911953113219 -0.96699210069650898 -0.93265450753882229 0.8093839972754181 73.000000000000014 15.415125877406169 -0.93262014971044682 12.623634618552783 13.206424748296701 -0.99550911953113219 0.0085831648773537477 -0.82964644928663578 -0.89445413044074662 2.5703227282623566 76.000000000000014 2.5849477819868274 0.54963714893960314 -0.52657545841337539 4.2813435207769075 -0.44004799032405634 3.5000000000000004 10.530939929627925 0.8093839972754181 20.10581316862616 17.579950761787035 10.425197840915478 -0.12047587670393142 73.850000000000009 -0.27440804832179455 3.108108539302378 7.5613172081369235 0.018817204301075273 7.9703137812835569 8.354240312783789 76.300000000000026 7.1813264902440777 0.0048387096774193559 73.65000000000002 -0.89928424191655454 -0.99760647975412031 75.300000000000011 -0.53667642277345495 -0.087388619980445989 -0.94723957588908092 -0.61385614182261172 -0.96914236212857563 2.4463448685335822
decision_type=2 2 2 2 2 2 2 2 2 2 2 2 2 2 2 2 2 2 2 2 2 2 2 2 2 2 2 2 2 2 2 2 2 2 2 2 2 2 2 2 2 2 2 2 2 2 2 2 2 2 2 2 2 2 2 2 2 2 2 2 2 2
left_child=30 3 10 20 -5 7 -7 -6 -9 -10 13 -12 -13 -3 15 -15 45 42 -19 -20 22 -22 24 -24 25 -2 28 -28 -25 -30 -1 -14 -33 -34 -29 38 -37 -38 39 40 44 -40 -18 -44 -16 -17 47 50 49 -49 51 60 53 -53 -50 -56 -57 58 -58 -54 -26 -62
right_child=1 2 -4 4 5 6 -8 8 9 -11 11 12 31 14 35 16 17 18 19 -21 21 -23 23 26 46 -27 27 34 29 -31 -32 32 33 -35 -36 36 37 -39 41 -41 -42 -43 43 -45 -46 -47 -48 48 54 -51 -52 52 59 -55 55 56 57 -59 -60 -61 61 -63
leaf_value=-0.0030933308026930696 -0.0019714552448362199 0.019758469919161397 0.006398455808438612 -0.0067005960870604887 0.036499117485006442 -0.014238833267117383 0.010174254996178965 0.029621006976852358 0.027861598561419718 -0.0019607691943157451 -0.0096632117333533656 0.021202176321937969 0.0033913826499488097 -0.0063609201168492594 0.0033075847260975468 -0.0033467558821644234 -0.016648273173534092 0.0030433341415704303 0.013937921386756463 -0.0041490371779982467 -0.022653034182667665 -0.0021308371560286757 0.022355146310925982 0.029038559982015821 0.010670748555670129 -0.024419125828282644 0.0094209708918864821 -0.029004921481828205 -0.0094039717398694267 0.012746494738859316 0.012969956065751423 0.028863305975772989 0.00085154662653166326 0.019972438601374886 -0.0049209779241127819 0.0033075847260975468 0.008823857835383541 0.028643628299236296 0.0033075847260975468 0.008823857835383541 -0.015156515232547216 -0.0074230797318738375 0.0045787634876290253 -0.014188887990239462 -0.0014362010934857595 0.012991218739632868 -0.0033464804300434143 0.0020875669215142511 -0.014524342927730553 0.047900939950940469 -0.0081743327472150167 -0.0010742838746818427 0.0091035244423862335 0.030439071902370361 0.019513616643797506 -0.014884408450273605 5.155492512337258e-06 -0.0044381811151380035 0.025436474067552253 5.2506929684796745e-05 -0.00030903598106031885 -0.011372420251238779
leaf_weight=143093 1174 529 22714 2277 586 789 684 647 678 1057 612 874 5367 3851 11798 609 1004 22081 694 6645 601 1200 794 515 1385 789 907 539 672 864 583 765 1602 676 502 6584 4671 580 1435 1407 770 2459 1138 675 5794 2064 8254 551 651 526 3653 505 3421 749 849 938 894 2005 1098 7641 34385 1548
leaf_count=143093 1174 529 22714 2277 586 789 684 647 678 1057 612 874 5367 3851 11798 609 1004 22081 694 6645 601 1200 794 515 1385 789 907 539 672 864 583 765 1602 676 502 6584 4671 580 1435 1407 770 2459 1138 675 5794 2064 8254 551 651 526 3653 505 3421 749 849 938 894 2005 1098 7641 34385 1548
internal_value=1.3311e-05 0.00229221 0.00362586 0.000593597 0.00568863 0.0120413 -0.00290634 0.0194521 0.0151906 0.00973973 0.00288185 0.00687682 0.00797176 0.00235281 0.0022275 0.000733885 0.00151733 0.000873195 0.00167771 -0.00243035 0.000152227 -0.00902292 0.000370783 0.00583375 1.69232e-06 -0.0110331 0.00252962 -0.00495734 0.00963534 0.0030566 -0.0030277 0.00658502 0.0122029 0.00655702 -0.01747 0.00385807 0.00674076 0.0110382 0.00241519 0.00330758 0.0020814 -0.00294849 -0.00751702 -0.00242845 0.00284 0.00926958 0.000316159 0.000813629 0.00516657 0.0245805 0.000199558 0.000816627 0.00438222 0.0177944 0.00190077 0.0037604 0.00103326 0.00478269 0.0140516 0.00285444 -0.000360549 -0.000787164
internal_weight=335402 191726 107398 84328 6718 4441 1473 2968 2382 1735 84684 9896 9284 74788 74259 38761 34910 32237 29420 7339 77610 1801 75809 4793 71016 1963 3999 1948 2051 1536 143676 8410 3043 2278 1041 35498 11835 5251 23663 19769 18362 3894 2817 1813 17592 2673 69053 60799 7512 1077 53287 49634 12316 1254 6435 5784 4935 3997 1992 11062 37318 35933
internal_count=335402 191726 107398 84328 6718 4441 1473 2968 2382 1735 84684 9896 9284 74788 74259 38761 34910 32237 29420 7339 77610 1801 75809 4793 71016 1963 3999 1948 2051 1536 143676 8410 3043 2278 1041 35498 11835 5251 23663 19769 18362 3894 2817 1813 17592 2673 69053 60799 7512 1077 53287 49634 12316 1254 6435 5784 4935 3997 1992 11062 37318 35933
is_linear=0
shrinkage=0.03


Tree=116
num_leaves=63
num_cat=0
split_feature=1 13 26 23 5 28 24 16 13 13 26 23 23 23 2 1 16 23 31 23 23 24 24 26 24 5 18 31 24 1 24 25 31 24 5 16 23 2 4 24 25 3 29 25 25 26 16 26 25 26 16 5 26 25 24 24 16 23 23 31 23 23
split_gain=2383.09 388.413 277.665 326.844 262.09 239.845 251.813 230.386 225.253 217.48 241.507 207.113 194.825 414.347 192.951 190.262 181.594 303.476 320.484 295.872 628.099 268.984 207.897 207.352 201.068 362.871 191.76 181.712 167.156 202.201 237.392 333.879 166.639 188.224 157.12 152.678 150.224 191.359 183.322 169.779 177.918 382.851 160.677 147.721 218.078 223.441 146.387 143.447 497 142.955 141.294 138.971 132.116 384.177 236.192 232.411 227.411 250.753 415.672 149.132 131.897 131.335
threshold=1.2891581856277794 1.5029525892764648 24.504613590240471 0.58637393129089799 1.3977650139343882 -0.7277371442445294 -0.99815866078541837 19.550000000000004 2.3309421213720047 1.8386124761600355 106.43766212463377 -0.99466323211226826 -0.96699210069650898 -0.93265450753882229 2.9337796851520186 0.37992638403495499 10.250000000000002 -0.15389057670406206 3.5912393499179838 -0.48504197719567627 -0.45473838294431457 -0.8199415561881177 -0.97322851985520697 26.399140548706054 -0.96477059369951401 0.061797511177094429 37.117694727060837 2.0327201025687311 -0.72208999473568902 2.3852989222786367 0.34470738398793405 7.9703137812835569 2.5817987886960974 -0.98053927088909909 0.48320364223435647 9.3500000000000032 -0.51477383718533543 2.9178465702126672 3.4476180578017321 -0.91968655568559032 24.661279086444171 3.4085829455156218 -0.12953202345550593 10.387968341978169 9.3151905499919465 35.028971576690658 19.900000000000002 53.177443313598587 11.418027806270027 57.575391101837134 19.900000000000002 0.3123351487687428 38.744190597534178 7.9703137812835569 0.30410362911654193 -0.82964644928663578 11.800000000000002 -0.84374447618434878 -0.94723957588908092 2.1952178717549473 0.70403958523943977 0.36075750887067765
decision_type=2 2 2 2 2 2 2 2 2 2 2 2 2 2 2 2 2 2 2 2 2 2 2 2 2 2 2 2 2 2 2 2 2 2 2 2 2 2 2 2 2 2 2 2 2 2 2 2 2 2 2 2 2 2 2 2 2 2 2 2 2 2
left_child=1 11 7 5 9 -4 -7 -3 -9 10 12 -1 -2 34 32 -13 17 19 22 21 -21 -11 51 -24 -22 -26 36 -25 -23 30 35 -32 33 -8 -14 -30 37 -18 -39 40 -38 -42 -41 44 45 -31 -15 48 60 -49 -17 -19 53 54 -35 59 57 58 -57 -54 -29 -28
right_child=4 2 3 -5 -6 6 14 8 -10 16 -12 15 13 46 -16 50 26 18 -20 20 24 28 23 27 25 -27 61 47 29 43 31 -33 -34 52 -36 -37 39 38 -40 42 41 -43 -44 -45 -46 -47 -48 49 -50 -51 -52 -53 55 -55 -56 56 -58 -59 -60 -61 -62 -63
leaf_value=-0.011280231471367884 0.0066481476175969311 -0.0048723157471536813 0.016526664070595724 0.022731595360371882 0.0093376922035237325 0.021916880074997133 -0.014329523264692263 -0.00018345544889029617 0.024282161189286194 -0.019646158167165577 -0.011364709922209058 -0.0029934150359271598 -0.0111409545216176 0.0021477542228835645 0.018546282119354933 0.00016716624029498238 0.0093639583432668094 -0.015594731310510992 0.018596833929448026 0.038316662232341155 0.016799351098134453 0.014163608950327406 -0.012277906861674957 0.018204368329580341 -0.012799535005594007 0.012724439768172538 0.0029830660306209016 -0.006537792918679692 -0.0007215567812292312 -0.0019083769276462409 -0.0093191662619404401 0.022590287674869109 -0.011340664708676364 0.0078049239565873511 0.0020221166159838972 -0.015860274597482429 0.0009078750395938623 -0.0052912809542812293 0.012302214943256964 0.032027684469497622 0.032868810152337308 0.0070200340552048403 0.012820045467159855 0.010624070528037021 -0.014834562689476812 0.022265560896130358 -0.0073138000905480045 -0.020738080589957957 0.028288223041695256 -0.0008837482618826736 -0.0073537150792450795 -0.00033362467574749689 0.0012081157886797446 0.025171081365973531 -0.010404878730608077 -0.014518755468776911 0.0069661804888505718 -0.020124353387545531 0.018506520144583191 0.021832708867414178 0.010127725871548809 0.0077333018343151844
leaf_weight=2456 5753 7040 1092 812 5558 530 646 1012 504 509 1352 138285 3337 36908 521 29155 2971 1901 583 642 977 1006 1219 520 978 1018 43661 1868 1049 1069 573 599 1056 1867 1078 1396 2247 2362 683 508 627 2828 1731 2365 641 502 1528 523 570 856 2431 748 731 790 970 843 1053 1125 571 551 549 5951
leaf_count=2456 5753 7040 1092 812 5558 530 646 1012 504 509 1352 138285 3337 36908 521 29155 2971 1901 583 642 977 1006 1219 520 978 1018 43661 1868 1049 1069 573 599 1056 1867 1078 1396 2247 2362 683 508 627 2828 1731 2365 641 502 1528 523 570 856 2431 748 731 790 970 843 1053 1125 571 551 549 5951
internal_value=-2.37192e-06 -0.00216241 0.00161848 0.00435343 0.0029546 0.00313598 0.00182989 -0.0025876 0.00800332 0.00269376 0.00111853 -0.00263885 0.00146691 0.000770601 0.000827399 -0.00251359 0.00360622 0.00130003 -0.0028463 0.00420561 0.0115257 0.00147555 -0.00428417 -0.00123572 0.00568574 0.000217471 0.00442816 0.00152891 0.00265417 0.00123335 -0.0040648 0.00701619 -8.6029e-05 0.00121878 -0.00792831 -0.0093799 0.00753458 0.00395393 -0.00133132 0.010243 0.00748298 0.0117517 0.0172397 0.00542011 -0.000155203 0.00586234 0.00177071 -0.000475729 0.00321898 -0.00846143 -0.000412747 -0.0112942 0.00240804 0.00673928 0.00157145 -0.00081867 -0.0047324 -0.00958831 -0.00116431 0.0101229 -0.00273928 0.00355358
internal_weight=335785 194041 21714 13158 141744 12346 11254 8556 1516 136186 49956 172327 48604 42851 10724 169871 86230 22661 9337 13324 3615 9709 8754 6105 2973 1996 63569 4886 9200 8194 3617 1172 10203 9147 4415 2445 13957 6016 3045 7941 5702 3455 2239 4577 2212 1571 38436 4366 2987 1379 31586 2649 8501 3627 2837 4874 3592 2539 1414 1282 2417 49612
internal_count=335785 194041 21714 13158 141744 12346 11254 8556 1516 136186 49956 172327 48604 42851 10724 169871 86230 22661 9337 13324 3615 9709 8754 6105 2973 1996 63569 4886 9200 8194 3617 1172 10203 9147 4415 2445 13957 6016 3045 7941 5702 3455 2239 4577 2212 1571 38436 4366 2987 1379 31586 2649 8501 3627 2837 4874 3592 2539 1414 1282 2417 49612
is_linear=0
shrinkage=0.03


Tree=117
num_leaves=63
num_cat=1
split_feature=1 25 24 25 34 18 25 32 24 5 21 18 24 17 25 24 24 24 24 24 29 32 29 16 21 25 31 25 21 24 5 25 25 25 2 20 25 33 5 24 24 20 2 24 3 25 24 16 20 16 25 24 24 29 31 2 3 31 24 24 5 1
split_gain=2156.99 390.198 522.379 334.425 263.122 252.549 227.83 291.047 357.158 218.065 206.985 433.467 436.269 315.765 311.655 299.435 254.969 491.487 239.539 239.252 215.783 248.325 236.972 180.406 228.376 177.543 384.847 175.874 194.422 285.967 290.586 209.183 239.481 220.447 363.651 168.42 215.552 167.781 162.643 161.813 250.089 156.457 152.648 163.638 253.792 257.625 264.707 756.816 189.989 169.751 150.233 207.829 182.078 145.968 200.423 152.564 145.639 144.901 303.616 144.297 196.837 176.126
threshold=1.2354819379390454 13.91896556754026 -0.99698079756684088 14.623407672858368 0 76.302805655250481 1.6179563127159702 0.022219004642296532 -0.8099950225495034 1.6809837296058974 16.481004488134428 128.21944362209894 -0.5 76.300000000000026 4.1782084960410364 -0.43939950965914149 -0.4083043422438935 -0.35273909160235833 -0.96914236212857563 -0.75113193087051977 -0.5184496124078245 -0.96248929360294921 -0.35509620096831124 18.825000000000006 70.699020468213646 5.0194124257452399 0.23452836714694922 12.904465170857568 73.894985053620886 -0.68552235175575749 -0.84843873281483184 5.7299076434104679 6.7622700251358498 2.5500967260610357 0.11339455900138748 22.905322486475324 2.8125263706811015 3.5000000000000004 -0.37537529917901907 -0.78938882915716746 -0.90566889813915308 36.408765373125327 1.4760292801083532 -0.26296220265651482 0.14405326918305214 0.28643874280475162 -0.69791844337451392 18.550000000000004 22.905322486475324 15.750000000000002 7.9703137812835569 -0.30410362911654215 -0.13690101447512068 -0.36954754294472442 1.5585421012997365 1.8349688628806085 4.2180701096071482 0.43068358770439785 -0.02574791365498821 -0.72208999473568902 -0.84843873281483184 2.6599474716514031
decision_type=2 2 2 2 9 2 2 2 2 2 2 2 2 2 2 2 2 2 2 2 2 2 2 2 2 2 2 2 2 2 2 2 2 2 2 2 2 2 2 2 2 2 2 2 2 2 2 2 2 2 2 2 2 2 2 2 2 2 2 2 2 2
left_child=1 6 -3 -4 38 39 42 10 -9 35 11 12 14 -14 19 -15 -17 -18 -16 -8 -19 22 37 24 53 26 -24 28 29 30 -12 33 -33 34 -30 36 -6 -22 -2 40 -5 56 43 44 -1 -46 48 49 -47 -48 -31 -52 -53 -10 -55 -56 -37 -27 -59 60 -43 -61
right_child=4 2 3 5 9 -7 7 8 23 -11 27 -13 13 15 18 16 17 20 -20 -21 21 -23 25 -25 -26 57 -28 -29 31 50 -32 32 -34 -35 -36 41 -38 -39 -40 -41 -42 59 -44 -45 45 46 47 -49 -50 -51 51 52 -54 54 55 -57 -58 58 -60 61 -62 -63
leaf_value=-0.0028669444139368845 -0.010006120333482794 0.034165109559427941 0.023944200554855563 -0.0085247274236986206 0.0085918041172809295 0.0085881715345643064 -0.0053938136957449468 -0.012500217263817606 -0.0031848516208714149 0.011673290567454482 -0.024861075551761272 0.020649458030878587 -0.0029659346273706181 0.025628781841511121 0.0087246111144676144 -0.017234788361723763 0.029346311238610347 -0.010388495114316389 -0.01214023499735885 0.021303397136427704 0.011110743255291582 -0.00030622587868870484 0.0020696342385224695 0.024343302721688571 -0.0082489451314014771 -0.0095198960342099247 0.034707142343719848 0.013835796501480683 -0.0046977419470185869 -0.0042189658063542445 -0.0073658914584487116 0.025430171536868895 0.00154363490737924 -0.0037848711908413908 0.022548326181806314 0.0040478717359088969 -0.0013181250345757161 0.032871933807584588 0.00024374668420882535 -0.013814927079595753 0.014696339517215485 0.014639720054949436 -0.018555469292837957 -0.0035836577386823458 -0.0070962717644217172 0.010760173591031328 0.019885520682952258 0.046102649342499302 -0.012323379272826394 0.0018167733856962092 0.018121799624617723 -0.0096168216585805211 0.010551535051012606 -0.00058223462764450738 0.032944624834637469 0.013272574397812844 0.010480380838966817 -0.0029204768275834601 0.024442525344771138 -0.001690641200967532 0.0029737756598287807 0.0044260531408523065
leaf_weight=12316 1513 515 589 1076 2313 1911 661 792 559 2694 1106 912 7894 578 547 501 672 980 4920 549 817 5301 915 616 721 863 500 542 956 16568 3735 564 1126 8598 811 63388 13360 527 16957 1207 675 1391 573 96884 1257 538 619 516 780 1876 658 1022 658 633 506 1208 3332 1179 523 13814 19379 6105
leaf_count=12316 1513 515 589 1076 2313 1911 661 792 559 2694 1106 912 7894 578 547 501 672 980 4920 549 817 5301 915 616 721 863 500 542 956 16568 3735 564 1126 8598 811 63388 13360 527 16957 1207 675 1391 573 96884 1257 538 619 516 780 1876 658 1022 658 633 506 1208 3332 1179 523 13814 19379 6105
internal_value=-2.4847e-05 -0.00211132 0.00543296 0.0026931 0.00274585 0.000100436 -0.00235429 -0.00100688 0.00593897 0.00323669 -0.00154382 0.000353977 -0.000312382 0.00178967 -0.00699863 0.0046005 0.00363966 0.00449817 -0.0100465 0.00675704 0.0030473 0.00429085 0.00886407 0.0093915 0.0068221 0.00517333 0.0136839 -0.00304956 -0.00330708 -0.00488195 -0.0113845 -0.00020404 0.00956674 -0.001801 0.00783572 0.00305182 0.000146642 0.0197338 -0.000598045 -0.00538826 0.000443212 0.00347572 -0.00317436 -0.00309677 -0.00046154 0.00483971 0.00830972 0.0132113 -0.00289575 0.00633037 -0.00321437 0.0038984 -0.00170968 0.0105691 0.0138448 0.019159 0.00436987 0.00046091 0.00553474 0.00200916 0.0037584 0.000184713
internal_weight=335796 191550 5973 5458 144246 4869 185577 70218 5035 125776 65183 28839 27927 21250 6677 13356 12778 12277 5467 1210 11605 10625 5324 4243 3627 3980 1415 36344 35802 23747 4841 12055 1690 10365 1767 123082 15673 1344 18470 2958 1751 107409 115359 114786 17902 5586 4329 3011 1318 2495 18906 2338 1680 2906 2347 1714 66720 2565 1702 40689 20770 19919
internal_count=335796 191550 5973 5458 144246 4869 185577 70218 5035 125776 65183 28839 27927 21250 6677 13356 12778 12277 5467 1210 11605 10625 5324 4243 3627 3980 1415 36344 35802 23747 4841 12055 1690 10365 1767 123082 15673 1344 18470 2958 1751 107409 115359 114786 17902 5586 4329 3011 1318 2495 18906 2338 1680 2906 2347 1714 66720 2565 1702 40689 20770 19919
cat_boundaries=0 1
cat_threshold=1024
is_linear=0
shrinkage=0.03


Tree=118
num_leaves=63
num_cat=1
split_feature=13 5 5 26 26 24 32 26 32 24 24 24 24 25 9 29 3 23 16 25 24 16 26 8 23 23 23 19 29 23 23 20 29 24 13 29 20 29 28 16 5 23 23 32 29 28 4 9 26 26 20 25 16 34 23 25 25 25 21 28 21 31
split_gain=2016.8 337.945 279.184 307.083 547.69 393.97 314.179 306.29 311.926 375.012 534.097 320.499 303.953 394.476 299.44 294.721 520.244 282.378 605.588 313.393 246.85 243.146 477.037 399.128 308.715 283.317 412.198 261.658 252.083 234.101 244.654 233.828 232.47 203.852 195.061 316.24 276.631 255.728 257.303 190.533 335.565 436.618 271.334 261.997 322.951 317.804 225.259 189.568 185.996 211.906 210.24 231.123 223.412 174.912 200.988 174.559 173.326 171.786 167.666 164.56 170.687 162.521
threshold=1.1339696474660117 0.9404831572293777 0.3123351487687428 31.74580688476561 36.206051826477051 0.50739640075491554 1.3535716480550175 39.484158611297609 1.0000000180025095e-35 -0.99550911953113219 -0.9770278626699701 -0.99992632385251334 -0.96477059369951401 21.715632455475554 -0.29657511426907529 1.3551758041661104 3.028334785092436 0.46995942967050169 11.150000000000002 12.904465170857568 0.10281720934011641 11.800000000000002 45.169664478301989 -1.5907248385729633 -0.99863729997741457 0.14539831731376898 0.21293867525431665 4.3100708759369413 0.36738285982217683 0.17927415433127167 -0.99466323211226826 31.680556345418445 -0.59460726912275141 -0.99168614031016833 2.5446784579494683 -0.44453435048290696 28.705107879578925 0.43107616416168149 1.1904402178438807 18.000000000000004 -0.48834645430175611 -0.87857987807829374 -0.13690605792347518 -0.7085281700688667 1.6641722339275355 0.061661143325077022 2.2134077553949858 1.1814438718584481 32.520164680480953 33.851200580596874 33.850165295507999 7.1813264902440777 9.9500000000000011 0 -0.87857987807829374 7.6905379924402455 8.8943406100595208 17.283627578984667 14.546029873324844 -0.51666569602643442 11.930268354133128 2.6452725510499628
decision_type=2 2 2 2 2 2 2 2 2 2 2 2 2 2 8 2 2 2 2 2 2 2 2 10 2 2 2 2 2 2 2 2 2 2 2 2 2 2 2 2 2 2 2 2 2 2 2 8 2 2 2 2 2 9 2 2 2 2 2 2 2 2
left_child=1 -1 3 6 5 48 33 20 11 -10 -11 -9 13 -12 -4 34 -17 21 19 -19 56 24 -23 39 -13 28 -27 29 -25 30 -26 -30 -32 -2 37 36 -36 -14 -39 43 41 -41 -43 45 -45 -24 -47 -35 -5 -50 51 -51 -52 -34 -55 -53 -6 -29 -18 -28 -61 -37
right_child=2 -3 14 4 7 -7 -8 8 9 10 12 17 15 -15 -16 16 58 18 -20 -21 -22 22 23 25 27 26 59 57 31 -31 32 -33 53 47 35 61 -38 38 -40 40 -42 42 -44 44 -46 46 -48 -49 49 50 52 55 -54 54 -56 -57 -58 -59 -60 60 -62 -63
leaf_value=-0.0024420586567331574 -0.011476605731187179 0.0052314425771838539 0.0076302051981486131 0.019858042814540771 -0.013876585699497172 0.028755715170861579 0.022131609496883427 0.021813061198314186 0.026635392730321134 -0.012586378620261426 0.037428726995004998 0.018085803158544456 -0.0034897796269532056 0.0061287087240587852 0.0025170891094801568 0.037904762353593573 -0.0037472063771654086 0.0085363874529991238 -0.013394009472283903 0.040542270281109044 0.0073332540832404085 0.023788979187425213 -0.00092352645609649513 -0.0042043271025172819 -0.018542678377061302 0.039769331650692491 -0.0047943439659671331 0.0010374783679730217 0.017954013200596513 -0.011520248971484761 0.016661858506950324 -0.0045009320270519978 0.0081400803886723765 -0.0010660508204954882 0.03450137677603362 0.017673023875934852 0.0094729164870833733 0.019782127299422927 -0.0050717209752194877 0.0086786809245026422 -0.00032933556712709511 -0.033414561391107087 -0.0067378944706272433 -7.6193873833529211e-05 -0.023827444350885265 0.0048765360326613535 0.025081258310356205 0.007720405924021268 -0.0047368100541478435 0.01957545159372209 0.0034209097426993072 -0.014199046296443424 0.026201948361442014 0.0050955311442488051 -0.0056449443469761213 0.0077200989844277501 -0.0023032224872227679 0.017857454020592963 0.017939525930326074 0.0049430809137020817 0.025654005090187285 0.0023373799592652129
leaf_weight=170690 1576 5322 16820 975 2187 953 534 660 726 1478 614 653 5131 880 26634 646 783 521 525 587 1235 898 1981 2112 794 509 525 1891 1305 3195 604 610 1260 31976 590 680 1215 976 604 508 4315 921 550 5644 562 906 1102 2369 1315 502 641 716 981 1923 8411 594 2490 764 537 758 679 6786
leaf_count=170690 1576 5322 16820 975 2187 953 534 660 726 1478 614 653 5131 880 26634 646 783 521 525 587 1235 898 1981 2112 794 509 525 1891 1305 3195 604 610 1260 31976 590 680 1215 976 604 508 4315 921 550 5644 562 906 1102 2369 1315 502 641 716 981 1923 8411 594 2490 764 537 758 679 6786
internal_value=5.38177e-06 -0.0022099 0.00244514 0.00167878 0.00271966 0.0109418 -0.000602872 0.0019693 0.00254433 0.00551024 0.00477093 0.00113823 0.00609334 0.0190742 0.0044969 0.0050078 0.0159546 0.000832702 0.01306 0.0255985 -0.00457509 0.000370963 0.00239986 0.00155929 -0.00211479 0.00785337 0.0158398 -0.00281949 0.00293927 -0.00425138 -0.00246007 0.0108082 -0.00140605 -0.000943875 0.00365663 0.00647525 0.0177267 -0.000239118 0.010295 -0.000922712 -0.00502492 -0.0152365 -0.0234969 0.00161106 -0.0022445 0.00760475 0.0159997 -0.000458956 0.00795338 0.00549096 0.00940873 0.00237291 0.0172373 -0.00235409 -0.00364129 -0.00426857 -0.00772405 0.00590205 0.00510975 0.00954647 0.0147843 0.00374504
internal_weight=335829 176012 159817 116363 79908 6677 36455 73231 67319 21646 20920 45673 19442 1494 43454 17948 1966 45013 1633 1108 5912 43380 23885 22987 19495 6498 2471 18842 4027 16187 12992 1915 12198 35921 15982 9271 1805 6711 1580 16489 6294 1979 1471 10195 6206 3989 2008 34345 5724 4749 3434 1812 1622 11594 10334 1310 4677 2655 1320 1962 1437 7466
internal_count=335829 176012 159817 116363 79908 6677 36455 73231 67319 21646 20920 45673 19442 1494 43454 17948 1966 45013 1633 1108 5912 43380 23885 22987 19495 6498 2471 18842 4027 16187 12992 1915 12198 35921 15982 9271 1805 6711 1580 16489 6294 1979 1471 10195 6206 3989 2008 34345 5724 4749 3434 1812 1622 11594 10334 1310 4677 2655 1320 1962 1437 7466
cat_boundaries=0 1
cat_threshold=2
is_linear=0
shrinkage=0.03


Tree=119
num_leaves=63
num_cat=0
split_feature=1 1 24 25 23 24 5 23 5 9 20 7 31 24 24 24 25 18 18 25 26 25 2 23 26 32 25 5 5 23 23 26 25 26 4 28 29 21 32 23 16 6 19 32 18 20 24 2 23 25 26 25 23 24 26 25 25 23 2 25 29 24
split_gain=1983.56 303.011 261.928 187.206 397.582 160.295 228.549 159.062 149.546 157.776 144.155 220.618 182.808 380.756 535.333 446.273 271.551 310.459 254.591 183.135 170.261 165.678 157.002 156.743 161.283 150.18 449.661 225.023 188.798 173.692 406.406 175.121 357.326 165.801 142.422 179.23 221.786 187.552 197.192 406.487 318.015 153.073 163.089 132.928 131.283 128.025 122.438 121.857 121.37 119.936 116.521 238.099 226.155 374.432 211.278 162.175 308.767 269.547 142.515 157.489 133.694 126.227
threshold=0.47414859376858193 2.9568999027384346 -0.99992632385251334 13.91896556754026 -0.61383352812826175 -0.99963164097526602 -0.019799230133451733 0.07717261907891422 0.3510938263894901 -0.21197660654721359 23.47537137397315 2.8488617251130011 2.8269569663598695 -0.77873524214321999 -0.8905837001257676 -0.86599350048911161 12.623634618552783 637.19260424194351 637.19260424194351 4.8178586940491401 14.34449875354766 17.283627578984667 1.3604457243516117 -0.13690605792347518 65.396470260620077 -0.14647808962564246 3.1912960057337121 0.15055716246573983 0.29142176495801853 -0.87025318080773884 -0.79462857753386928 37.898942184448238 5.7299076434104679 48.953633975982648 2.4173752888409648 2.0058806081317511 0.43107616416168149 17.941724172885067 -0.52657545841337539 -0.41612469599147489 16.000000000000004 9.5000000000000018 2.6439824120169395 -0.55322134655451716 583.03248182830828 7.1386448402616445 -0.98933596577443683 2.5329699555656937 -0.068614738002134482 3.7356742916608696 45.492506980895982 7.9703137812835569 -0.95260028690456633 -0.56532384738233998 35.325651454925513 6.2189460023837073 6.5222570340880148 0.26295251545706944 0.84156718773355121 11.731483685145136 -0.28779815265495406 0.051476858357251264
decision_type=2 2 2 2 2 2 2 2 2 10 2 8 2 2 2 2 2 2 2 2 2 2 2 2 2 2 2 2 2 2 2 2 2 2 2 2 2 2 2 2 2 2 2 2 2 2 2 2 2 2 2 2 2 2 2 2 2 2 2 2 2 2
left_child=3 2 -2 50 -5 6 -4 -6 34 -10 11 22 18 14 16 -16 -14 -18 -12 -15 -13 46 -7 24 -23 28 -27 29 45 -28 -31 32 -32 -33 41 36 43 38 -38 40 -40 42 -3 -36 -29 -22 -20 -48 -41 -24 51 54 -53 -54 55 61 -57 60 -52 -60 -58 -1
right_child=1 8 5 4 7 10 -8 -9 9 -11 12 20 13 19 15 -17 17 -19 21 -21 25 23 49 -25 -26 26 27 44 -30 30 31 33 -34 -35 35 -37 37 -39 39 48 -42 -43 -44 -45 -46 -47 47 -49 -50 -51 58 52 53 -55 -56 56 57 -59 59 -61 -62 -63
leaf_value=-0.0014751775291770167 0.020140011522921632 0.018999934998823034 0.0040248398200879824 -0.0087986566311644993 0.024641341141643545 0.001844987669051972 -0.020659119756008627 0.0037268242369913915 0.0081666924120393433 0.0029710735707155623 0.0023178981770796631 0.0059118647212634155 -0.0039215050618502311 0.011386870173202055 0.046784857616057329 0.012895167263030693 0.005706181907424189 0.031269620184553787 -0.014090573306770755 -0.0066298160247472929 0.005380542461157465 0.012374459879026349 0.023189095432209823 0.020782323022321279 -0.010518445438130304 -0.017478356276178823 -0.0010985099113267648 0.0035919051063522294 0.00067664371414724285 0.03563762829719927 -0.0019648389776783259 -0.013926376217431355 0.031522888786904839 0.0097280730325059652 -0.0084109232764961895 -0.006567755033618056 0.019220339377524948 0.022430370559748881 0.025735059273015823 -0.010301748150116405 0.0014712216980212458 -0.006778353773108526 -0.004795502616356145 0.0031302694862468728 -0.01578893185633835 -0.0080534400312458759 -0.0011225667189210414 -0.01067621385083246 0.0066901831916294282 0.0050232055492609017 0.00015306161630143262 -0.0023152907076146672 -0.0040233024935184217 0.023219587331112328 -0.014124099912957228 0.020354177249882262 0.016242384575013785 -0.020107484515703451 -0.025921988507420519 -0.0062832453262117258 -0.0021859580725252341 -0.0033613590301824112
leaf_weight=49141 666 504 641 959 822 2979 705 545 12932 8879 79548 2308 1714 649 575 895 1822 555 770 2268 689 554 665 535 544 979 1265 604 4254 536 575 533 566 524 952 1464 957 837 975 1406 966 2562 525 14664 648 8189 15054 1301 513 646 927 1921 756 1127 1431 794 566 523 646 854 931 91245
leaf_count=49141 666 504 641 959 822 2979 705 545 12932 8879 79548 2308 1714 649 575 895 1822 555 770 2268 689 554 665 535 544 979 1265 604 4254 536 575 533 566 524 952 1464 957 837 975 1406 966 2562 525 14664 648 8189 15054 1301 513 646 927 1921 756 1127 1431 794 566 523 646 854 931 91245
internal_value=6.35065e-05 0.00217278 0.00144286 -0.00245475 0.00598294 0.00134925 -0.00893259 0.016347 0.00421579 0.00605278 0.00145384 -0.000551142 0.00194127 0.00616685 0.0107682 0.026265 0.00517459 0.011728 0.00157656 -0.00260868 -0.0017819 -0.00156707 0.00566059 0.00754893 0.00103599 -0.0027003 0.00113507 0.0046187 -0.0045196 0.00809155 0.012338 0.00658816 0.014712 -0.00220927 0.00269293 0.00356989 0.00426903 0.00935766 0.00706525 0.0040307 0.0136942 -0.00285614 0.00689492 0.00242422 -0.00646197 -0.00700842 -0.0024383 -0.00188557 -0.00575377 0.0142909 -0.00258504 -0.00247822 0.00492612 0.0123002 -0.00267313 -0.00255821 0.00456707 -0.00167329 -0.00909945 -0.014799 0.00481248 -0.00270119
internal_weight=336080 182892 134756 153188 2326 134090 1346 1367 48136 21811 132744 25960 106784 8478 5561 1470 4091 2377 98306 2917 21670 18758 4290 1633 1098 19362 6230 5251 13132 3999 2734 2198 1141 1057 26325 22734 21270 5654 4817 3860 1941 3591 1029 15616 1252 8878 17125 16355 1919 1311 150862 148435 3804 1883 144631 143200 2814 2020 2427 1500 1497 140386
internal_count=336080 182892 134756 153188 2326 134090 1346 1367 48136 21811 132744 25960 106784 8478 5561 1470 4091 2377 98306 2917 21670 18758 4290 1633 1098 19362 6230 5251 13132 3999 2734 2198 1141 1057 26325 22734 21270 5654 4817 3860 1941 3591 1029 15616 1252 8878 17125 16355 1919 1311 150862 148435 3804 1883 144631 143200 2814 2020 2427 1500 1497 140386
is_linear=0
shrinkage=0.03


Tree=120
num_leaves=63
num_cat=2
split_feature=13 5 34 5 5 26 26 7 31 5 4 31 23 5 23 8 4 7 24 24 5 24 21 4 21 24 23 23 23 23 16 7 24 32 5 23 21 23 24 18 24 26 26 24 21 29 28 23 24 16 26 23 26 16 31 28 3 29 34 26 16 24
split_gain=1890.79 307.624 294.572 252.877 189.582 200.675 304.093 204.947 158.552 276.158 190.319 158.659 180.531 285.535 221.049 154.784 151.671 147.862 129.616 247.992 379.941 288.764 253.305 330.996 234.233 203.868 374.706 699.564 435.24 329.817 256.016 185.701 260.195 208.875 171.424 168.786 154.78 145.728 129.382 654.995 165.678 126.056 139.434 179.898 136.851 135.116 164.753 124.661 637.655 1669.44 196.185 567.696 209.33 173.574 153.9 139.069 137.834 193.457 121.1 131.449 119.065 267.224
threshold=1.1339696474660117 0.61842687703095023 0 -0.69314715415866157 0.30623206717317381 31.74580688476561 35.325651454925513 6.2435900882551598 3.0199183521321147 -1.3772300492815088 2.2999241827783075 3.1305551825017743 0.11135109471829405 -0.2150804576127355 -0.26295251545706949 -0.27998346892372306 3.901888492763165 10.28893560126386 -0.82964644928663578 -0.61385614182261172 -0.22158048956259077 -0.6729242335534279 16.481004488134428 2.158386023573891 70.699020468213646 -0.8905837001257676 -0.32853027881941038 -0.18771856543719898 -0.13690605792347518 -0.10282099713736061 10.650000000000002 10.092912086358131 -0.99815866078541837 -1.0589042296257143 -0.10990597964527492 -0.99466323211226826 11.930268354133128 0.27947533894953841 -0.98376170968447474 637.19260424194351 -0.9770278626699701 45.492506980895982 49.957377910613999 -0.44707732260762351 13.310367659907348 1.6185839850517276 -0.5040406551534623 0.60019216940316622 -0.73968886086496677 18.000000000000004 18.471006965637208 0.99628166032228249 21.708560276031488 8.7000000000000011 0.77088199993853568 0.54163900167655277 2.2034378973152031 0.28221251822008625 1 69.306928062438956 9.9500000000000011 -0.99815866078541837
decision_type=2 2 9 2 2 2 2 8 2 2 2 2 2 2 2 8 2 10 2 2 2 2 2 2 2 2 2 2 2 2 2 10 2 2 2 2 2 2 2 2 2 2 2 2 2 2 2 2 2 2 2 2 2 2 2 2 2 2 9 2 2 2
left_child=1 38 3 58 5 -4 7 -7 18 -10 -11 -12 13 14 -13 17 -6 -9 24 20 21 22 23 -20 25 26 -8 -28 -29 -30 -27 32 -31 -34 35 -21 -32 -35 39 -1 -40 45 -43 -44 -45 46 -37 56 49 -49 -50 53 -53 -52 55 -55 -42 -58 -2 -60 61 -5
right_child=2 -3 4 60 16 6 8 15 9 10 11 12 -14 -15 -16 -17 -18 -19 19 34 -22 -23 -24 -25 -26 30 27 28 29 31 36 -33 33 37 -36 41 -38 -39 40 -41 47 42 43 44 -46 -47 -48 48 50 -51 51 52 -54 54 -56 -57 57 -59 59 -61 -62 -63
leaf_value=-0.007320985678660295 -0.017357939704748946 0.002779053862014757 0.00010081722766870692 -0.01985009402148517 0.0059362567542745178 0.030595408479021761 -0.013492769179584734 -0.0075771096245300451 0.025369990287036851 -0.011077382387114632 0.020213007370184641 0.009380765680875482 -0.0095494598006793802 0.00081650636575822031 0.031940697161333471 0.023131513772578358 0.022120977561418002 0.014657195108100041 -0.014375136259484597 -0.0054749083440666169 0.0053125724449976444 -0.024867593257071392 -0.018055839687313203 0.013300307390797799 -0.013173425207248715 0.025525945490959181 0.03780730960396194 -0.016210260099198553 0.026859179278606263 0.028573549464576471 0.018281075007853653 -0.00030821429228962167 0.019789785297664574 -0.0093557603599631924 -0.002390967435461978 0.023123836938375188 -0.0014299696579423257 0.0066950346806812031 -0.017937696620134634 0.027020909496285665 -0.0037307986187938729 -0.0099109193175873148 -0.0043982416132652656 0.0053971045294192695 0.024902128380771611 0.026454034263139019 0.0051554741998914837 0.059167356308398512 -0.0026263467822108533 -0.0022300360232499331 0.013849848167134702 0.033559129054982345 0.0078933647915169682 -0.0025376206998156355 -0.015707586216057702 0.010316006321641334 -0.0050387998496051337 0.014312820279194999 -0.0044969839434547826 0.0064730839286254701 0.0023601334538377941 0.00028969009213675488
leaf_weight=1417 542 10632 16464 607 17440 559 1037 563 694 564 723 1271 645 2505 564 501 533 507 659 963 2175 936 896 934 636 932 561 909 604 518 554 4216 702 779 3113 598 998 1447 625 766 65965 561 799 778 554 500 1946 550 84077 1413 655 614 539 5559 684 872 934 917 6549 1152 58801 19032
leaf_count=1417 542 10632 16464 607 17440 559 1037 563 694 564 723 1271 645 2505 564 501 533 507 659 963 2175 936 896 934 636 932 561 909 604 518 554 4216 702 779 3113 598 998 1447 625 766 65965 561 799 778 554 500 1946 550 84077 1413 655 614 539 5559 684 872 934 917 6549 1152 58801 19032
internal_value=-2.4639e-05 -0.00216663 0.00234156 0.00115925 0.00374776 0.00287182 0.00405969 0.0150637 0.00341149 0.00747842 0.00548008 0.00712436 0.00520769 0.00740933 0.0163827 0.00945763 0.00642224 0.00297738 0.00244365 0.000548978 -0.00448589 -0.0107069 -0.00534259 0.00184224 0.00454452 0.00539917 0.00360931 0.00543688 0.00343809 0.00560729 0.0131389 0.00391557 0.0090761 0.00558393 0.00342335 0.00612501 0.00564217 0.0010696 -0.00248426 0.00476356 -0.00258123 0.00807555 0.00333721 0.0068399 0.0135723 0.0122536 0.00941624 -0.00252172 -0.00181998 0.0150791 -0.00217747 0.00205122 0.0216469 -0.000868657 -0.0022324 -0.000788096 -0.00350416 0.00456088 -0.00383757 -0.00284913 0.0016847 -0.000337682
internal_weight=335740 176219 159521 86683 72838 54865 38401 2130 36271 6966 6272 5708 4985 4340 1835 1571 17973 1070 29305 15412 5600 3425 2489 1593 13893 13257 10773 9736 9175 8266 2484 7662 3446 2928 9812 6699 1552 2226 165587 2183 163404 5736 2692 2131 1332 3044 2544 162779 94963 1963 93000 8923 1153 7770 7115 6431 67816 1851 8243 7701 78440 19639
internal_count=335740 176219 159521 86683 72838 54865 38401 2130 36271 6966 6272 5708 4985 4340 1835 1571 17973 1070 29305 15412 5600 3425 2489 1593 13893 13257 10773 9736 9175 8266 2484 7662 3446 2928 9812 6699 1552 2226 165587 2183 163404 5736 2692 2131 1332 3044 2544 162779 94963 1963 93000 8923 1153 7770 7115 6431 67816 1851 8243 7701 78440 19639
cat_boundaries=0 1 2
cat_threshold=9257 1024
is_linear=0
shrinkage=0.03


Tree=121
num_leaves=63
num_cat=6
split_feature=0 34 25 23 20 13 9 2 23 23 23 19 23 3 25 25 23 13 23 34 32 23 17 16 32 23 7 28 16 23 16 23 23 23 26 7 26 13 32 0 2 32 23 26 22 28 30 0 23 23 0 23 23 26 31 34 25 15 17 34 0 18
split_gain=1783.82 287.011 262.835 479.517 254.882 211.664 137.275 131.273 124.673 230.902 146.267 121.916 116.54 116.122 104.403 136.076 99.0518 96.8512 187.336 182.099 142.118 265.535 143.657 210.859 212.083 115.85 104.723 96.6168 95.121 192.626 105.052 204.659 207.951 126.156 123.457 110.594 108.354 154.304 117.707 103.671 98.9338 95.095 111.482 111.397 100.118 94.9742 140.262 91.3411 89.1684 216.007 139.45 133.593 306.318 165.563 158.087 119.381 112.951 107.618 119.163 93.8288 88.3039 156.73
threshold=0.87546876072883617 0 16.851755244336946 -0.62729398729515451 38.810513370996993 2.3872706273258015 -1.7154534942626911 1.238998972681207 -0.9821866728183295 -0.93265450753882229 -0.99275167208229986 5.9059427821715182 0.060046746386240427 1.6369524368468478 15.415125877406169 13.91896556754026 -0.79462857753386928 1.5279727003785919 -0.99466323211226826 1 -1.0473216998452226 -0.64056958004474651 73.65000000000002 10.250000000000002 -0.45699173355945155 -0.31226905285971468 6.4843289404426132 2.0401297685637974 19.900000000000002 -0.32853027881941038 10.250000000000002 -0.15389057670406206 0.07717261907891422 0.17927415433127167 54.248198604583671 18.174740576548562 26.897912216186519 1.2870818795844092 0.31813762439476451 2.2503632307052617 1.9080718556321867 0.89091856637722877 -0.96699210069650898 46.725803852081263 2 0.13862014612684817 3 2.493263959884644 0.36075750887067765 0.62729398729515495 2.8449500799179082 -0.43167285247378373 -0.48504197719567627 104.44958744049073 3.0005303793656686 4 6.8414709757893322 1.0000000180025095e-35 74.250000000000014 5 2.6319015026092534 637.19260424194351
decision_type=2 9 2 2 2 2 8 2 2 2 2 2 2 2 2 2 2 2 2 9 2 2 2 2 2 2 10 2 2 2 2 2 2 2 2 8 2 2 2 2 2 2 2 2 1 2 1 2 2 2 2 2 2 2 2 9 2 2 2 9 2 2
left_child=2 8 6 7 12 60 13 -4 10 41 -2 48 -5 -1 15 17 -15 18 -8 26 21 -21 -22 24 -24 -26 -19 28 30 -30 31 39 40 -34 36 -32 37 -35 -38 -11 -33 42 -10 44 -44 -25 -47 -37 51 50 -50 52 57 55 -54 -53 -51 -7 -59 -52 -3 -62
right_child=1 5 3 4 -6 11 14 -9 9 27 -12 -13 -14 16 -16 -17 -18 19 -20 20 22 -23 23 45 25 -27 -28 -29 29 -31 35 32 33 34 -36 47 38 -39 -40 -41 -42 -43 43 -45 -46 46 -48 -49 49 56 59 53 54 -55 -56 -57 -58 58 -60 -61 61 -63
leaf_value=-0.0005480490849250119 0.0013952472929643026 0.0016892503575500709 0.0047018746073855949 0.015824975904036226 0.030916948635796287 0.0046023267996837926 -0.012208870217291163 -0.014641471253850383 -0.00071075164879167015 -0.00053166782903598113 0.010914038827701558 -0.00044438327637127202 -0.0029350246249142892 0.016994947177115017 -0.014055100551650037 0.0090236257169845728 0.0014013371173949804 -0.0014809376500657559 -0.0024643472132761094 0.022363289150692644 0.014191406593671314 -0.0031321852095425127 -0.0048386042564350579 -0.0072731071071318633 0.0069554352574325226 0.024343505193709043 -0.015187797588191981 -0.0040659096861822078 -0.014560085505609815 0.0038700334878775194 0.0035347878434151131 -0.0066991574974773933 0.012509108337530135 7.8385029014633363e-05 -0.01240454391199826 -0.0077362495044602415 0.0085098406824521671 -0.016576148860839798 -0.0069200102951696429 0.0061673993625723424 -0.023499644694329015 0.0064670665776656736 -0.0012514713996705825 -0.018063866322616133 -0.012213280055435287 0.011241842042641888 -0.0078360150537667549 0.0012163216989367308 0.022047315792607661 0.010003062514611806 0.016371988870479179 0.0032728379609786814 0.010211392265531383 0.0077528946391803195 0.031126419100367439 -0.0043463291359333118 -0.005347176134051103 0.020839522887021303 0.0041302307317034378 -0.0015315296117093084 0.0053317822449001429 -0.001893265082212406
leaf_weight=2728 4224 48982 505 698 671 9449 1792 829 2288 4140 2211 2975 515 800 680 942 675 1081 151508 794 626 679 918 3258 927 550 933 3191 979 1057 23891 640 508 1510 1025 1440 1508 744 626 4170 628 601 1675 934 1359 719 661 3531 1375 810 512 4950 633 4293 680 2936 912 830 717 529 15795 3257
leaf_count=2728 4224 48982 505 698 671 9449 1792 829 2288 4140 2211 2975 515 800 680 942 675 1081 151508 794 626 679 918 3258 927 550 933 3191 979 1057 23891 640 508 1510 1025 1440 1508 744 626 4170 628 601 1675 934 1359 719 661 3531 1375 810 512 4950 633 4293 680 2936 912 830 717 529 15795 3257
internal_value=4.61151e-05 0.00230454 -0.00206946 0.00641811 0.0161454 0.00330595 -0.00223006 -0.00732863 0.000717009 0.000265904 0.00467174 0.00533508 0.00788074 0.00312168 -0.00236559 -0.00231711 0.00988773 -0.00238234 -0.00257865 0.000317587 0.00212046 0.01064 0.000478864 -0.00075089 0.00646962 0.0134906 -0.00781392 0.000979554 0.00132696 -0.00500595 0.00161815 -0.000374002 -0.00407891 -0.00171236 -0.00305733 0.00268782 -0.000862263 -0.00544346 0.00397796 0.00283165 -0.0150795 -0.00489197 -0.0059875 -0.00902542 -0.00621785 -0.00448241 0.00210853 -0.00138223 0.00593569 0.0100095 0.0157869 0.00524539 0.00744924 0.00301589 0.0211202 0.000433864 0.00188138 0.00580797 0.0131334 0.00745209 0.00236361 0.00409646
internal_weight=336004 162515 173489 3218 1884 99635 170271 1334 62880 56445 6435 31601 1213 4203 166068 165388 1475 164446 153300 11146 9132 1473 7659 7033 2395 1477 2014 49588 46397 2036 44361 15499 7189 5921 5413 28862 4388 2254 2134 8310 1268 6857 6256 3968 3034 4638 1380 4971 28626 4138 2416 24488 12309 12179 1313 7886 1722 10996 1547 1041 68034 19052
internal_count=336004 162515 173489 3218 1884 99635 170271 1334 62880 56445 6435 31601 1213 4203 166068 165388 1475 164446 153300 11146 9132 1473 7659 7033 2395 1477 2014 49588 46397 2036 44361 15499 7189 5921 5413 28862 4388 2254 2134 8310 1268 6857 6256 3968 3034 4638 1380 4971 28626 4138 2416 24488 12309 12179 1313 7886 1722 10996 1547 1041 68034 19052
cat_boundaries=0 1 2 3 4 5 6
cat_threshold=9217 1033 5 2 178 78
is_linear=0
shrinkage=0.03


Tree=122
num_leaves=63
num_cat=2
split_feature=1 34 13 1 3 24 16 24 29 5 5 33 31 5 32 3 7 4 24 20 7 20 24 4 34 6 6 24 24 24 24 25 32 5 13 31 28 27 19 20 29 16 20 27 25 29 8 21 24 25 19 8 24 24 4 19 29 13 25 27 25 27
split_gain=1710.24 298.605 203.662 194.636 179.669 174.301 150.434 173.163 146 143.683 142.967 139.982 118.848 221.022 124.652 116.191 110.064 123.618 99.8181 122.229 97.6257 95.1949 424.21 89.2227 85.4666 99.7655 83.1276 150.669 137.141 114.557 184.669 145.061 129.818 109.735 135.509 129.26 122.74 97.254 120.534 104.273 90.8194 90.3957 88.4997 83.9043 150.891 143.368 87.6543 93.3766 129.122 195.16 118.499 99.5886 157.743 119.565 81.9955 101.09 79.4507 76.4071 76.1224 165.016 168.41 132.996
threshold=0.4054678504506592 0 1.9429170361536097 1.722481793862878 4.1537608658190965 -0.99374406038856444 10.900000000000002 -0.99815866078541837 -0.57176124313681942 0.56882208330465667 -0.69314715415866157 4.5000000000000009 2.5280520195768137 -0.3348589050442356 1.0000000180025095e-35 2.6103644617447284 3.1486236173153554 2.7574960217548008 -0.99698079756684088 32.092952914295417 11.879335169205994 40.299461206478959 -0.98053927088909909 3.901888492763165 1 8.5000000000000018 6.5000000000000009 -0.042904758199554145 0.15388490756722689 0.37672789363518527 0.52211334636400808 3.6384289044406151 0.26872568494234139 0.38520419150473945 2.2614563948096928 3.4485408420865133 1.1904402178438807 0.01666666666666667 3.278570080070065 29.947675969211883 0.030158821736771958 10.650000000000002 31.4034655534665 0.15322580645161293 31.36160236623499 0.54963714893960314 -12.135462665332984 16.481004488134428 -0.97322851985520697 9.0795027026926665 3.278570080070065 -1.7173025621065494 -0.79980977965991029 -0.8905837001257676 1.5242456607711601 4.3100708759369413 0.11853411682973876 2.1818791935560315 13.91896556754026 0.018817204301075273 10.087419759602318 0.057526881720430113
decision_type=2 9 2 2 2 2 2 2 2 2 2 2 2 2 2 2 8 2 2 2 10 2 2 2 9 2 2 2 2 2 2 2 2 2 2 2 2 2 2 2 2 2 2 2 2 2 10 2 2 2 2 10 2 2 2 2 2 2 2 2 2 2
left_child=2 3 58 16 9 6 7 -5 -4 11 -6 -3 -13 14 -14 24 54 -18 -8 -20 -11 26 -23 -12 -10 -26 28 33 42 37 41 -32 -33 34 35 36 57 38 -30 -40 -35 -31 -7 44 46 -45 -36 48 -48 -50 -49 -51 53 -53 -2 -56 -24 -28 59 60 -1 -60
right_child=1 4 8 5 10 21 18 -9 15 20 23 12 13 -15 -16 -17 17 -19 19 -21 -22 22 56 -25 25 -27 27 -29 29 30 31 32 -34 40 43 -37 -38 -39 39 -41 -42 -43 -44 45 -46 -47 47 50 49 51 -52 52 -54 -55 55 -57 -58 -59 61 -61 -62 -63
leaf_value=-0.0025449386645935382 0.00069740747425470879 0.0017100747208655608 0.019014941966808131 -0.019491761722017296 0.024796235247158405 0.003127835801872579 0.0032036244890900978 -0.0010812697148804738 -0.0054557603268332016 0.0038515881980707889 0.0044207762915930626 0.0032745058852550108 0.0075879807362469309 0.0031424751833307226 0.025123792532394721 0.014162216011624554 -0.0013633624090404147 -0.012215646480771133 0.0016089492580246066 -0.016479677643854853 0.0088313355017651564 0.024518779488341094 -2.3010227146531712e-05 0.017015856350273161 -0.003910948505797306 0.011089138111546009 0.0009535861500466372 -0.013938541802974337 0.0080355311656731508 0.025514302261262327 0.0095400862751753961 0.0026879966037247601 -0.014806126992882635 0.0067785856869226734 -0.0056128821075416765 0.013956229875158876 -0.0068381102833108241 -0.010175221024214844 -0.014471555889792891 0.001478042434652486 0.0020222093872094226 0.0081172488123705758 0.01653598405951941 0.0034407851981050229 -0.011745971240648988 0.021570441858408611 -0.0039324551888560077 -0.005824942384344509 -0.0061926289455332788 0.0044227577147075842 0.0042954873032929183 0.012710163107874923 0.0065289401574026617 0.029298762160711964 0.013023254349148932 -0.0026605401242233411 -0.0067255481451743843 -0.0069876988501942003 0.01184650080194145 -0.00936244251408265 0.013683563865734116 -0.0063072162946769062
leaf_weight=140137 8770 49288 515 899 508 660 2959 937 1488 10024 2076 6846 596 1865 960 591 27827 973 737 612 5489 537 3442 667 709 902 11113 510 1542 581 1734 1260 542 7625 905 526 2742 721 532 1176 6874 509 1360 1161 623 590 929 1584 738 1674 3016 904 1515 704 1132 546 2956 1204 856 3201 573 624
leaf_count=140137 8770 49288 515 899 508 660 2959 937 1488 10024 2076 6846 596 1865 960 591 27827 973 737 612 5489 537 3442 667 709 902 11113 510 1542 581 1734 1260 542 7625 905 526 2742 721 532 1176 6874 509 1360 1161 623 590 929 1584 738 1674 3016 904 1515 704 1132 546 2956 1204 856 3201 573 624
internal_value=1.46771e-05 0.00193368 -0.00237387 0.000909677 0.00334352 0.00187332 -0.00294644 -0.0101244 0.00413156 0.00304446 0.0102441 0.00237424 0.00556025 0.010123 0.0184528 0.00203142 -0.000775247 -0.00173206 0.000120895 -0.00662786 0.00561586 0.00234741 -0.000966064 0.00750884 -0.000301088 0.00446828 0.00276109 0.00219658 0.00514827 0.00349143 0.00669731 0.00335825 -0.00260024 0.00238335 0.00134519 -0.000591385 -0.00110399 -0.000246957 0.00196784 -0.00351761 0.00452505 0.0174645 0.0121736 0.00344892 0.002591 0.0095936 0.00334184 0.00407652 0.00640008 0.00813629 0.000807999 0.0103449 0.0135071 0.0200411 0.00186178 0.0079272 -0.00312255 0.000174797 -0.00256215 -0.00263181 -0.00247837 0.00419704
internal_weight=335796 186200 149596 107881 78319 68633 6144 1836 4205 75068 3251 59555 10267 3421 1556 3690 39248 28800 4308 1349 15513 62489 6935 2743 3099 1611 55554 44937 10617 8597 4626 3536 1802 44427 29928 15585 15059 3971 3250 1708 14499 1090 2020 14343 12592 1751 11969 11064 6464 5535 4600 4797 3123 1608 10448 1678 6398 12317 145391 143911 140710 1480
internal_count=335796 186200 149596 107881 78319 68633 6144 1836 4205 75068 3251 59555 10267 3421 1556 3690 39248 28800 4308 1349 15513 62489 6935 2743 3099 1611 55554 44937 10617 8597 4626 3536 1802 44427 29928 15585 15059 3971 3250 1708 14499 1090 2020 14343 12592 1751 11969 11064 6464 5535 4600 4797 3123 1608 10448 1678 6398 12317 145391 143911 140710 1480
cat_boundaries=0 1 2
cat_threshold=9257 1053
is_linear=0
shrinkage=0.03


Tree=123
num_leaves=63
num_cat=1
split_feature=13 5 32 24 5 29 16 32 24 24 29 16 13 5 7 24 19 32 13 16 29 23 7 20 21 9 32 23 29 16 24 24 23 29 23 23 2 32 24 0 24 7 5 16 2 0 8 5 34 5 24 17 24 32 28 7 23 23 17 23 24 24
split_gain=1589.23 272.505 247.013 268.814 246.093 236.892 430.261 583.149 253.819 354.654 384.183 349.139 237.786 222.023 217.195 214.648 211.837 201.733 311.922 369.334 445.217 333.016 260.836 233.406 285.145 199.979 190.763 175.256 248.683 209.008 308.278 510.49 714.094 289.019 400.702 461.225 278.61 276.358 253.877 206.05 205.848 201.702 185.621 171.589 170.222 168.074 161.732 154.674 214.911 198.302 153.267 152.545 233.745 151.071 150.529 150.501 146.534 1182.46 258.569 348.747 328.398 164.361
threshold=1.1339696474660117 0.45538284850024519 1.0000000180025095e-35 -0.99992632385251334 0.9404831572293777 1.5826466696549095 11.500000000000002 0.1673923725054465 -0.99550911953113219 -0.9770278626699701 -0.53789760835523004 18.550000000000004 2.4122000023196541 0.065583760000843719 6.1635966217283267 0.88264628153994418 5.9059427821715182 -0.87953252914821878 1.89795957696331 16.900000000000002 0.18837017243454637 -0.72800098152115733 21.648871782134652 7.1386448402616445 70.699020468213646 -0.29657511426907529 -0.86180572702025116 -0.9998158143810113 1.7031050639364749 12.200000000000001 -0.98669422938859286 -0.9770278626699701 0.17927415433127167 0.30809633245342388 0.46995942967050169 0.499981580623855 2.301858498812583 -0.62311322133885716 -0.8905837001257676 2.1041342020034794 -0.86599350048911161 2.9511739858110029 -0.97335539598905119 11.800000000000002 2.3272234603349777 1.9459115862846377 -23.701634781212139 -0.22849899997641063 0 -1.001042726721632 -0.98376170968447474 76.950000000000017 -0.69791844337451392 -0.45088424442970393 1.865313031083992 28.182501665965194 -0.085730500155694681 -0.13690605792347518 73.850000000000009 -0.41612469599147489 -0.8199415561881177 -0.56532384738233998
decision_type=2 2 2 2 2 2 2 2 2 2 2 2 2 2 10 2 2 2 2 2 2 2 8 2 2 8 2 2 2 2 2 2 2 2 2 2 2 2 2 2 2 10 2 2 2 2 10 2 9 2 2 2 2 2 2 10 2 2 2 2 2 2
left_child=4 2 3 -2 -1 8 7 -7 -4 13 11 14 51 -10 -11 16 -14 18 54 21 -21 -20 50 -19 26 -3 -25 -28 29 30 39 32 37 34 43 -36 41 -32 -35 -29 -40 -37 -42 47 -18 -13 -31 48 53 -50 -23 -12 -53 -33 55 -5 57 58 -48 60 -60 -62
right_child=1 25 5 17 -6 6 -8 -9 9 10 12 45 15 -15 -16 -17 44 23 19 20 -22 22 -24 24 -26 -27 27 28 -30 46 31 33 -34 38 35 36 -38 -39 40 -41 42 -43 -44 -45 -46 -47 56 -49 49 -51 -52 52 -54 -55 -56 -57 -58 -59 59 -61 61 -63
leaf_value=-0.0021342891987072262 0.017061817201053684 0.0075131763174914419 0.018142473619515473 0.0022211650431099086 0.0044408056661918117 0.049795904443008111 0.0027437580892731243 0.0053298030176311597 -0.016914692478728444 -0.010781866310178611 -0.0012716919950919554 0.037392807801304821 0.0048787252892469844 0.0059489163237704517 0.0087953948600396053 0.0213769329878227 0.0087218057846609326 0.013987908389039889 0.017978833778496316 0.031080585827434615 -0.0022922767124243034 0.0035632508095569974 0.016861452003553226 -0.011338002787182952 -0.0070319398777911992 0.00272507185204776 0.016803840869624692 -0.00076520098974335385 -0.0090351548630852752 -0.0082542112546207923 0.016357294526383639 -0.011741208930197635 -0.0058120315616519893 -0.0083044531892041782 0.029444379512475746 0.0028332335437281043 0.015449565567127947 0.047548099613235986 0.025068410345801033 -0.017036898331813211 0.019622793505170873 -0.01778692999042248 0.002533539252417475 0.0059680889703429716 -0.011029570560714817 0.01487844803521797 -0.0015907893909758869 -0.0032120434501489263 -0.02415011581449019 -0.0094220600047472385 -0.011850898553202189 0.022095696356221609 -0.0008175024124048491 0.0054782771788898701 -0.0090262587654431816 -0.013281207069707245 8.5112092398105451e-05 0.038294853964984554 0.030731723764782226 -0.012241360995925083 -0.00543441424192372 0.011670600621963709
leaf_weight=170826 869 13061 935 12624 5277 507 1837 554 1334 582 17830 509 15358 532 3914 636 538 967 1102 1148 522 971 570 1318 5973 19692 561 1192 2582 1045 532 750 816 1082 632 1014 805 502 544 1695 686 731 3335 1155 1419 740 5218 7628 1138 2986 1432 655 1019 1163 1334 585 5780 926 685 615 662 2101
leaf_count=170826 869 13061 935 12624 5277 507 1837 554 1334 582 17830 509 15358 532 3914 636 538 967 1102 1148 522 971 570 1318 5973 19692 561 1192 2582 1045 532 750 816 1082 632 1014 805 502 544 1695 686 731 3335 1155 1419 740 5218 7628 1138 2986 1432 655 1019 1163 1334 585 5780 926 685 615 662 2101
internal_value=2.79576e-05 0.00219587 0.00156597 0.000517652 -0.00193714 0.00323742 0.0115497 0.0267119 0.00271256 0.00239045 0.00294397 0.0101643 0.00183528 -0.0103978 0.00625199 0.00432637 0.00369409 0.000330104 0.00289769 0.00881283 0.0206734 0.00393282 -0.00129505 -0.000586861 -0.000840433 0.00463529 -9.83703e-05 0.000207822 1.21258e-05 0.000527399 -0.00104899 3.7905e-06 0.0151585 -0.00118468 -0.00304212 0.00661001 0.000904122 0.0316562 0.00473407 -0.0103315 0.00783018 -0.00583092 0.00546979 -0.00511605 -0.00559132 0.0241661 0.0031542 -0.00605475 -0.009641 -0.0134779 -0.00562791 -0.000457973 0.00818704 -0.00127904 0.000558772 0.00152983 0.00390226 0.00606273 0.00282792 0.00849773 0.0122092 0.00756992
internal_weight=335731 159628 126875 77976 176103 48899 2898 1061 46001 45066 43200 5745 37455 1866 4496 17951 17315 77107 20288 5745 1670 4075 2973 56819 55852 32753 49879 48561 48000 45418 28386 25499 1850 23649 18002 3182 2550 1034 5647 2887 4565 1745 4021 14820 1957 1249 17032 13665 6037 4124 2403 19504 1674 1913 14543 13209 15987 10207 9281 4063 3448 2763
internal_count=335731 159628 126875 77976 176103 48899 2898 1061 46001 45066 43200 5745 37455 1866 4496 17951 17315 77107 20288 5745 1670 4075 2973 56819 55852 32753 49879 48561 48000 45418 28386 25499 1850 23649 18002 3182 2550 1034 5647 2887 4565 1745 4021 14820 1957 1249 17032 13665 6037 4124 2403 19504 1674 1913 14543 13209 15987 10207 9281 4063 3448 2763
cat_boundaries=0 1
cat_threshold=26
is_linear=0
shrinkage=0.03


Tree=124
num_leaves=63
num_cat=2
split_feature=1 34 13 27 24 7 23 23 0 16 27 33 24 24 16 23 27 25 23 24 16 25 3 23 26 19 23 27 30 7 31 24 16 2 17 31 25 24 26 26 26 21 3 25 32 17 24 21 24 23 17 23 1 23 18 9 6 23 0 1 24 25
split_gain=1546.56 276.449 247.271 166.503 262.042 185.187 190.047 429.97 150.872 135.458 132.069 123.979 123.193 116.143 224.055 113.639 112.977 176.43 239.348 143.422 125.05 156.989 175.079 130.087 121.443 111.662 176.037 171.155 110.016 118.732 107.895 107.397 265.448 254.228 228.879 405.029 172.586 203.999 230.416 150.77 130.706 136.502 128.223 113.68 169.642 171.366 113.734 116.141 105.381 156.4 96.3231 95.0945 101.135 98.3686 95.5828 84.506 90.1095 155.086 134.316 130.107 99.7412 113.624
threshold=0.3075322622396276 0 1.8504845803666172 0.14139784946236564 -0.99992632385251334 10.491553346110367 -0.10282099713736061 -0.15389057670406206 4.6175925731658944 19.900000000000002 0.16935483870967746 3.5000000000000004 -0.26296220265651482 -0.96914236212857563 18.450000000000003 0.19613531578169985 0.020967741935483876 7.9703137812835569 -0.94723957588908092 -0.40043915342903252 10.250000000000002 11.731483685145136 0.89320861029784182 -0.64056958004474651 35.325651454925513 2.5703227282623566 -0.21293867525431634 0.23118279569892478 1 10.899704434459112 1.9795891131550467 -0.21294651993841582 9.3500000000000032 0.18976397984103835 73.950000000000017 0.83306415471504047 6.2189460023837073 -0.27948563485160954 21.367552757263173 31.74580688476561 18.650166702270454 67.294359006819505 0.44348809986297416 1.6179563127159702 -0.72498085260523137 76.300000000000026 0.20454453068330622 14.546029873324844 -0.8905837001257676 -0.75110426010738129 76.65000000000002 -0.21293867525431634 1.8718409304840116 -0.23803327706148594 61.802080506506194 -1.7154534942626911 6.5000000000000009 -0.99275167208229986 1.7241280078887942 1.8718409304840116 0.66012780149078465 4.767044270419146
decision_type=2 9 2 2 2 8 2 2 2 2 2 2 2 2 2 2 2 2 2 2 2 2 2 2 2 2 2 2 1 10 2 2 2 2 2 2 2 2 2 2 2 2 2 2 2 2 2 2 2 2 2 2 2 2 2 10 2 2 2 2 2 2
left_child=13 28 9 4 -4 -5 7 25 11 10 55 48 15 14 30 -11 17 24 -19 -20 -18 22 -22 -23 31 -7 27 -27 29 -2 -1 32 -15 -34 35 -35 37 38 40 42 41 -36 -33 -44 45 -45 -46 -48 51 -50 -47 52 -6 -54 -53 -3 59 58 -58 60 61 -57
right_child=1 2 3 5 8 6 -8 -9 -10 12 -12 -13 -14 16 -16 -17 20 18 19 -21 21 23 -24 -25 -26 26 -28 -29 -30 -31 -32 39 33 34 36 -37 -38 -39 -40 -41 -42 -43 43 44 46 50 47 -49 49 -51 -52 54 53 -55 -56 56 57 -59 -60 -61 -62 -63
leaf_value=0.0042261742784632985 0.00029111265956153912 0.0075643146683442818 0.024428021162232014 0.023161961184167187 -0.016697267167905282 0.017221967036498906 -0.0012386030624028639 0.035257188627741722 0.017459752434246814 -0.0094507507001846906 -0.011965483959980691 0.003975187167676422 0.0061293802080443381 -0.01359642244776677 -0.0071769344428164426 0.0032209261615394145 0.0014394019002402368 -0.0028748817109478905 0.0032926091073397961 0.023976905214852084 -0.0082556301078226986 -0.012871622855455274 -0.030378878951510958 0.0040443073020736122 -0.013381768337645374 0.0016403845024677551 -0.011493578984135533 0.014374375168034696 -0.0029462346563788894 0.013527153786010323 0.023234069598957002 -0.002624135780293553 -0.0016905133311553415 0.031142628695512525 -0.014190767459862906 0.0031093342611898801 0.014898921112621604 0.016290182014325826 -0.014791275930704239 0.013218471346775614 0.014326443333794067 0.0043388048748933721 -0.01070331352704721 -0.017764719050662008 0.013749363466949117 0.0060898572962093554 0.0067765998880264999 -0.01089397822585297 0.00036118167081409727 0.003975187167676422 -0.008809096525548045 -0.0018679914362082026 -0.00060496071276215548 -0.013461118863679945 0.003975187167676422 0.011410463087434805 -0.013231354873887935 0.0010631869210566147 0.0027093863553617299 0.0082644726580424471 -0.0012673968552231369 0.001551997097404422
leaf_weight=530 9904 1966 500 610 500 733 2288 506 617 2747 663 33594 855 1399 774 826 1052 1473 534 694 713 809 590 819 905 2344 533 1594 14057 645 546 94794 23579 732 570 1255 696 506 1158 518 552 943 3430 1056 622 702 690 641 14408 12302 868 4819 3646 623 5066 1560 1283 59771 752 3717 5040 3217
leaf_count=530 9904 1966 500 610 500 733 2288 506 617 2747 663 33594 855 1399 774 826 1052 1473 534 694 713 809 590 819 905 2344 533 1594 14057 645 546 94794 23579 732 570 1255 696 506 1158 518 552 943 3430 1056 622 702 690 641 14408 12302 868 4819 3646 623 5066 1560 1283 59771 752 3717 5040 3217
internal_value=-5.39859e-06 0.00176002 0.00219715 0.00333567 0.00288783 0.00728957 0.00606528 0.00899048 0.00274371 0.00102718 0.00131714 0.00262143 -0.00407413 -0.00235298 0.00510628 -0.00652093 -0.00245013 -0.0023065 0.00527919 0.0150321 -0.00742892 -0.010609 -0.0183509 -0.00437538 -0.00245777 0.0064051 0.00461446 0.00680646 -0.00120843 0.00110643 0.0139343 -0.00238388 -0.00084692 -0.000250023 0.00504432 0.0134889 0.00124142 -0.00132422 -0.00411057 -0.00285077 0.00190016 -0.00266568 -0.00293237 -0.00657674 -0.00347733 -0.00845047 0.00321403 -0.00174235 0.00152161 0.00264303 -0.00214909 -0.000522618 -0.00399967 -0.00249469 0.00115605 0.00143182 0.0012713 0.000785654 -0.00734852 0.00348802 0.00167623 0.00477999
internal_weight=335836 191686 167080 84683 76075 8608 7998 5710 75575 82397 77969 74958 4428 144150 1850 3573 142300 138317 2701 1228 3983 2931 1303 1628 135616 5204 4471 3938 24606 10549 1076 134711 31390 29991 6412 1987 4425 3729 3223 103321 2065 1513 102803 8009 4579 2626 1953 1331 41364 26710 1570 14654 4769 4269 9885 77306 75340 61806 2035 13534 9817 4777
internal_count=335836 191686 167080 84683 76075 8608 7998 5710 75575 82397 77969 74958 4428 144150 1850 3573 142300 138317 2701 1228 3983 2931 1303 1628 135616 5204 4471 3938 24606 10549 1076 134711 31390 29991 6412 1987 4425 3729 3223 103321 2065 1513 102803 8009 4579 2626 1953 1331 41364 26710 1570 14654 4769 4269 9885 77306 75340 61806 2035 13534 9817 4777
cat_boundaries=0 1 2
cat_threshold=1024 1
is_linear=0
shrinkage=0.03


Tree=125
num_leaves=63
num_cat=2
split_feature=1 24 34 25 2 1 25 23 23 23 23 23 25 23 7 24 2 23 19 4 23 31 18 18 4 18 31 22 24 18 25 31 24 13 24 24 24 25 18 24 4 4 29 24 23 13 16 29 21 25 25 25 24 4 13 19 8 31 23 24 23 24
split_gain=1463.29 332.306 231.348 218.46 185.352 180.827 152.999 228.951 648.814 180.277 153.882 704.772 356.552 223.976 241.662 145.295 177.232 717.715 364.043 145.364 143.494 223.952 138.392 136.952 141.745 128.062 126.882 123.75 177.702 156.638 857.943 290.059 254.963 203.328 240.45 376.021 300.652 307.494 245.139 232.159 243.147 209.067 197.297 349.868 184.316 266.003 205.306 168.107 156.807 205.872 139.29 133.065 125.6 120.483 154.556 283.069 145.284 155.782 129.633 112.915 135.314 390.642
threshold=1.180801969247423 -0.99904236206516772 0 8.2090836782328882 2.9680936674263156 4.7568862410327446 1.6179563127159702 0.99863729997741479 0.9993738172047143 0.99981581438101164 -0.99466323211226826 -0.99054754357789199 5.8632327313304602 -0.99937381720471408 10.191034821883262 -0.26296220265651482 0.13656464706664173 0.75110426010738152 2.3793715192352765 0.64036877516133794 0.93568234840038345 0.039538213103311702 5.8386826694889224 583.03248182830828 2.0898274671307457 40.045633164046897 1.3485531962298982 1 -0.99550911953113219 128.21944362209894 2.4010057248295316 1.7423286556083613 -0.5510813381777947 0.46701160598876318 -0.35273909160235833 -0.41610936647687707 -0.45475513555610558 6.4266871597177255 34.322326282870968 -0.28770616809944943 1.831690522045492 0.974134799286274 -0.079505209048070638 0.59330490695953164 -0.7454378568683 1.4220120309945534 12.200000000000001 -0.42336381099554643 8.994074534893775 7.9703137812835569 7.4454720761186346 5.9556290360147601 -0.83910684176851635 2.6223938427468183 2.0572518321301114 3.5393590662523753 -5.9092859892516278 1.9881144601890923 -0.55822315702467107 -0.99374406038856444 -0.92632396825149488 -0.25466173847491491
decision_type=2 2 9 2 2 2 2 2 2 2 2 2 2 2 10 2 2 2 2 2 2 2 2 2 2 2 2 1 2 2 2 2 2 2 2 2 2 2 2 2 2 2 2 2 2 2 2 2 2 2 2 2 2 2 2 2 10 2 2 2 2 2
left_child=1 3 -2 -1 6 22 15 10 -9 -10 13 12 -12 14 -8 16 20 18 -18 -17 -3 -22 -4 59 26 -15 -25 29 -29 32 -31 -32 44 -34 35 36 37 -35 -37 -36 41 48 43 -43 -13 46 -46 -47 -41 -50 -49 -42 -33 54 56 -56 57 -30 -57 -24 61 -61
right_child=2 4 5 -5 -6 -7 7 8 9 -11 11 27 -14 25 -16 19 17 -19 -20 -21 21 -23 23 24 -26 -27 -28 28 53 30 31 52 33 34 39 38 -38 -39 -40 40 51 42 -44 -45 45 47 -48 50 49 -51 -52 -53 -54 -55 55 58 -58 -59 -60 60 -62 -63
leaf_value=0.0014794020528023251 -0.00083197187418764201 -0.002547709691212232 -0.0019209554816260019 0.029007146310176507 0.01548300591282345 0.012858093571482716 0.015245614271684287 0.03682265277663601 0.0089237836078010745 -0.01356529088383155 0.0051745629070308243 -0.019285997076070021 0.040176908563341718 -0.024292734800295417 -0.010428335658858864 -0.0027167454733390186 0.012930261532377344 0.027156561286961343 -0.016126650521672264 -0.0074729170479445155 0.018976481491775467 -0.00082121652047127431 -8.5803617827273247e-05 0.004246413654138699 0.0035240733371122682 -0.0083696076001579557 -0.0022902482974141111 -0.019502585127852561 -0.00045724744013009159 0.03254214797595225 -0.004765631497959312 0.019776819468332596 -0.0024656067032470079 0.028109153828081757 -0.012984523548854186 0.010277285337569209 -0.016264073343799663 -0.0037433541940567481 0.039208048536311123 -0.012682310884725368 0.0015857755856163874 0.031797105141887883 0.0042800899627024646 0.0031713292901385218 -0.01436721122339585 0.017019899482751361 -0.0032452370972501157 0.011064547082828358 -0.0011490129567163045 0.015654044688390469 -0.00401391164236551 -0.015069830868648781 0.0019673192533610725 -0.016421825225834408 0.017837391052158626 -0.0117105650978952 -0.0035111001209691293 0.018870320184414997 0.0061834262215924628 -0.0063614273607427857 0.0042576405145175996 0.003997531864596747
leaf_weight=522 19004 13070 5835 512 550 1558 681 548 651 623 500 719 549 613 631 90822 621 993 1017 6174 749 1616 7875 3395 11113 1759 12489 551 1230 834 3599 736 9288 509 930 518 528 579 542 693 789 808 2222 731 2300 634 4256 745 2757 856 2077 946 689 532 952 758 21123 535 693 4451 68807 12372
leaf_count=522 19004 13070 5835 512 550 1558 681 548 651 623 500 719 549 613 631 90822 621 993 1017 6174 749 1616 7875 3395 11113 1759 12489 551 1230 834 3599 736 9288 509 930 518 528 579 542 693 789 808 2222 731 2300 634 4256 745 2757 856 2077 946 689 532 952 758 21123 535 693 4451 68807 12372
internal_value=1.09559e-05 -0.0017357 0.00225652 0.0151842 -0.00182925 0.0027153 -0.0018805 -0.000798044 0.00968688 -0.00208366 -0.0010701 -0.000740201 0.0235969 -0.00703465 0.00290514 -0.0025598 -8.95952e-05 0.00709983 -0.00510474 -0.00301986 -0.00131698 0.00547556 0.00258993 0.00280843 0.000926009 -0.0125271 -0.000892225 -0.00113079 -0.00271962 -6.32126e-05 0.00445974 -0.000229746 -0.000856417 0.000945269 0.00330809 0.0113447 0.00221668 0.0112187 0.0251848 0.00129984 0.00266105 0.00485248 0.0100151 0.0182546 -0.00466564 -0.00360659 -0.00715506 0.00312544 0.000336884 0.00284814 -2.07123e-05 -0.00751282 0.0112028 -0.00235886 -0.00205985 0.00517079 -0.00281996 0.00543801 -0.00317248 0.00335185 0.00366798 0.0012557
internal_weight=335759 188860 146899 1034 187826 127895 187276 72214 1822 1274 70392 66708 1049 3684 1312 115062 18066 2631 1638 96996 15435 2365 126337 120502 26997 2372 15884 65659 26374 39285 5858 5024 33427 22696 13408 2676 1616 1088 1060 10732 9802 8067 3761 1539 10731 10012 6556 3456 4306 3613 2822 1735 1425 25823 25291 2403 22888 1765 1451 93505 85630 16823
internal_count=335759 188860 146899 1034 187826 127895 187276 72214 1822 1274 70392 66708 1049 3684 1312 115062 18066 2631 1638 96996 15435 2365 126337 120502 26997 2372 15884 65659 26374 39285 5858 5024 33427 22696 13408 2676 1616 1088 1060 10732 9802 8067 3761 1539 10731 10012 6556 3456 4306 3613 2822 1735 1425 25823 25291 2403 22888 1765 1451 93505 85630 16823
cat_boundaries=0 1 2
cat_threshold=1024 17
is_linear=0
shrinkage=0.03


Tree=126
num_leaves=63
num_cat=1
split_feature=13 5 5 27 32 24 24 24 5 24 24 23 18 17 27 22 25 28 27 23 20 27 7 23 24 27 24 27 24 20 24 25 24 23 23 17 3 27 13 21 28 21 23 25 31 32 21 29 27 31 25 27 5 13 27 25 31 31 29 17 3 24
split_gain=1296.89 227.396 186.811 261.497 270.803 248.223 447.215 269.942 341.724 274.27 368.37 1216.54 462.372 348.421 311.19 302.728 464.767 299.198 293.267 228.501 335.759 235.409 419.024 395.255 550.772 370.789 369.732 299.624 289.738 283.744 261.665 414.416 241.248 558.836 437.36 235.867 241.311 228.155 219.279 214.721 210.136 209.037 203.75 197.203 190.832 226.756 219.042 261.29 242.606 343.886 220.708 201.011 182.071 180.28 477.777 214.749 220.81 186.501 179.818 179.803 174.951 351.168
threshold=1.1339696474660117 0.9404831572293777 0.38520419150473945 0.0048387096774193559 -1.0000000180025095e-35 -0.99550911953113219 -0.9770278626699701 -0.96477059369951401 -0.07695265927314851 -0.93867560834980956 -0.86599350048911161 -0.43938332272944897 620.70319082336437 73.000000000000014 0.14139784946236564 0 4.4353519155253336 -0.19929696178386361 0.11774193548387098 0.46995942967050169 29.947675969211883 0.041397849462365598 10.28893560126386 -0.66655057241353222 -0.6729242335534279 0.043548387096774201 0.32041146939831461 0.018817204301075273 0.25466173847491447 28.705107879578925 -0.49252992309759819 14.451643851447491 -0.98053927088909909 0.14539831731376898 0.07717261907891422 76.15000000000002 1.6735921835187997 0.19838709677419356 2.0688399203669805 11.930268354133128 0.59803265501748382 21.691890221558243 -0.29591579977684229 7.9703137812835569 3.3996485329706201 1.2484293209356569 97.616625045273466 -0.06174593637010032 0.0027142248117095358 2.1730893261706874 7.3038356630391981 0.0027142248117095358 0.0097066556757752238 2.5162511653549617 0.013440860215053765 8.2090836782328882 2.283765295452937 3.1305551825017743 -0.7351568261734257 76.300000000000026 3.8112112968565612 -0.77873524214321999
decision_type=2 2 2 2 2 2 2 2 2 2 2 2 2 2 2 1 2 2 2 2 2 2 8 2 2 2 2 2 2 2 2 2 2 2 2 2 2 2 2 2 2 2 2 2 2 2 2 2 2 2 2 2 2 2 2 2 2 2 2 2 2 2
left_child=1 -1 3 44 19 -6 -7 8 -8 18 11 -11 14 17 40 16 -15 -12 42 21 -21 23 32 24 -5 -24 28 43 29 -26 -31 58 33 34 52 -28 -37 41 -38 -20 -13 59 -9 -25 45 46 50 48 49 -48 -2 -49 -23 54 55 56 -18 -56 -32 -27 61 -55
right_child=2 -3 -4 4 5 6 7 9 -10 10 13 12 -14 15 -16 -17 53 -19 39 20 -22 22 25 27 26 37 35 -29 -30 30 31 -33 -34 -35 -36 36 38 -39 -40 -41 -42 -43 -44 -45 -46 -47 47 51 -50 -51 -52 -53 -54 60 57 -57 -58 -59 -60 -61 -62 -63
leaf_value=-0.001947414924924276 -0.0031790588755072871 0.004358494256780635 0.0038260742242068138 0.026866065154963214 0.020197795278932597 -0.011035457347222 0.029752334088879142 -0.023373460181717591 0.0034769400365684449 0.049206807051241488 0.036740556929574605 0.003168934842793519 0.02469041498938367 0.023579059425817502 0.0137546655857017 -0.012416098281169484 0.014737176492374146 0.005010491914802238 0.02082889499420687 0.028093454618012891 0.0039018941282059367 0.022460871694452114 0.023464822983023183 -0.0039658385291285623 -0.0068195439975946674 -0.0012320788425385504 -0.0051272491298413204 -0.0088044342740793632 -0.021813658911079392 -0.0067647327913151825 -0.011160654594341917 0.030227118006906108 0.0038105388154422138 0.038520094394346567 -0.015546808395398204 0.030944607873655525 -0.0030665378495190521 0.0085372699216611295 0.022002428489194408 -0.0037457205754780798 -0.015967143675878679 0.007809507492104969 -0.0036704494317598303 0.0086893548664929987 -0.012616916332809746 0.017339756592302136 0.031680048975550171 -0.0073873197587164688 -0.0022342777913296236 0.005647249831385176 0.011409306088391271 0.013114410513468707 0.0010037828433924561 0.024044229431591353 -0.0042534134142373061 0.023918880737564038 -0.0022176049517552763 -0.022635541940412184 0.0045048675318088982 -0.010963435329131403 -0.0025785428474894147 0.0047719816479517225
leaf_weight=170816 19275 5302 37574 739 861 1700 851 769 932 693 502 1071 945 966 1088 1147 1147 570 563 641 2584 1131 614 3005 4362 14035 606 8041 587 2240 725 534 3178 724 527 659 677 2419 579 730 990 2022 1218 1749 1248 612 801 1879 874 1060 976 553 519 1007 5096 625 1726 546 6839 1941 1879 5374
leaf_count=170816 19275 5302 37574 739 861 1700 851 769 932 693 502 1071 945 966 1088 1147 1147 570 563 641 2584 1131 614 3005 4362 14035 606 8041 587 2240 725 534 3178 724 527 659 677 2419 579 730 990 2022 1218 1749 1248 612 801 1879 874 1060 976 553 519 1007 5096 625 1726 546 6839 1941 1879 5374
internal_value=1.73039e-05 -0.00175746 0.00197666 0.00140671 0.00215237 0.00434581 0.00391801 0.00475494 0.0160659 0.00404838 0.0051037 0.0125957 0.00634599 0.00335882 0.000810499 0.00244132 0.00337725 0.0199707 -0.00411029 0.000978667 0.00874625 0.000549391 0.00259622 -0.00122119 0.00157696 0.000590212 0.000520266 -0.00527629 -0.00123627 -0.000407434 0.00230007 0.00481013 0.00953003 0.0157783 0.00814419 0.011153 0.0163048 -0.000103272 0.00853136 0.00699361 -0.00603946 -0.00126664 -0.0113354 0.000694254 -0.00118115 -0.000630553 -0.00106656 0.00444405 0.0107973 0.016907 -0.00247333 -0.00270819 0.0157351 0.00225119 -0.000651875 0.00805237 0.00456517 -0.0060508 0.00299697 -0.00241745 0.00546198 0.00782982
internal_weight=335643 176118 159525 121951 94673 32996 32135 30435 1783 28652 25372 4787 4094 20585 3149 19513 18366 1072 3280 61677 3225 58452 27110 31342 18547 21031 17808 12795 15287 14700 10338 8098 6079 2901 2177 2521 1915 20417 1256 1293 2061 17998 1987 4754 27278 26030 25418 5167 2735 1861 20251 2432 1650 17400 9140 3498 2873 5642 7564 15976 8260 6381
internal_count=335643 176118 159525 121951 94673 32996 32135 30435 1783 28652 25372 4787 4094 20585 3149 19513 18366 1072 3280 61677 3225 58452 27110 31342 18547 21031 17808 12795 15287 14700 10338 8098 6079 2901 2177 2521 1915 20417 1256 1293 2061 17998 1987 4754 27278 26030 25418 5167 2735 1861 20251 2432 1650 17400 9140 3498 2873 5642 7564 15976 8260 6381
cat_boundaries=0 1
cat_threshold=9
is_linear=0
shrinkage=0.03


Tree=127
num_leaves=63
num_cat=3
split_feature=1 34 21 24 23 5 17 16 18 2 26 17 23 23 25 16 23 5 25 3 7 25 27 24 25 34 5 5 0 34 16 28 23 25 25 29 26 0 26 25 16 16 24 23 16 8 5 23 28 27 5 3 5 29 24 25 31 23 23 5 23 14
split_gain=1253.04 248.267 206.441 133.541 298.522 292.905 194.812 173.15 158.767 196.697 426.418 624.589 208.335 152.368 147.023 144.407 461.586 223.826 149.417 142.423 135.337 286.195 134.255 118.306 314.235 115.726 207.921 115.533 117.053 115.002 110.989 111.593 98.2967 157.459 151.613 217.776 96.2257 96.029 95.7656 214.429 92.214 164.736 153.061 99.3836 88.5779 120.106 130.553 218.396 120.51 127.659 93.7404 129.613 87.4863 171.058 135.549 221.717 127.891 123.647 86.4255 86.2835 129.924 84.7628
threshold=0.3075322622396276 0 47.543943732167101 -0.21294651993841582 -0.84374447618434878 -1.0924886860856216 76.000000000000014 9.3500000000000032 128.21944362209894 0.021638872640619724 15.989248180389394 73.950000000000017 0.44709379298511415 0.80493205379724742 4.3721600128437892 9.7500000000000018 0.99628166032228249 -0.12047587670393142 5.9556290360147601 1.6006417500390075 1.348475317253975 0.59924537952468604 0.014516129032258067 0.10281720934011641 5.3443551819891706 1 -0.69314715415866157 -2.0144524180063224 4.5031368732452401 2 17.400000000000002 -0.55344518546945554 0.60019216940316622 16.851755244336946 4.7102916213493531 -0.59460726912275141 61.390186977386477 1.3084371685981753 21.708560276031488 3.4351463949287777 10.250000000000002 10.900000000000002 -0.99698079756684088 0.22967928072195914 11.800000000000002 -5.1758454813482926 -0.027572929923361768 0.41612469599147456 -0.69345649766153106 0.12204301075268818 0.173131529880996 4.1537608658190965 0.29142176495801853 2.2293178042734705 0.32041146939831461 7.8804388746779468 1.8170661691163186 -0.93568234840038322 -0.99466323211226826 -0.19212660647136079 0.36075750887067765 0.17741935483870971
decision_type=2 9 2 2 2 2 2 2 2 2 2 2 2 2 2 2 2 2 2 2 10 2 2 2 2 9 2 2 2 9 2 2 2 2 2 2 2 2 2 2 2 2 2 2 2 8 2 2 2 2 2 2 2 2 2 2 2 2 2 2 2 2
left_child=3 25 27 4 5 -1 14 19 32 -10 11 -11 -12 -14 -7 16 18 23 -5 -6 21 -13 -20 30 -25 26 -2 -3 44 36 31 -17 33 59 38 -36 -4 58 39 -34 42 43 -39 -42 52 50 47 48 -47 -50 51 -46 53 54 57 56 -56 -29 -27 60 -9 -59
right_child=1 2 29 15 7 6 -8 8 9 10 12 20 13 -15 -16 17 -18 -19 22 -21 -22 -23 -24 24 -26 37 -28 28 -30 -31 -32 -33 34 -35 35 -37 -38 40 -40 -41 41 -43 -44 -45 45 46 -48 -49 49 -51 -52 -53 -54 -55 55 -57 -58 61 -60 -61 -62 -63
leaf_value=0.021183375688876547 -0.019098885115815062 0.016187977459204656 0.0022774796171908546 -0.0021988144280204289 -0.01545814007182645 -0.0030185478981982735 -0.01141544962453413 -0.0056876489000949985 -0.0015864323382930152 0.035060948861706499 0.0040524645746038371 -0.0066301706479081892 -0.019076249641494465 5.5714412328413867e-05 0.017564125912645046 0.0026675217293668538 0.023414083527127021 -0.0026373927807427974 0.020584639486803905 0.002977848008740693 -0.009066170223647415 0.023171284785427997 0.00048610813842709733 -0.0085021548353054199 0.012275919923932323 -0.0084364859523062379 -0.00078118124567240889 -0.006250762710716673 0.015083666796760656 -0.0008626323595654035 -0.022674126472423665 -0.013895947425659638 -0.0029305488830917211 0.0035155956266493412 -0.005398695838221652 0.020542979203327708 0.012966121059748596 -0.014140857953459207 -0.012366402732323718 0.016870541643459819 0.0051581546291073919 0.0019073310297460597 0.00051440949016438181 0.015031594027301325 -0.00065117492431219549 0.026983944817194013 0.0042871559053946984 -0.0036424080809955772 0.0083932328964165925 0.021457668319188678 0.0060195872829476365 0.0084961029999050756 0.0044285020686416314 0.015722115513143526 -0.0034648212541634233 0.018501714465390975 0.013830665575548356 0.0012458014580524826 -5.9348223292049206e-05 -0.0053252527574259014 -0.025097488118070593 -0.010273112039073244
leaf_weight=1054 566 660 9531 10934 1334 556 674 542 9511 887 2945 532 758 736 704 515 729 85326 506 523 500 628 722 4303 768 1163 23972 2749 785 17460 781 1249 11144 834 540 623 819 664 867 510 3194 35462 15535 1288 7564 501 7351 824 2997 869 5354 1704 11696 695 1517 941 510 12797 21720 1071 733 597
leaf_count=1054 566 660 9531 10934 1334 556 674 542 9511 887 2945 532 758 736 704 515 729 85326 506 523 500 628 722 4303 768 1163 23972 2749 785 17460 781 1249 11144 834 540 623 819 664 867 510 3194 35462 15535 1288 7564 501 7351 824 2997 869 5354 1704 11696 695 1517 941 510 12797 21720 1071 733 597
internal_value=-2.26613e-06 0.00158778 0.00276002 -0.00211605 -0.000595634 0.00850039 0.00155156 -0.00136846 -0.000871404 0.0012209 0.00504132 0.0148131 -0.00057586 -0.00968238 0.00850558 -0.00266487 0.000310581 -0.00307756 -0.00108331 -0.0102718 0.00392108 0.00953392 0.00881764 -0.00800397 -0.00534634 0.000592193 -0.00120702 0.00374904 0.0036096 0.00062296 -0.0132785 -0.00906637 -0.00291793 -0.00766514 -0.00181234 0.00852629 0.00312611 0.00115098 -0.00277566 -0.00205715 0.00181873 0.00259291 -9.04907e-05 0.00800909 0.00345479 0.00471019 0.00686388 0.0105052 0.0131757 0.0113538 0.00286115 0.0010343 0.0023717 0.00115629 0.000622604 0.00650924 0.000910106 -0.000461374 -0.000486856 -0.0116389 -0.0169009 0.000728736
internal_weight=335524 191485 87921 144039 38206 2988 1934 35218 33361 16497 6986 2547 4439 1494 1260 105833 12891 92942 12162 1857 1660 1160 1228 7616 5071 103564 24538 60111 59451 27810 2545 1764 16864 3180 13684 1163 10350 79026 12521 11654 56143 39944 16199 4482 58666 27164 12542 5191 4367 3866 14622 9268 31502 19806 19111 2968 2027 16143 22883 2346 1275 13394
internal_count=335524 191485 87921 144039 38206 2988 1934 35218 33361 16497 6986 2547 4439 1494 1260 105833 12891 92942 12162 1857 1660 1160 1228 7616 5071 103564 24538 60111 59451 27810 2545 1764 16864 3180 13684 1163 10350 79026 12521 11654 56143 39944 16199 4482 58666 27164 12542 5191 4367 3866 14622 9268 31502 19806 19111 2968 2027 16143 22883 2346 1275 13394
cat_boundaries=0 1 2 3
cat_threshold=9229 1024 18
is_linear=0
shrinkage=0.03


Tree=128
num_leaves=63
num_cat=0
split_feature=1 26 5 13 26 26 32 23 19 23 20 32 23 9 31 23 29 23 23 27 6 27 32 29 19 2 27 27 27 18 26 23 20 5 18 23 32 18 18 23 23 23 23 16 7 23 27 1 26 23 23 26 26 16 1 20 23 23 1 29 1 16
split_gain=1177.48 236.884 199.047 208.175 228.011 185.176 257.692 211.331 573.435 326.061 195.763 273.266 279.649 189.716 181.341 178.341 170.849 165.98 263.346 169.306 238.023 163.35 202.843 245.573 242.288 230.09 158.64 373.197 151.415 321.273 266.674 264.523 151.51 150.792 353.759 337.276 244.838 192.828 184.324 172.497 149.197 145.697 1707.47 359.4 262.507 154.298 291.673 212.129 142.12 144.804 139.165 170.016 387.795 278.828 261.656 241.427 275.94 231.009 335.242 184.677 163.895 141.102
threshold=1.3056984582086513 102.15504150390618 0.6720439639416812 1.8634635732587796 106.43766212463377 9.6390392780303813 0.038743566165185518 0.99628166032228249 2.6439824120169395 0.9993738172047143 11.399854398661221 0.13106205296165688 -0.83440738405450643 0.29428912966854043 1.0967112729617721 -0.31226905285971468 -0.23567174049195219 -0.96699210069650898 -0.93265450753882229 0.025268817204301078 8.5000000000000018 0.14139784946236564 -0.52657545841337539 0.54963714893960314 2.5703227282623566 3.5285265344165531 0.088709677419354857 0.072580645161290328 0.1317204301075269 76.302805655250481 102.15504150390618 -0.18771856543719898 40.299461206478959 -0.177708531193188 637.19260424194351 -0.84374447618434878 -0.39339310944126499 765.05246007690437 748.84348699455279 -0.40828930082137055 0.19613531578169985 -0.45473838294431457 -0.48504197719567627 11.150000000000002 3.543044917706196 -0.55822315702467107 0.087634408602150549 2.559705119766853 24.734724044799794 -0.71612580616132582 -0.31226905285971468 53.911176776885966 49.529514980316158 9.9500000000000011 3.0398545712742058 24.044131736484875 0.17927415433127167 0.0085831648773537477 3.1315790385758016 0.52766096774246374 2.7487076646391473 10.250000000000002
decision_type=2 2 2 2 2 2 2 2 2 2 2 2 2 10 2 2 2 2 2 2 2 2 2 2 2 2 2 2 2 2 2 2 2 2 2 2 2 2 2 2 2 2 2 2 10 2 2 2 2 2 2 2 2 2 2 2 2 2 2 2 2 2
left_child=1 5 3 4 14 -1 7 26 9 -9 -8 12 -12 16 -2 -15 -13 19 -19 20 -16 28 23 25 -24 -23 27 -7 30 -30 32 -32 41 34 35 -20 -36 -38 -35 -37 -41 42 45 -44 -43 -5 47 -47 -34 -50 -46 52 61 54 -53 56 -55 58 59 -57 -54 -52
right_child=2 -3 -4 21 -6 6 10 8 -10 -11 11 13 -14 15 17 -17 -18 18 33 -21 -22 22 24 -25 -26 -27 -28 -29 29 -31 31 -33 48 38 36 39 37 -39 -40 40 -42 44 43 -45 50 46 -48 -49 49 -51 51 53 60 55 -56 57 -58 -59 -60 -61 -62 -63
leaf_value=-0.0023565587852899398 0.0055897092087896783 0.018966149536675584 0.0043747631000358922 0.0028422030233333862 -0.013304915539554475 -0.0013590821589145481 -0.0067488760827439515 0.029488855080197843 -0.0057062610166321078 0.0025793024421368231 0.037891810411550472 0.011319642515658351 0.0063987769446461106 0.0029555920871085334 0.0090721296614449057 0.026100307341973859 -0.005976028420448279 -0.0088542608947474229 0.017918618732520382 0.01959390177338503 -0.0087403027021558961 0.01906476317001295 0.018907270248317454 0.025591413195783386 0.0016424144140074553 -0.0077012930617335667 -0.017553820258917361 0.024224506661879544 -0.016114411557577177 0.0078974532084631257 0.0016227333544744536 0.027322467399655562 -0.016269784840841101 -0.00023142766169337973 -0.0015136869104773192 -0.013708503853643056 0.03406680572609512 0.009180460619813955 -0.0077741022446350463 0.0090472648214493193 -0.0057168534684364659 0.0079312917108482883 0.049904855999372839 0.018059082685495702 -0.0056806051403421086 -0.0015299598111400078 0.01021735170784323 -0.026001019971752384 -0.005970345375518357 0.004575930124877896 -0.0030746960781430355 -0.020380275089608494 0.029253013605654167 0.0012691102419976669 0.0033221211756184533 0.023108553316784141 0.028732409266344568 -0.0061635526929015028 -0.0072537228724677714 0.0029196221836732461 0.0087772045260239521 0.0051842300502912058
leaf_weight=115048 4827 501 27131 25842 1162 69380 929 1013 1751 675 500 746 515 624 1811 574 1624 3684 736 628 1070 545 828 955 6018 605 531 512 1194 858 697 743 629 16741 518 1178 647 500 3526 1016 1548 3936 785 549 3810 612 659 662 2552 2158 3872 1248 634 868 628 862 526 4456 1198 773 797 3577
leaf_count=115048 4827 501 27131 25842 1162 69380 929 1013 1751 675 500 746 515 624 1811 574 1624 3684 736 628 1070 545 828 955 6018 605 531 512 1194 858 697 743 629 16741 518 1178 647 500 3526 1016 1548 3936 785 549 3810 612 659 662 2552 2158 3872 1248 634 868 628 862 526 4456 1198 773 797 3577
internal_value=-2.42606e-05 -0.00153424 0.00206615 0.00151495 -0.000241153 -0.00158756 -0.000472855 -0.00093995 0.00631631 0.0187676 0.0057815 0.00832606 0.0220223 0.00440449 0.000155533 0.0141074 -0.000519536 -0.00062579 -0.00134601 0.00554414 0.00245293 0.0024535 0.00625252 0.0143865 0.00374281 0.00501111 -0.00129472 -0.00116995 0.00193091 -0.00607957 0.00219198 0.0149317 0.00189314 -0.000297191 0.0038184 -0.000575614 0.0156024 0.0233053 -0.00154528 -0.00423223 0.000139737 0.00235124 0.00382598 0.0369153 0.000771719 0.00223038 -0.00593516 -0.0142976 -0.00293478 -0.00113859 -0.000441825 0.000586161 0.00364449 -0.00198637 -0.012458 0.000281951 0.0116975 -0.00190777 0.00478518 0.0136016 0.0179192 0.000892047
internal_weight=335722 194923 140799 113668 39592 194422 79374 73862 3439 1688 5512 4583 1015 3568 38430 1198 2370 33603 30094 3509 2881 74076 8951 2105 6846 1150 70423 69892 65125 2052 63073 1440 61633 26410 6143 4478 1665 1147 20267 3742 2564 56294 29109 1334 27185 27775 1933 1274 5339 4710 23249 19439 8880 10559 1876 8683 1394 7289 2833 1635 1431 7449
internal_count=335722 194923 140799 113668 39592 194422 79374 73862 3439 1688 5512 4583 1015 3568 38430 1198 2370 33603 30094 3509 2881 74076 8951 2105 6846 1150 70423 69892 65125 2052 63073 1440 61633 26410 6143 4478 1665 1147 20267 3742 2564 56294 29109 1334 27185 27775 1933 1274 5339 4710 23249 19439 8880 10559 1876 8683 1394 7289 2833 1635 1431 7449
is_linear=0
shrinkage=0.03


Tree=129
num_leaves=63
num_cat=1
split_feature=1 25 23 23 2 23 5 28 21 24 16 23 23 23 23 23 26 16 25 20 23 6 26 27 25 26 0 23 24 5 24 23 3 27 24 32 32 4 5 5 27 25 25 30 32 5 25 25 25 27 5 26 25 3 23 5 26 26 21 24 21 25
split_gain=1112.38 292.137 334.383 265.149 258.384 195.449 186.993 139.226 176.264 181.499 179.907 218.797 340.777 752.908 243.384 196.91 300.101 273.071 344.516 176.936 167.962 166.737 159.975 277.064 376.416 245.27 163.335 157.5 202.689 216.718 211.52 308.14 180.136 153.506 174.827 195.213 152.174 150.577 157.829 196.342 145.187 180.935 235.588 207.267 140.172 133.908 133.585 225.211 300.902 151.41 130.21 155.87 128.96 126.338 133.743 123.594 119.387 476.512 702.185 223.51 333.615 275.222
threshold=1.1530373576186379 16.851755244336946 -0.62729398729515451 0.21293867525431665 1.1556444061617328 -0.051478754770346226 1.5620564060452398 1.6343099234044824 8.994074534893775 -0.99904236206516772 10.250000000000002 -0.15389057670406206 -0.48504197719567627 -0.45473838294431457 -0.38466509970700108 0.36075750887067765 69.306928062438956 10.900000000000002 13.206424748296701 39.885580166800132 0.07717261907891422 9.5000000000000018 26.399140548706054 0.036021505376344097 12.904465170857568 60.8990795135498 2.8094795942306523 -0.58637393129089832 -0.49252992309759819 -0.36474171630969354 0.34470738398793405 -0.88664765382614386 2.4298701743888609 0.017741935483870971 -0.98376170968447474 -0.52657545841337539 -0.56604170414638144 1.5552745745321597 -0.18489830211291 0.30623206717317381 0.028494623655913983 13.558187480587314 15.73464294102804 0 -0.35046551460665271 0.098366176493445617 9.0795027026926665 7.0404286715051825 5.9556290360147601 0.0080645161290322596 0.20884076081025507 23.77537245750425 11.071099351923314 2.1101801668857063 -0.9092740615363033 0.033788964780170745 20.984136247634869 21.708560276031488 13.310367659907348 -0.53667642277345495 73.894985053620886 7.9703137812835569
decision_type=2 2 2 2 2 2 2 2 2 2 2 2 2 2 2 2 2 2 2 2 2 2 2 2 2 2 2 2 2 2 2 2 2 2 2 2 2 2 2 2 2 2 2 1 2 2 2 2 2 2 2 2 2 2 2 2 2 2 2 2 2 2
left_child=1 56 4 5 -3 -4 7 8 9 -2 11 12 27 -14 -15 -12 17 52 46 -16 37 -9 50 24 26 -25 -24 28 29 -10 -30 -32 -29 -11 35 -35 53 -13 -39 -40 55 43 -43 -42 -18 -21 47 48 49 -19 51 -22 -17 54 -36 -38 -1 58 -58 60 -59 -61
right_child=6 2 3 -5 -6 -7 -8 21 10 33 15 20 13 14 19 16 44 18 -20 45 22 -23 23 25 -26 -27 -28 32 30 -31 31 -33 -34 34 36 -37 40 38 39 -41 41 42 -44 -45 -46 -47 -48 -49 -50 -51 -52 -53 -54 -55 -56 -57 57 59 -60 61 -62 -63
leaf_value=-0.0020799693413508596 -0.011934941380571955 0.012526238429290969 0.012022367857202346 -0.0023346514327045624 -0.01442093033446913 0.03422433695775793 0.0086189125434790077 0.0037148453333759441 -0.0084993585233481168 0.012334517343158182 0.0018806334154501303 0.0042979940594376886 0.038161080809625589 -0.0088094547107297316 0.0031476303958721326 0.0097594517898390559 0.0099745723230753557 0.0049160623542247612 -0.014597535004765893 0.028291929262549188 -0.0051628436714844413 -0.0034907795180452394 0.0070214338224959729 -0.015128618728873524 0.025021994083505177 0.0017040618612352916 -0.0053547713589450537 -0.00077813921825446448 -0.0053857142296963555 0.0097871533371389624 0.018672908981468464 -0.0019922848052687137 -0.024171881273151997 0.026284185501968916 -0.007227849849756063 0.0037502350468688692 -0.0096595402776286816 0.00087477449989436487 -0.028236569819847818 -0.0065373606794453453 0.0072645103547653751 -0.011278946320799069 0.0086212193327056801 0.031289064497469023 0.031862113117774378 0.0075644144671535019 0.013829705382638714 -0.0094389312836952888 0.025452705307256168 -0.011818719741286354 -0.0015704903122461592 -0.023134029181903673 0.026875624634740775 -0.0079205638487256924 0.010498248107366501 0.0061477747735961411 0.037423924467465307 -0.006154155318037805 0.00079105211843243811 -0.0014913289122590442 0.0061927553426481367 0.0053899558276032941
leaf_weight=144198 530 507 840 580 851 627 3695 4275 716 2672 72848 532 668 1010 2317 1565 517 3325 983 543 1129 8897 2359 1396 757 1753 1611 691 5716 3065 936 2093 514 645 615 744 879 508 828 690 744 664 2683 572 546 585 1116 1133 586 565 2473 705 531 1724 999 892 727 11411 1321 15841 2376 7804
leaf_count=144198 530 507 840 580 851 627 3695 4275 716 2672 72848 532 668 1010 2317 1565 517 3325 983 543 1129 8897 2359 1396 757 1753 1611 691 5716 3065 936 2093 514 645 615 744 879 508 828 690 744 664 2683 572 546 585 1116 1133 586 565 2473 705 531 1724 999 892 727 11411 1321 15841 2376 7804
internal_value=2.06417e-05 -0.0015183 0.00718241 0.014826 -0.00435134 0.0215956 0.00195889 0.0017887 0.00208287 0.0052193 0.00169865 -0.000155909 0.00198463 0.00858358 0.0041108 0.00244285 0.00620916 0.00456145 0.00194679 0.00790602 -0.00289343 -0.00115166 -0.00142426 0.00111822 0.00570839 -0.00577028 0.00199883 -0.000479655 0.000518574 0.00631762 -0.00199089 0.00441378 -0.0108155 0.00588063 0.0043307 0.0142709 0.00291122 -0.00987427 -0.0135971 -0.0184271 0.00560625 0.00838113 0.00466236 0.0177857 0.0213134 0.0176231 0.00437414 0.00248216 0.00550689 0.00247338 -0.00606946 -0.0121152 0.0141493 -0.00228408 0.00374242 -0.00170297 -0.00167978 -0.000218034 0.0138545 -0.000989725 -0.00402486 0.000780489
internal_weight=335623 187083 3405 2047 1358 1467 148540 144845 131673 14363 117310 33595 18854 5123 4455 83715 10867 9804 7708 3445 14741 13172 12183 7876 4727 3149 3970 13731 12526 3781 8745 3029 1205 13833 11161 1389 9772 2558 2026 1518 6434 4663 3347 1316 1063 1128 6725 5609 4476 3890 4307 1834 2096 3338 1614 1771 183678 39480 2048 37432 13787 23645
internal_count=335623 187083 3405 2047 1358 1467 148540 144845 131673 14363 117310 33595 18854 5123 4455 83715 10867 9804 7708 3445 14741 13172 12183 7876 4727 3149 3970 13731 12526 3781 8745 3029 1205 13833 11161 1389 9772 2558 2026 1518 6434 4663 3347 1316 1063 1128 6725 5609 4476 3890 4307 1834 2096 3338 1614 1771 183678 39480 2048 37432 13787 23645
cat_boundaries=0 1
cat_threshold=1
is_linear=0
shrinkage=0.03


Tree=130
num_leaves=63
num_cat=1
split_feature=13 34 5 5 1 32 9 31 16 24 4 16 24 31 13 27 26 29 31 24 20 24 17 17 3 16 24 29 5 29 32 24 20 31 18 31 1 3 29 1 24 32 19 24 17 26 29 26 29 0 4 31 13 24 24 27 19 26 5 20 26 24
split_gain=1076.73 216.243 200.644 181.646 165.371 135.998 149.425 135.936 187.742 151.79 120.614 119.632 167.677 123.981 121.997 118.41 115.576 114.905 122.521 135.222 218.308 213.131 603.424 236.28 212.189 178.083 195.529 149.841 174.681 147.535 190.27 227.432 145.539 143.286 120.55 118.948 131.313 114.192 181.44 113.307 109.99 127.239 109.264 154.504 108.766 107.214 112.363 105.688 125.914 99.1801 103.548 96.1261 95.2158 91.5123 107.928 106.883 95.0154 100.785 91.4335 91.2799 86.1264 83.7979
threshold=1.1339696474660117 0 0.9404831572293777 -2.4534710099539589 1.0493924575048017 -1.0769862131878936 -2.029185489412614 1.1272212707568039 18.000000000000004 -0.02574791365498821 2.2575681975844293 10.250000000000002 -0.99815866078541837 3.5912393499179838 3.1028613784463128 0.019892473118279574 24.504613590240471 -0.52314160177553781 1.1643424018538722 -0.8572830456751136 7.1386448402616445 -0.88264628153994396 73.850000000000009 74.250000000000014 3.1217267768056165 15.350000000000001 -0.82964644928663578 0.28221251822008625 0.21771121065287005 0.09525087604983648 -0.52657545841337539 -0.99374406038856444 24.202394163978258 2.6252970780945715 637.19260424194351 3.4668881887327885 4.1303377325450796 2.2034378973152031 0.5911750154437565 2.8272713346370639 0.085727341951035305 0.19856322250027983 2.6439824120169395 -0.95517546204608139 73.65000000000002 66.005017089843747 -0.71489201363157651 19.7183639526367 -0.3584786147457602 1.3083063364028933 1.9884013746369622 3.3744653594732203 2.4937106668491182 -0.99698079756684088 -0.99963164097526602 0.084408602150537651 2.6439824120169395 47.592051887512206 0.35981371535120826 33.666781991408762 111.44767532348615 -0.86599350048911161
decision_type=2 9 2 2 2 2 8 2 2 2 2 2 2 2 2 2 2 2 2 2 2 2 2 2 2 2 2 2 2 2 2 2 2 2 2 2 2 2 2 2 2 2 2 2 2 2 2 2 2 2 2 2 2 2 2 2 2 2 2 2 2 2
left_child=2 3 37 -2 5 7 -7 9 -9 15 44 12 -6 45 17 -3 47 40 -19 20 -20 23 -23 29 -24 -21 -27 -28 -29 34 31 -31 -32 53 60 36 -34 -1 -39 -35 -13 -42 -41 -44 -8 46 -14 48 -5 50 -50 61 -12 54 -25 56 -55 -58 59 -49 -22 -48
right_child=1 4 -4 16 11 6 10 8 -10 -11 52 14 13 -15 -16 -17 -18 18 19 25 21 22 24 33 -26 26 27 28 -30 30 32 -33 35 39 -36 -37 -38 38 -40 42 41 -43 43 -45 -46 -47 51 58 49 -51 -52 -53 -54 55 -56 -57 57 -59 -60 -61 -62 -63
leaf_value=-0.0019016938031210363 0.020122841126213112 -0.00073834551349712476 0.004126704251333586 0.011983437728818496 -0.013317892255552166 0.011568037474004702 0.0069811504006173711 0.0020488694963053558 0.02493500519850099 0.0096072119735861015 -0.016668122018693211 0.0033459346578381677 -0.0086674274498570285 0.013014939216875129 0.006748218978601451 -0.017581286573090361 0.0040117363658869589 0.0066306289776486334 0.019458003794996816 0.001905861580686511 0.0050564547078198732 -0.011945056345667627 0.01314211878377902 -0.0015655685608538359 0.039462356687249664 -0.016610089066753892 0.0015715991320320926 -0.0084700993042259257 0.001635985986163201 0.0024814987739235294 -0.00583523153001155 0.026606607922228603 -0.00092136286000888703 0.00018096924383785248 -0.0091357686529634011 0.017623692383519241 0.015070807886749461 -0.0021952930427015381 0.014106073886311302 -0.0014759698173855936 0.018599064640397303 0.0019484975932382016 -0.0056970198585310399 -0.023713360603381962 -0.0039458346867076591 -0.0099584955606824115 0.004409778194881934 0.00023750871167412731 -5.3835943992717317e-05 0.0051325987677095421 -0.014868399485936074 -0.0083390215052010115 -0.0019899364128271625 0.010101164673400075 0.016803209377887048 -0.0108575352548749 0.006876470665005914 -0.0062702810073777737 0.0042407994424358969 -0.009410506078618661 -0.0036169420779290557 0.00011566444316930539
leaf_weight=168186 574 1164 5284 1161 843 561 904 869 509 800 1122 7623 1194 661 4872 550 37921 3588 665 13254 3722 603 614 533 507 882 5673 4504 2335 589 967 872 1518 1392 914 773 659 1491 1039 825 1003 702 857 860 8391 950 5400 1558 2104 2701 527 997 617 808 619 821 790 1540 1229 2030 1420 16813
leaf_count=168186 574 1164 5284 1161 843 561 904 869 509 800 1122 7623 1194 661 4872 550 37921 3588 665 13254 3722 603 614 533 507 882 5673 4504 2335 589 967 872 1518 1392 914 773 659 1491 1039 825 1003 702 857 860 8391 950 5400 1558 2104 2701 527 997 617 808 619 821 790 1540 1229 2030 1420 16813
internal_value=-1.04855e-05 0.00177514 -0.00162824 0.00341413 0.00103014 -0.00184212 -0.00347057 0.00300754 0.010562 -0.00114606 -0.00424006 0.00150273 -0.000189995 0.000237884 0.00217818 -0.00617844 0.00321799 0.00182104 0.00128137 0.000893122 0.00258521 0.00207559 0.0121903 0.00122132 0.0251685 -0.000559159 -0.00299821 -0.00203243 -0.00502096 0.0040866 0.00770039 0.0169222 0.00424354 -0.002401 0.0008737 0.00755161 0.00394307 -0.00180649 0.00451384 -0.00670097 0.00489106 0.0117693 -0.0104625 -0.0147636 -0.00287993 -9.77252e-05 0.000288097 0.000556073 0.00305294 0.00109899 -0.00304383 0.000750566 -0.0114809 0.000912052 0.00833442 -0.00125552 0.00126995 -0.00180762 -0.00280921 -0.00522659 0.00266005 0.00116032
internal_weight=335454 159454 176000 49805 109649 15487 11595 3892 1378 2514 11034 94162 26858 26015 67304 1714 49231 62432 53104 49516 22868 22203 1724 20479 1121 26648 13394 12512 6839 11434 5378 1461 3917 9045 6056 2950 2177 170716 2530 3934 9328 1705 2542 1717 9295 25354 24404 11310 6493 5332 2631 23210 1739 5111 1152 3959 3138 2330 4817 3588 5142 22213
internal_count=335454 159454 176000 49805 109649 15487 11595 3892 1378 2514 11034 94162 26858 26015 67304 1714 49231 62432 53104 49516 22868 22203 1724 20479 1121 26648 13394 12512 6839 11434 5378 1461 3917 9045 6056 2950 2177 170716 2530 3934 9328 1705 2542 1717 9295 25354 24404 11310 6493 5332 2631 23210 1739 5111 1152 3959 3138 2330 4817 3588 5142 22213
cat_boundaries=0 1
cat_threshold=146
is_linear=0
shrinkage=0.03


Tree=131
num_leaves=63
num_cat=1
split_feature=1 34 5 13 25 21 1 16 5 24 23 2 17 18 23 23 2 23 16 23 27 25 27 5 23 29 24 24 24 16 16 31 23 1 1 5 25 24 32 31 29 23 23 24 6 23 5 23 23 23 27 32 21 24 24 27 25 23 11 32 23 2
split_gain=1013.95 247.945 154.211 155.037 154.179 163.219 138.741 119.334 115.188 113.949 258.073 269.731 225.568 176.689 130.451 184.922 211.459 168.137 111.526 317.917 200.307 138.075 163.859 105.642 253.044 160.091 231.489 206.238 115.762 133.217 102.156 131.96 100.243 157.417 100.035 95.8835 142.995 130.767 113.254 96.5026 140.442 94.23 207.205 94.1878 169.374 123.783 121.967 110.408 128.965 111.183 95.88 92.8872 142.481 89.0517 280.039 132.207 127.77 156.276 88.4536 87.2535 86.9787 128.283
threshold=0.3075322622396276 0 1.3977650139343882 2.5056435619901651 2.7207239525092226 21.691890221558243 3.7248305732691009 19.900000000000002 -1.1262066311788168 -0.21294651993841582 -0.9092740615363033 1.1076662341142942 76.000000000000014 620.70319082336437 0.90927406153630363 0.17927415433127167 1.3217692766757405 0.94159970902280288 9.7500000000000018 0.99628166032228249 0.020967741935483876 5.9556290360147601 0.014516129032258067 -0.82588641651910433 0.21293867525431665 0.11853411682973876 -0.96914236212857563 -0.56532384738233998 -0.30410362911654215 18.000000000000004 9.3500000000000032 1.8991668318348742 -0.97881962527324673 3.1900724091305546 1.61528035976232 -0.062233960094888234 8.2090836782328882 -0.13690101447512068 -1.2345705023673161 1.2679841979650515 -0.17161324212676168 0.58637393129089799 0.66655057241353266 -0.62058661934845294 6.5000000000000009 -0.99466323211226826 0.26319864060577874 0.46995942967050169 -0.72800098152115733 -0.75110426010738129 0.013440860215053765 -0.55322134655451716 47.543943732167101 -0.94445443497892134 -0.98053927088909909 0.023118279569892475 12.411586490357598 -0.64056958004474651 0.10555555555555557 -1.1737208149851894 0.57238288608965349 0.2151984915910419
decision_type=2 9 2 2 2 2 2 2 2 2 2 2 2 2 2 2 2 2 2 2 2 2 2 2 2 2 2 2 2 2 2 2 2 2 2 2 2 2 2 2 2 2 2 2 2 2 2 2 2 2 2 2 2 2 2 2 2 2 10 2 2 2
left_child=9 34 3 23 -5 32 7 8 -7 10 11 12 -1 30 15 16 -15 -16 19 21 35 -11 -23 24 25 26 -3 -28 29 51 31 -12 33 -6 41 36 37 -20 -39 -40 -41 59 -43 47 -45 46 50 48 49 -25 -46 -27 -53 54 -32 -55 -57 -58 -36 -2 -17 -62
right_child=1 2 -4 4 5 6 -8 -9 -10 18 13 -13 -14 14 17 60 -18 -19 20 -21 -22 22 -24 43 -26 28 27 -29 -30 -31 53 -33 -34 -35 58 -37 -38 38 39 40 -42 42 -44 44 45 -47 -48 -49 -50 -51 -52 52 -54 55 -56 56 57 -59 -60 -61 61 -63
leaf_value=0.01133070600000523 0.00080152408796367635 0.016062969799570434 0.0082079320975722604 0.01886794053478685 0.024904306572022281 -0.014257424208783329 0.0140787543404688 0.0087427617990424485 -0.001347414455608999 -0.0020090292879857996 -0.014559320748784386 0.025578762414189809 -0.011727371127467211 0.025458563697011171 0.022424735264161801 -0.0079319012928040101 0.00079778348287528884 0.0030066835025412647 -0.019022603608392658 0.018936897640701465 -0.020892621293186329 0.021448206366066834 -0.0007889037295336584 0.0030783054339448492 -0.0054744270840402605 0.010559492101192485 -0.011348732327129876 0.0059848505120032886 0.00046883597540260089 0.0026229031843289672 -0.0059885139903053638 0.0019089311003741649 0.0049232221206104753 0.0026894537827939586 -0.0030731204672284672 -0.0023241833199097351 0.0060173024693635146 0.0080113084156345944 -0.0086499853936389069 0.0095983633235342501 -0.0093666069101727683 0.020329225695138741 0.00049333449881578892 0.0032627597127502365 -0.0059434448522667138 -0.00080374504912185418 0.0023266673747478605 0.005925165048311247 0.0010085903684703477 0.01999501188516082 -0.024217782898101958 0.014816988915963022 0.035473034546298618 -0.0014364678020707411 0.022849000322189089 -0.019368750780100332 -0.015717571367081757 0.0053527297792642431 0.0013859015869548998 -0.0032052228860491995 -0.0018244527240822289 0.014363821405568159
leaf_weight=1022 6944 855 4036 638 587 723 564 877 4282 11018 1257 650 603 524 634 1482 767 1084 726 764 539 512 704 830 1739 876 1140 1337 649 650 717 669 14867 560 4327 83888 847 501 5092 708 688 500 7715 10097 502 21299 518 6118 26720 602 537 744 515 22838 518 735 550 734 52901 16530 2656 523
leaf_count=1022 6944 855 4036 638 587 723 564 877 4282 11018 1257 650 603 524 634 1482 767 1084 726 764 539 512 704 830 1739 876 1140 1337 649 650 717 669 14867 560 4327 83888 847 501 5092 708 688 500 7715 10097 502 21299 518 6118 26720 602 537 744 515 22838 518 735 550 734 52901 16530 2656 523
internal_value=3.18103e-05 0.00146016 0.00246294 0.00222816 0.00437949 0.00396382 -6.72521e-05 -0.00143446 -0.0032247 -0.00187111 -0.000460717 0.00932477 0.00276466 -0.00108573 0.00294745 0.000842364 0.0108669 0.0102169 -0.00237625 0.000226589 -0.00274007 -0.000949109 0.00862358 0.00157173 0.00472098 0.00734352 0.00265254 -0.00199945 0.0118847 0.0145394 -0.00219015 -0.00884891 0.00558593 0.0141171 0.000299734 -0.00263311 -0.00565676 -0.00694148 -0.00567382 -0.00673593 0.000251659 -0.00105237 0.00171226 0.00117297 2.77595e-05 -0.00140175 -0.00955347 0.00227401 0.00147963 0.0102348 -0.0154592 0.0181527 0.0233733 -0.00169703 0.00615026 -0.00208807 -0.00943699 -0.00369867 0.00104852 -0.00202004 -0.00194289 0.00085717
internal_weight=335729 191779 102862 98826 23098 22460 6446 5882 5005 143950 37963 2275 1625 35688 7670 5952 1291 1718 105987 12998 92989 12234 1216 75728 8505 6766 3332 2477 3434 2785 28018 1926 16014 1147 88917 92450 8562 7715 6989 6488 1396 31689 8215 67223 32953 22856 1557 34270 28152 1432 1039 2135 1259 26092 1235 24857 2019 1284 57228 23474 4661 3179
internal_count=335729 191779 102862 98826 23098 22460 6446 5882 5005 143950 37963 2275 1625 35688 7670 5952 1291 1718 105987 12998 92989 12234 1216 75728 8505 6766 3332 2477 3434 2785 28018 1926 16014 1147 88917 92450 8562 7715 6989 6488 1396 31689 8215 67223 32953 22856 1557 34270 28152 1432 1039 2135 1259 26092 1235 24857 2019 1284 57228 23474 4661 3179
cat_boundaries=0 1
cat_threshold=9225
is_linear=0
shrinkage=0.03


Tree=132
num_leaves=63
num_cat=0
split_feature=1 25 23 23 5 21 23 2 27 25 24 25 23 24 24 27 23 17 17 23 27 32 17 26 4 8 24 27 26 24 24 27 28 4 24 24 25 31 5 17 5 23 23 25 24 5 25 26 18 23 5 23 5 17 25 26 25 26 31 5 13 2
split_gain=979.22 256.474 526.379 260.229 165.806 159.762 158.828 137.684 135.424 453.515 616.733 280.729 257.79 295.148 479.362 228.71 377.059 346.304 307.3 189.898 187.582 375.445 644.633 1099.17 210.328 196.963 189.238 208.458 417.405 172.822 216.518 169.292 163.773 169.732 129.794 173.263 199.797 200.133 168.992 127.562 209.333 126.062 360.447 616.594 298.027 289.247 276.609 334.174 265.395 264.051 209.543 198.99 270.288 241.746 223.903 218.447 194.714 337.726 226.507 252.72 214.01 199.063
threshold=1.3056984582086513 17.283627578984667 -0.62729398729515451 0.21293867525431665 1.6809837296058974 13.310367659907348 -0.051478754770346226 3.8932853743240874 0.020967741935483876 7.9703137812835569 0.49252992309759819 7.3038356630391981 -0.99466323211226826 -0.56532384738233998 -0.30410362911654215 0.034946236559139789 0.37671401544963079 73.65000000000002 76.300000000000026 -0.22132528438243254 0.0048387096774193559 -0.76171097537116161 73.65000000000002 9.6390392780303813 2.6431577712363246 -1.5907248385729633 -0.96011450294824408 0.0069892473118279581 27.478988122940041 -0.61385614182261172 -0.75113193087051977 0.01666666666666667 -0.41080982723935383 1.3484041905989825 1.0000000180025095e-35 -0.8982586596074329 13.731182554504406 1.8757975794386275 -0.46391046283204279 76.65000000000002 -0.71152247707070415 -0.87025318080773884 -0.85283291294431784 15.415125877406169 -0.25466173847491491 0.34335142995590023 16.851755244336946 73.48413009643555 637.19260424194351 -0.82482438823869786 -0.41622459980865184 -0.70403958523943955 -0.40546511059169116 74.850000000000009 8.354240312783789 44.146228885650636 4.505941076288301 24.504613590240471 3.5912393499179838 0.15574360303338911 2.5704787477509354 1.3787264848462411
decision_type=2 2 2 2 2 2 2 2 2 2 2 2 2 2 2 2 2 2 2 2 2 2 2 2 2 10 2 2 2 2 2 2 2 2 2 2 2 2 2 2 2 2 2 2 2 2 2 2 2 2 2 2 2 2 2 2 2 2 2 2 2 2
left_child=1 8 5 6 7 -3 -4 41 9 11 12 20 -11 19 31 34 17 -17 -19 -14 24 26 23 -23 -1 -24 -22 28 -28 30 -27 -15 -16 -34 35 38 37 -37 -10 40 -29 44 43 45 46 -43 50 -48 -46 -44 -2 52 53 -51 -54 -56 61 -58 -59 60 -60 -53
right_child=4 2 3 -5 -6 -7 -8 -9 15 10 -12 -13 13 14 32 16 -18 18 -20 -21 21 22 25 -25 -26 29 27 39 -30 -31 -32 -33 33 -35 -36 36 -38 -39 -40 -41 -42 42 49 -45 48 -47 47 -49 -50 51 -52 56 54 -55 55 -57 57 58 59 -61 -62 -63
leaf_value=-0.0017637252234631725 0.0061644838676612372 -0.017794532740475887 0.013052353596752091 -0.00039068396547490842 0.0091704376306148173 0.0019938695460157544 0.031749449031211033 0.0050797159086528598 -0.025148475447178378 -0.013308481888090033 0.035779563197317642 -0.010787354002168553 -0.02063639805347563 0.036258150571784484 0.018081685242857592 0.022940952666854576 -0.013057842514088498 -0.010464029185665304 0.0150980662299438 0.0016031446700499024 0.014742009503571237 -0.002670186077619215 0.012529040834254761 0.052718772551923601 -0.018165164407200403 -0.0055754078772532831 -0.0029661807916428191 -0.025370302213815327 0.019194029308127233 -0.006674388604076445 0.020785591204533875 0.013633927976276614 0.0056595824487405671 -0.0093034776912904703 -0.023018965912299023 -0.010498714024786207 0.013380376640011491 0.0061385319058951185 -0.0037369626801454395 0.0077038506023769078 -0.0054878139220808806 0.033804615996036333 -0.0063901642017172387 -0.012368890703448546 0.0036776240676156956 0.0067024529005999178 0.016328558079893862 -0.0092719879074080157 -0.0052127686143049181 0.008120275792445104 -0.0074754145960055857 -5.9292570888624698e-05 0.0013693859103736134 -0.014230174648433137 0.025004592469112321 0.0088235687852019472 -0.0076601724428238356 0.0011190150811321155 0.034868050455597453 -0.0040300775669404546 0.0074232001808538011 0.0077326187515943433
leaf_weight=152836 1141 725 931 697 2762 737 742 10352 814 742 566 2982 530 615 577 844 1205 1068 694 974 590 614 1221 673 702 545 2961 518 1026 2096 569 591 2064 1013 510 2796 507 844 561 559 5450 987 3446 568 16676 556 1187 742 3686 742 8844 4621 3243 1041 869 5446 3923 60166 517 534 508 8159
leaf_count=152836 1141 725 931 697 2762 737 742 10352 814 742 566 2982 530 615 577 844 1205 1068 694 974 590 614 1221 673 702 545 2961 518 1026 2096 569 591 2064 1013 510 2796 507 844 561 559 5450 987 3446 568 16676 556 1187 742 3686 742 8844 4621 3243 1041 869 5446 3923 60166 517 534 508 8159
internal_value=-7.74911e-06 -0.00138583 0.00629373 0.0150146 0.00189888 -0.00784632 0.0214147 0.00175297 -0.00154018 -0.00135374 0.00578167 -0.0016697 0.00336883 0.00532221 0.00891432 -0.00496634 0.000786825 0.00720127 -0.000381638 -0.00627634 -0.0015098 0.00149734 0.00773941 0.0263858 -0.0018393 0.00229986 -0.00171905 -0.00264934 0.00275334 -0.00160449 0.00792176 0.0252732 0.00348791 0.000726391 -0.00859881 -0.00724738 -0.00417739 -0.00663794 -0.0164578 -0.00594913 -0.00723333 0.00148289 0.00203155 0.0142755 -0.0001376 0.0240919 -0.00390536 0.00648266 0.00206737 0.00175351 -0.00591446 0.00206647 0.00578002 -0.00493228 0.00777989 0.0110682 0.00152914 0.000869421 0.00141211 0.0126835 0.0213682 0.00491629
internal_weight=335405 194689 3832 2370 140716 1462 1673 137954 190857 181014 7672 173342 7106 6364 4860 9843 3811 2606 1762 1504 170360 16822 5718 1287 153538 4431 11104 10514 3987 3210 1114 1206 3654 3077 6032 5522 4147 3640 1375 6527 5968 127602 95326 2111 32276 1543 11914 1929 20362 93215 9985 89769 11341 1783 9558 6315 78428 65648 61725 1559 1025 12780
internal_count=335405 194689 3832 2370 140716 1462 1673 137954 190857 181014 7672 173342 7106 6364 4860 9843 3811 2606 1762 1504 170360 16822 5718 1287 153538 4431 11104 10514 3987 3210 1114 1206 3654 3077 6032 5522 4147 3640 1375 6527 5968 127602 95326 2111 32276 1543 11914 1929 20362 93215 9985 89769 11341 1783 9558 6315 78428 65648 61725 1559 1025 12780
is_linear=0
shrinkage=0.03


Tree=133
num_leaves=63
num_cat=2
split_feature=13 34 24 24 13 26 32 7 24 24 24 1 18 24 26 1 32 25 34 1 25 32 19 24 9 1 4 28 17 25 26 1 6 4 25 9 24 3 24 25 24 25 24 24 1 16 1 24 24 3 32 0 25 21 24 25 26 32 28 24 20 32
split_gain=947.767 175.171 178.716 155.109 150.625 165.265 236.631 248.429 397.323 165.231 270.088 154.625 136.067 231.424 142.516 197.277 157.637 141.655 119.35 119.217 121.426 118.488 112.193 351.019 139.819 117.172 134.94 168.577 147.545 127.579 118.849 111.762 169.635 121.06 106.753 118.272 106.427 134.081 122.621 103.667 135.076 104.107 101.985 178.941 225.101 237.717 218.524 500.273 238.716 233.603 218.166 206.104 335.516 179.203 167.925 160.771 210.643 153.5 160.1 151.245 142.973 148.734
threshold=1.1339696474660117 0 -0.99992632385251334 -0.99963164097526602 1.9920624853864328 102.15504150390618 -0.52657545841337539 10.491553346110367 -0.98933596577443683 -0.98053927088909909 -0.9770278626699701 4.0867267977357287 64.766955058362726 -0.99550911953113219 62.006820201873772 2.2012710174651149 -0.44146316265215796 21.715632455475554 1 2.6172099741850503 30.718496452167795 1.3535716480550175 3.580189827618049 -0.99815866078541837 -1.7154534942626911 2.7049367252441141 2.3738552611591133 1.0000000180025095e-35 73.850000000000009 20.10581316862616 34.262863445281965 0.076971383817173611 10.500000000000002 1.8837621287283353 11.731483685145136 -0.19851492409641161 -0.9770278626699701 3.771704254545762 -0.99698079756684088 7.8804388746779468 0.32041146939831461 7.3038356630391981 -0.93867560834980956 -0.72208999473568902 3.1315790385758016 19.175000000000004 2.3735682885461036 -0.74541039586774327 -0.77873524214321999 2.6716569042831471 -0.87953252914821878 1.5694008469581606 10.249646497309529 16.481004488134428 -0.64713682673509032 4.5701787183161393 19.45810585021972 -0.45555759322382289 -0.18951033801912226 -0.60703521118548998 37.232655154541476 -0.20184691697262119
decision_type=2 9 2 2 2 2 2 8 2 2 2 2 2 2 2 2 2 2 9 2 2 2 2 2 10 2 2 2 2 2 2 2 2 2 2 10 2 2 2 2 2 2 2 2 2 2 2 2 2 2 2 2 2 2 2 2 2 2 2 2 2 2
left_child=31 -2 -3 -4 22 9 7 -7 -9 11 -11 12 13 -6 15 16 -14 -15 -12 -16 -21 42 25 -24 -25 26 27 28 30 39 -5 33 -33 -1 -32 -36 38 -38 -8 41 -41 -30 -20 46 45 50 47 48 49 60 -45 52 55 -51 -46 56 -52 -57 -59 -54 61 -44
right_child=1 2 3 4 5 6 36 8 -10 10 18 -13 14 17 19 -17 -18 -19 21 20 -22 -23 23 24 -26 -27 -28 -29 29 -31 34 32 -34 -35 35 -37 37 -39 -40 40 -42 -43 43 44 54 -47 -48 -49 -50 53 51 -53 59 -55 -56 57 -58 58 -60 -61 -62 -63
leaf_value=-0.0019717397695245913 -0.0010813613333793659 0.015146640813290427 -0.0069812755539094907 0.01658068263400091 0.0031568055716992985 0.033042849663807224 0.0072019198615962199 0.026584052875115744 -0.0024769861147828139 0.020275211153421874 0.0070889673244130475 0.011109017851310245 -0.00092322457095089924 -0.0071707380130664787 0.018491714087947159 0.0063296640055403577 -0.023618581424192139 -0.022616759096803354 -0.0014624251709242201 -0.0069632753765072782 0.012593288659910731 0.013650772178051114 0.025345093710704383 0.014674902279980015 0.0015321545582582254 0.0034939060394217924 -0.0061633224836192737 -0.0026854263883303686 8.9735367106917572e-05 -0.012707866652067841 -0.0048539412396938495 0.00012621150007320362 -0.0051861609511682557 -0.014639674566800693 0.0013503326456587791 0.019874491703837711 -0.0066695612401650234 0.0084936974640430242 -0.0071371374317032998 0.0028654597649379154 0.019192192078583737 -0.013828915903045459 0.0049346658317879315 0.010610460052891768 0.016740397848452361 0.0088550126980342873 0.0027772692461871659 0.035916872234840691 -0.011504866540215895 0.028765975659947741 -0.001451856017220347 8.7065128219253337e-05 -0.031126198946441148 0.0065886666118036858 0.0040193583449650485 -0.011047490427196867 -0.021268630899709203 0.015360286235979173 -0.0028817935886453518 -0.011282547205072163 0.014191717174439551 -0.014485908210863272
leaf_weight=118029 18390 924 1726 982 1285 529 887 719 1018 797 5177 775 527 1512 575 861 573 828 6220 634 512 813 583 745 25553 6476 3890 12179 4951 616 776 51410 6041 678 729 536 599 4054 1343 3144 529 531 1152 1341 1104 2405 10247 604 551 787 1384 14219 564 566 5956 526 737 982 769 906 830 507
leaf_count=118029 18390 924 1726 982 1285 529 887 719 1018 797 5177 775 527 1512 575 861 573 828 6220 634 512 813 583 745 25553 6476 3890 12179 4951 616 776 51410 6041 678 729 536 599 4054 1343 3144 529 531 1152 1341 1104 2405 10247 604 551 787 1384 14219 564 566 5956 526 737 982 769 906 830 507
internal_value=-1.83259e-06 0.0016724 0.0020309 0.00194414 0.00205554 0.00294817 0.00673023 0.0151289 0.00959409 0.002433 0.00298277 -0.00158962 -0.00294315 -0.00706487 0.00111885 -0.0044055 -0.0127988 -0.0126728 0.00274485 0.00740811 0.00179079 0.00231948 0.000959691 0.00242014 0.0019072 -0.000151401 -0.000969763 -0.0001597 0.00224473 0.000451392 0.00803086 -0.00151903 -0.00043279 -0.00204471 0.00388676 0.00924665 0.00395627 0.0065366 -0.00143031 0.00134327 0.00523979 -0.00126983 0.00214268 0.00262881 0.001316 -7.81361e-05 0.005288 0.0104287 0.0068874 0.00953665 -0.00108259 -0.00186566 -0.00659344 0.019547 0.00601904 -0.0024379 -0.00837157 0.00309548 0.00736338 -0.0189757 0.00406684 -0.00102607
internal_weight=335793 159635 141245 140321 138595 76375 9149 2266 1737 67226 59144 8082 7307 3625 3682 1961 1100 2340 58347 1721 1146 53170 62220 26881 26298 35339 28863 24973 12794 9771 3023 176158 57451 118707 2041 1265 6883 4653 2230 9155 3673 5482 52357 46137 30893 23833 15244 4997 4393 3842 21428 20087 5868 1353 7060 4398 2121 2277 1751 1470 2489 1659
internal_count=335793 159635 141245 140321 138595 76375 9149 2266 1737 67226 59144 8082 7307 3625 3682 1961 1100 2340 58347 1721 1146 53170 62220 26881 26298 35339 28863 24973 12794 9771 3023 176158 57451 118707 2041 1265 6883 4653 2230 9155 3673 5482 52357 46137 30893 23833 15244 4997 4393 3842 21428 20087 5868 1353 7060 4398 2121 2277 1751 1470 2489 1659
cat_boundaries=0 1 2
cat_threshold=1024 2
is_linear=0
shrinkage=0.03


Tree=134
num_leaves=63
num_cat=2
split_feature=13 34 5 24 5 27 32 29 16 24 24 29 16 25 4 7 32 29 13 20 4 25 24 20 25 25 24 25 23 21 25 16 24 20 5 16 27 27 5 32 2 29 23 23 29 5 31 2 29 5 9 7 2 34 29 23 17 24 13 23 31 29
split_gain=878.515 197.412 205.532 161.89 171.375 213.599 176.27 235.777 445.013 201.378 303.278 311.664 474.144 260.482 195.4 195.325 185.393 283.569 300.032 366.115 244.758 186.281 185.409 241.715 219.601 528.947 252.906 214.34 212.464 349.737 212.081 267.517 201.043 391.449 195.143 179.395 186.574 219.469 178.313 164.591 164.389 167.647 162.129 183.454 184.851 159.478 153.561 159.676 153.163 150.518 141.307 140.029 156.21 139.054 137.497 135.26 131.831 175.798 147.966 164.831 293.229 238.601
threshold=1.1339696474660117 0 -0.34463889907503792 -0.99992632385251334 0.45538284850024519 0.19838709677419356 1.0000000180025095e-35 1.5826466696549095 11.500000000000002 -0.99550911953113219 -0.9770278626699701 -0.44453435048290696 18.825000000000006 15.73464294102804 2.4306498809800954 29.22290853472877 -1.0769862131878936 0.83396189444657109 1.7647574848715892 37.232655154541476 1.6253590586873858 4.6226027886152918 -0.99550911953113219 7.1386448402616445 7.8804388746779468 8.354240312783789 0.37672789363518527 11.989367580838422 0.46995942967050169 12.551550283184907 20.450585406730259 19.550000000000004 -0.98933596577443683 32.092952914295417 -0.87165661881963719 19.175000000000004 0.01666666666666667 0.011290322580645164 0.02107464384872049 1.3535716480550175 1.7890626435820978 -0.27066667311499176 0.19613531578169985 -0.97516411509186662 -0.1420420620800612 0.9404831572293777 2.0451646724268824 2.6358809109737042 -0.37274953822661366 -0.24542239935729601 -0.50431855193682018 11.10899078052071 2.7246923043873177 1 -0.55580769909977024 -0.92632396825149488 76.950000000000017 -0.71010885522459943 2.4122000023196541 0.35275208654909496 3.108108539302378 0.2163628707808716
decision_type=2 9 2 2 2 2 2 2 2 2 2 2 2 2 2 8 2 2 2 2 2 2 2 2 2 2 2 2 2 2 2 2 2 2 2 2 2 2 2 2 2 2 2 2 2 2 2 2 2 2 8 10 2 9 2 2 2 2 2 2 2 2
left_child=45 2 -2 -3 5 6 15 9 -9 -8 38 12 13 -12 -14 16 17 18 21 20 -20 -5 27 -24 -25 -26 28 -18 30 -30 35 32 33 -32 -29 36 37 -27 -11 56 -39 -42 43 -23 48 -1 47 -34 -45 -37 -6 52 -36 -38 -44 -43 58 -58 -13 -60 61 -61
right_child=1 3 -4 4 50 -7 7 8 -10 10 11 39 14 -15 -16 -17 22 -19 19 -21 -22 42 23 24 25 26 -28 34 29 -31 31 -33 46 -35 51 49 53 40 -40 -41 41 55 54 44 -46 -47 -48 -49 -50 -51 -52 -53 -54 -55 -56 -57 57 -59 59 60 -62 -63
leaf_value=-0.0015558051766461096 -0.010004294440528876 0.014281925707983336 -0.00010173092837766567 -0.010378854362775714 0.0072904161867989549 0.0086358485169548103 0.01665338170762734 0.027387243614650243 0.0016259302677405748 -0.017845555076295493 0.0014912827665926511 -0.0018480702863019913 0.038823849767417845 0.019688430335769461 0.014462760285049191 -0.0074062156025271782 -0.015869514802266581 -0.0043124981673633416 0.022819011483984998 0.035338377331254132 0.00017868331676310997 -0.0015790787158165799 0.01585102892536857 -0.0028869208104694991 0.021806169012200834 -0.0097916455276667036 0.021183351515186431 0.013560927779963983 -0.002547624397887045 0.027900516361186994 0.034457817638922306 -0.0149352605518825 0.004633777510186037 -0.0015338928279635831 0.013007547353750851 0.018765487918219366 0.00010758608789325445 -0.0030615621102014056 0.0032839825766730227 0.016566914736789552 0.027683687399524974 -0.0010466190780060915 -0.013837278878102537 0.019097966856544434 0.024130944319463912 0.0037362966593144711 0.0058985652017636801 -0.018703134798259993 -0.0013966074177804138 1.0009683003234035e-05 0.0026823838660963127 -0.010520830764917159 -0.0083021650493406932 -0.0057016346360393303 0.0048699186849167275 0.018125315366923796 0.016388149765836295 7.7467214641003426e-05 0.00047277414614519222 0.021262791040274905 -0.0038898891847335216 0.00065287953590222785
leaf_weight=170600 2131 963 16142 782 8443 3584 838 978 1565 1082 4372 14630 531 840 685 2875 1346 2641 692 632 1121 1012 892 14849 1112 802 533 609 708 646 578 601 539 509 635 675 5632 824 535 603 505 749 605 538 918 5279 4879 509 828 888 20619 1727 595 10875 837 588 1092 1299 9169 1523 1194 756
leaf_count=170600 2131 963 16142 782 8443 3584 838 978 1565 1082 4372 14630 531 840 685 2875 1346 2641 692 632 1121 1012 892 14849 1112 802 533 609 708 646 578 601 539 509 635 675 5632 824 535 603 505 749 605 538 918 5279 4879 509 828 888 20619 1727 595 10875 837 588 1092 1299 9169 1523 1194 756
internal_value=6.61653e-05 0.00167579 -0.0012583 0.00205443 0.00197034 0.00143569 0.00119632 0.00272456 0.0115676 0.00214874 0.00182934 0.00239019 0.0083869 0.00444011 0.0252161 0.000234966 0.000581967 0.00420046 0.00702408 0.0157619 0.00885921 0.00314305 -0.000145144 0.000424377 0.00012995 0.00152349 0.000793469 -0.00569287 0.000433817 0.0120285 -0.000106666 0.00419497 0.00584363 0.0176744 -0.00183482 -0.00162818 -0.00239466 0.00392685 -0.0108661 0.00111541 0.00806432 0.0130362 0.00538341 0.00904991 0.0137526 -0.00139686 0.00366082 -0.00673565 0.00671541 0.00814379 0.00402212 -0.00502314 0.00270731 -0.00372355 -0.00299949 0.00742113 0.000798569 0.00754542 0.000205783 0.0025824 0.0081433 0.0144424
internal_weight=335739 159860 18273 141587 140624 111562 107978 41692 2543 39149 38311 36694 6428 5212 1216 66286 63411 10606 7965 2445 1813 5520 52805 47893 47001 32152 31040 4912 30507 1354 29153 7615 7014 1087 3566 21538 19975 3468 1617 30266 2666 1842 4738 3296 2284 175879 5927 1048 1366 1563 29062 2957 1230 16507 1442 1337 29663 2391 27272 12642 3473 2279
internal_count=335739 159860 18273 141587 140624 111562 107978 41692 2543 39149 38311 36694 6428 5212 1216 66286 63411 10606 7965 2445 1813 5520 52805 47893 47001 32152 31040 4912 30507 1354 29153 7615 7014 1087 3566 21538 19975 3468 1617 30266 2666 1842 4738 3296 2284 175879 5927 1048 1366 1563 29062 2957 1230 16507 1442 1337 29663 2391 27272 12642 3473 2279
cat_boundaries=0 1 2
cat_threshold=1024 8210
is_linear=0
shrinkage=0.03


Tree=135
num_leaves=63
num_cat=4
split_feature=13 34 5 24 34 5 3 28 24 34 4 27 24 27 11 24 26 4 30 16 5 9 3 26 28 26 24 25 20 24 24 27 26 25 27 7 21 19 24 28 21 16 5 5 7 26 0 19 24 20 5 24 24 16 24 16 5 24 26 5 25 19
split_gain=823.211 166.131 220.547 160.619 153.982 152.54 131.251 125.796 114.277 112.627 103.708 112.344 113.382 101.737 97.5055 97.0922 130.967 96.7301 123.206 95.0087 91.9573 100.481 91.3211 138.054 138.215 84.3946 242.704 162.266 138.019 115.324 97.2575 128.702 121.231 86.6244 84.6972 103.764 82.2239 81.884 104.503 81.7558 156.911 79.4855 97.4748 78.4504 107.44 190.995 152.26 114.25 191.875 81.8721 109.021 80.9255 420.108 665.108 213.281 188.592 221.577 178.925 293.879 277.621 155.518 135.59
threshold=1.1232977465911411 0 -0.69314715415866157 -0.99992632385251334 1 0.99030102696599998 4.2180701096071482 -1.0870973140288551 -0.99374406038856444 2 3.5833983511318777 0.036021505376344097 -0.99698079756684088 0.041397849462365598 0.10555555555555557 -0.99815866078541837 41.693742084503121 1.1584593459297374 3 11.500000000000002 -1.3273831369669833 0.33333772184336524 2.2034378973152031 59.350611686706515 0.023850566919913146 92.353037452697734 -0.98376170968447474 31.36160236623499 40.299461206478959 -0.97322851985520697 -0.84831994561267254 0.20913978494623658 106.43766212463377 30.718496452167795 0.0048387096774193559 13.52686702459255 67.294359006819505 2.051498226037566 -0.99963164097526602 -0.24490948888164213 14.546029873324844 18.825000000000006 -0.45154460233313215 0.56882208330465667 2.5771492991804363 29.644232988357526 1.2237754464149477 10.425197840915478 -0.77873524214321999 37.843074243723116 -0.82588641651910433 -0.8905837001257676 -0.87444874304365161 11.800000000000002 -0.96477059369951401 10.250000000000002 -0.12047587670393142 -0.98053927088909909 70.225576591491702 -0.058191035995823412 11.830638285009291 4.3100708759369413
decision_type=2 9 2 2 9 2 2 2 2 9 2 2 2 2 8 2 2 2 1 2 2 10 2 2 2 2 2 2 2 2 2 2 2 2 2 10 2 2 2 2 2 2 2 2 8 2 2 2 2 2 2 2 2 2 2 2 2 2 2 2 2 2
left_child=5 2 4 -3 -2 22 7 -5 10 -8 11 15 37 20 -10 19 -17 18 41 -4 21 -6 -1 24 -24 27 -27 28 -16 -28 31 33 -32 -31 -30 -36 39 -13 -39 40 -22 42 -9 44 45 49 -47 51 -49 50 -19 54 53 -53 57 56 -56 60 59 -59 -46 -57
right_child=1 3 8 6 13 -7 9 17 14 -11 -12 12 -14 -15 25 16 -18 43 -20 -21 36 -23 23 -25 -26 26 29 -29 34 30 32 -33 -34 -35 35 -37 -38 38 -40 -41 -42 -43 -44 -45 47 46 -48 48 -50 -51 -52 52 -54 -55 55 61 -58 58 -60 -61 -62 -63
leaf_value=-0.0016212154932908358 -0.019081472805137664 0.019464706971128225 -0.021305286712424178 0.013826665939107256 -0.014957399550906461 0.0039453087542756556 0.020324454112982778 -0.020311943748585727 -0.0030350135249768936 0.005625736883180815 -0.015234628863444705 -0.0038832755286069276 -0.0070012283852179599 0.0034813958491845907 0.0020242848343456511 -0.010818376877851893 0.010428644613528224 -0.0062586855957026243 0.0021446314806862288 -0.0044952480994006148 -0.00075979938275474513 0.00087288019884092282 -0.0016693303330371585 -0.006046807621678728 0.016105988593155873 0.018837305900822537 -0.009560288531996284 -0.01513564238237782 -0.0097994448594283679 0.011338181307695764 0.0061639994243757306 0.01850094740912318 -0.011563340380311763 -0.00056518607161686811 0.0038515453468179876 -0.0058773072233606659 0.0045199517138456739 -0.0010895006141266922 0.013988206392473236 -0.0006070392055879042 -0.021458646025010974 0.00059334102051902197 -0.0049570794336083494 0.0048349749758440494 -0.0083373376052822933 0.028533765952882126 0.0073869301065741504 0.018395076245209349 -0.00049508519764722512 -0.0075914956552674993 0.0095500682514511707 0.041362450869026887 0.0015648323648805938 -0.0052477147007242335 -0.021274503449999038 -0.0040992030128305492 0.00060035410360364876 0.027497404032739908 -0.0053844960907737062 0.00060055313536008304 0.0024068732048741935 0.007520226279451747
leaf_weight=167975 550 502 570 832 1261 4688 597 583 3995 2174 540 636 918 1765 57089 505 530 543 3447 646 702 504 645 792 1002 975 619 521 1269 868 716 695 665 1487 2016 1923 1153 642 1155 1752 617 891 1026 10512 1501 531 727 944 987 595 1386 606 29093 500 1078 4017 677 939 746 545 6216 1161
leaf_count=167975 550 502 570 832 1261 4688 597 583 3995 2174 540 636 918 1765 57089 505 530 543 3447 646 702 504 645 792 1002 975 619 521 1269 868 716 695 665 1487 2016 1923 1153 642 1155 1752 617 891 1026 10512 1501 531 727 944 987 595 1386 606 29093 500 1078 4017 677 939 746 545 6216 1161
internal_value=3.2228e-05 0.00158313 0.000698325 0.00263537 -0.00395085 -0.00139059 0.00251844 0.00226483 0.00118745 0.0089169 -0.00274081 -0.00152397 0.00195772 -0.00283777 0.00151886 -0.00669991 5.95699e-05 0.00212494 -0.00153214 -0.0124299 -0.00470615 -0.0104473 -0.00153749 0.00422028 0.00916081 0.00178333 0.0051737 0.00145777 0.00159774 0.00251965 0.00421606 0.00720315 -0.00238326 0.00383685 -0.00307538 -0.000899461 -0.00229769 0.00534546 0.00861344 -0.00486054 -0.0104867 -0.00659582 -0.0105664 0.00246859 0.00199698 0.00686581 0.0163906 0.0016206 0.00876333 0.00209549 0.00509534 0.00132673 0.00225652 0.0203622 -0.000336869 -0.00437435 -0.0128584 0.00247802 0.00995262 0.0176547 0.000313018 -0.00148918
internal_weight=335742 160640 87284 73356 8304 175102 72854 70083 78980 2771 6142 5602 3351 7754 72838 2251 1035 69251 5947 1216 5989 1765 170414 2439 1647 68843 6025 62818 62297 5050 4431 3050 1381 2355 5208 3939 4224 2433 1797 3071 1319 2500 1609 63304 52792 3782 1258 49010 1931 2524 1929 47079 30199 1106 16880 6933 1755 9947 2230 1484 7717 5178
internal_count=335742 160640 87284 73356 8304 175102 72854 70083 78980 2771 6142 5602 3351 7754 72838 2251 1035 69251 5947 1216 5989 1765 170414 2439 1647 68843 6025 62818 62297 5050 4431 3050 1381 2355 5208 3939 4224 2433 1797 3071 1319 2500 1609 63304 52792 3782 1258 49010 1931 2524 1929 47079 30199 1106 16880 6933 1755 9947 2230 1484 7717 5178
cat_boundaries=0 1 2 3 4
cat_threshold=9257 1024 128 2
is_linear=0
shrinkage=0.03


Tree=136
num_leaves=63
num_cat=4
split_feature=1 34 0 5 8 2 29 29 31 19 23 16 22 8 27 19 21 13 5 8 32 32 17 24 22 24 31 23 23 23 24 23 16 16 16 13 22 24 24 24 19 20 23 7 23 3 7 13 29 32 32 32 13 24 23 16 24 7 31 5 31 19
split_gain=789.032 172.203 126.585 119.044 156.585 233.398 149.08 190.864 232.368 195.309 170.567 171.277 155.633 218.555 153.555 151.928 204.562 136.785 126.946 133.93 111.855 111.501 111.354 178.615 110.09 151.568 130.087 124.375 109.69 180.937 103.502 135.056 167.712 129.718 97.4136 97.2971 99.1603 84.9661 87.7046 176.974 511.744 176.669 113.764 265.654 116.888 112.193 88.5462 98.2702 83.8648 84.607 82.2374 82.1774 81.0011 104.749 268.847 100.051 131.871 97.086 84.255 160.922 104.154 85.5182
threshold=0.3075322622396276 0 4.6175925731658944 -0.41622459980865184 -30.698613508564073 4.0759661424753251 0.1836773534595661 0.72332310940532041 2.5103706030217343 3.6229072744295268 -0.84374447618434878 11.800000000000002 1 -1.5907248385729633 0.073655913978494636 1.8147540035069032 17.40217106970557 2.2500670296956042 0.42757599251036954 -12.135462665332984 0.36738387885828988 -0.14526129642115018 73.750000000000014 -0.35273909160235833 2 -0.69791844337451392 2.2261059824908074 0.29591579977684268 -0.79462857753386928 -0.29591579977684229 0.50739640075491554 -0.29591579977684229 11.800000000000002 11.150000000000002 17.400000000000002 2.3309421213720047 3 -0.99374406038856444 -0.79980977965991029 -0.74541039586774327 4.3100708759369413 24.044131736484875 -0.18771856543719898 7.3084765897288699 0.44709379298511415 0.42457889341276928 2.4895739395974492 0.018963007991849676 0.33541840325858291 -0.6690362892754752 -1.1176363150522846 -1.3162811547593667 2.0143766013565916 -0.26296220265651482 -0.93265450753882229 19.550000000000004 -0.8982586596074329 0.72707965625891269 2.8269569663598695 0.0051247524781835715 3.1305551825017743 4.0082591277779072
decision_type=2 9 2 2 10 2 2 2 2 2 2 2 1 10 2 2 2 2 2 8 2 2 2 2 1 2 2 2 2 2 2 2 2 2 2 2 1 2 2 2 2 2 2 10 2 2 8 2 2 2 2 2 2 2 2 2 2 10 2 2 2 2
left_child=35 52 3 4 -3 6 12 22 10 17 11 -9 20 21 30 -12 -17 -10 24 -20 -6 -14 -8 48 -5 27 -27 34 -23 -30 31 32 -15 -33 -26 37 -37 -1 41 40 46 50 -43 44 -44 -46 47 -40 -24 -50 51 -39 53 54 -2 57 -57 -56 -59 61 -61 -60
right_child=1 2 -4 18 5 -7 7 8 9 -11 15 -13 13 14 -16 16 -18 -19 19 -21 -22 28 23 -25 25 26 -28 -29 29 -31 -32 33 -34 -35 -36 36 -38 38 39 -41 -42 42 43 -45 45 -47 -48 -49 49 -51 -52 -53 -54 -55 55 56 -58 58 59 60 -62 -63
leaf_value=0.0097844072672623131 -0.010920262174357221 -0.012410493492759607 0.014671600221379207 0.0010566658349496849 -0.0063496747166734702 0.019849786478327868 0.0031163500322583717 0.020104339595657453 -0.0068887291220828982 0.025532209486448264 -0.01791940296467109 -0.0028561444200347098 -0.0040669325354686682 -0.011005629656428937 0.023839491017720867 0.01350991947673706 -0.0101617367070188 0.015048153471929483 0.0099594126753773191 0.0024363104249090846 0.0055902246707218656 0.012263916167065811 0.010629535501607596 0.0021330318520770648 0.0090378167355665926 -0.0037923343205348648 -0.01709098345624923 0.01317764959870479 -0.011799823442729536 0.0080931046017720006 0.017910950230753588 0.016561401435964931 0.0080606529035676232 0.0015519883823948985 -0.0053235292420062185 -0.0048052045558134998 0.010671248665805872 0.001329050168161442 -0.0048520710643213914 -0.0017751490221230245 0.031301253748998725 0.0026158058675463738 0.0036863383510941077 -0.029520675747770758 -0.0051416947529109259 -0.018745006935281399 -0.010955716316824999 0.012853618920930931 0.014262897248656765 0.029637408397150192 0.010403933635274342 -0.012094837160473434 0.0013791921228599928 0.0012606515874496568 0.006848596710880556 0.0012895332020160927 -0.012435801644114347 -0.001186305137990863 0.0048740363806228475 0.0056291137838484148 -0.011783126495902007 0.021399038887360472
leaf_weight=567 2515 518 711 44092 2887 822 991 521 511 604 728 656 3188 855 509 531 844 503 2322 25234 930 969 683 737 565 2187 947 651 713 959 608 1124 798 960 1668 551 1103 1659 603 132809 564 639 659 584 1359 913 585 522 550 833 612 540 36601 19762 1653 1124 1426 23391 586 638 591 545
leaf_count=567 2515 518 711 44092 2887 822 991 521 511 604 728 656 3188 855 509 531 844 503 2322 25234 930 969 683 737 565 2187 947 651 713 959 608 1124 798 960 1668 551 1103 1659 603 132809 564 639 659 584 1359 913 585 522 550 833 612 540 36601 19762 1653 1124 1426 23391 586 638 591 545
internal_value=3.93913e-06 0.00126494 0.00210013 0.00201216 0.00383383 0.00418674 0.00362743 0.00673299 0.00281563 0.0121004 -0.00177594 0.00734938 0.00176413 0.00361984 0.00832193 -0.00688848 -0.00100435 0.00401362 0.00143655 0.00307193 -0.00342808 -0.000293312 0.0117799 0.0148319 0.00053702 -0.00326431 -0.00783161 0.00169257 0.00426097 -0.000399833 0.0064788 0.00459737 -0.00180467 0.00966754 -0.00167771 -0.00167199 0.00555197 -0.00175596 -0.00180237 -0.00163297 0.00665658 -0.00508429 -0.00901095 -0.0111253 -0.00741603 -0.0106373 -0.0015394 0.00338389 0.0193458 0.0235966 0.000724105 -0.00198736 0.000297075 -0.000461225 -0.00150926 -0.000717406 -0.00639521 -0.000188005 -0.000640938 0.00475552 -0.00275788 0.0128962
internal_weight=336010 191741 102909 102198 24532 24014 23192 8692 4898 1618 3280 1177 14500 10683 4854 2103 1375 1014 77666 27556 3817 5829 3794 2803 50110 6018 3134 2884 2641 1672 4345 3737 1653 2084 2233 144269 1654 142615 142048 135083 2274 6965 4154 3515 2931 2272 1710 1125 2066 1383 2811 2199 88832 52231 32469 29954 2550 27404 25751 2360 1229 1131
internal_count=336010 191741 102909 102198 24532 24014 23192 8692 4898 1618 3280 1177 14500 10683 4854 2103 1375 1014 77666 27556 3817 5829 3794 2803 50110 6018 3134 2884 2641 1672 4345 3737 1653 2084 2233 144269 1654 142615 142048 135083 2274 6965 4154 3515 2931 2272 1710 1125 2066 1383 2811 2199 88832 52231 32469 29954 2550 27404 25751 2360 1229 1131
cat_boundaries=0 1 2 3 4
cat_threshold=9225 8 9 8
is_linear=0
shrinkage=0.03


Tree=137
num_leaves=63
num_cat=2
split_feature=1 24 25 27 23 34 15 0 25 23 23 32 23 32 20 23 23 18 8 23 17 18 24 26 13 16 23 18 16 24 23 25 17 24 32 23 31 9 27 24 3 25 25 25 23 23 31 17 24 16 24 25 24 32 16 18 17 25 25 31 24 22
split_gain=732.583 267.948 341.26 202.216 136.871 142.702 136.696 108.981 102.831 227.79 665.142 198.029 187.938 143.962 488.261 519.071 251.16 200.109 198.172 221.107 197.048 189.68 347.61 326.467 188.835 368.699 447.237 170.829 193.468 182.125 146.95 140.501 299.485 160.356 146.491 161.245 138.529 130.016 125.838 119.401 203.603 190.718 221.762 356.02 233.732 206.564 116.287 199.561 141.611 131.568 132.582 107.206 103.571 198.564 119.617 100.69 99.7045 126.889 204.442 254.303 151.193 305.979
threshold=1.2891581856277794 -0.99904236206516772 8.4815740527605197 0.11129032258064518 -0.9998158143810113 0 0.080645161290322592 4.6175925731658944 1.6179563127159702 0.99863729997741479 0.9993738172047143 0.81171740744727638 0.99981581438101164 -0.80338205189083212 40.299461206478959 0.58637393129089799 0.97516411509186673 807.2621370178224 -5.7148022206440858 -0.84374447618434878 73.950000000000017 76.302805655250481 -0.93262014971044682 27.275717639923077 1.89795957696331 11.800000000000002 -0.79462857753386928 61.802080506506194 10.250000000000002 -0.35273909160235833 -0.96699210069650898 2.4652421584613227 74.250000000000014 0.15388490756722689 -0.52657545841337539 -0.15389057670406206 1.2073792729196759 -0.13906854211504246 0.031720430107526891 -0.26296220265651482 0.14405326918305214 0.28643874280475162 0.72535584729605473 0.59924537952468604 0.75110426010738152 0.93568234840038345 1.3622157825370018 73.500000000000014 -0.98376170968447474 19.900000000000002 -0.96011450294824408 8.9992143949393633 -0.5510813381777947 -0.20184691697262119 18.550000000000004 583.03248182830828 73.300000000000026 3.9416087441627061 4.1782084960410364 0.45219713218718 -0.5 1
decision_type=2 2 2 2 2 9 2 2 2 2 2 2 2 2 2 2 2 2 8 2 2 2 2 2 2 2 2 2 2 2 2 2 2 2 2 2 2 10 2 2 2 2 2 2 2 2 2 2 2 2 2 2 2 2 2 2 2 2 2 2 2 1
left_child=1 2 -1 8 -2 6 -6 -7 36 11 -11 13 -12 24 16 37 17 18 19 20 -15 22 -20 31 46 26 -26 28 51 -29 -30 33 -33 -23 35 -34 39 -16 -21 40 -3 -42 43 45 -44 -43 56 -48 -49 50 -50 -24 53 -25 -54 -27 -10 -58 59 -59 -60 -62
right_child=4 3 -4 -5 5 7 -8 -9 9 10 12 -13 -14 14 15 -17 -18 -19 21 38 -22 23 27 52 25 55 -28 29 30 -31 -32 32 34 -35 -36 -37 -38 -39 -40 -41 41 42 44 -45 -46 -47 47 48 49 -51 -52 -53 54 -55 -56 -57 57 58 60 -61 61 -63
leaf_value=-0.0018668542195272285 0.01379967466145323 -0.0016439014491776423 0.030429152246528802 0.016452152470261959 0.00027040846023969968 0.0022721114198767873 0.012779090352069559 0.014137113138808602 -0.0068772659596468 0.036887822575304124 0.0094228429414676945 0.01753564856862843 -0.013569699348486246 0.0014279247858372483 0.014208492669417818 0.041245830461496567 0.015660731694531582 0.014842370305754712 0.022466073802471162 -0.0098656591822172818 0.025533093827463219 -0.018965801602598423 -0.00079991834666839695 -0.011289840333523567 0.018134791005268477 0.025884978027218369 -0.016549338895582799 0.023281384080669872 0.0061318736540347954 -0.0016469558035058132 -0.011716517988930726 0.018105193983412333 -0.002288341051914917 -0.0018647818003265709 -0.0054572156024645518 0.01616275444050793 -0.011817293647602534 -0.0043256331220613746 0.0091672423998586678 -0.0022205902147162679 -0.0054141699253120856 0.00039079440675105273 -0.0101793383511916 0.035617096553833924 0.013479494422517486 0.019872724895940743 0.011391945243124308 0.0033083589986458791 -0.022479242777317724 0.0014945096478349209 -0.009090065019553447 0.010330641841257602 0.0017650776124178882 -0.034244191440318539 -0.016962005578769514 0.0080843782143883245 -0.0034739546512343642 0.025366063797389687 -0.0048281541498182623 -0.0031794115088428043 0.0042065327278282948 -0.0047543914998110269
leaf_weight=638 822 12322 541 571 58468 80596 792 698 3085 564 632 524 638 522 755 511 858 708 620 764 732 827 4123 1007 515 676 934 516 503 533 2301 739 1085 1216 3826 696 1253 614 522 96597 1145 1242 920 529 628 804 535 893 832 799 3340 955 629 513 593 504 14053 622 5345 507 9705 5285
leaf_count=638 822 12322 541 571 58468 80596 792 698 3085 564 632 524 638 522 755 511 858 708 620 764 732 827 4123 1007 515 676 934 516 503 533 2301 739 1085 1216 3826 696 1253 614 522 96597 1145 1242 920 529 628 804 535 893 832 799 3340 955 629 513 593 504 14053 622 5345 507 9705 5285
internal_value=-1.19428e-05 -0.00120962 0.0130185 -0.00129702 0.00163022 0.00155856 0.000438575 0.00237456 -0.0013502 -0.000498374 0.00993268 -0.000754702 -0.00213566 -0.000884869 0.000879852 0.0155988 -0.0002394 -0.000812645 -0.00129303 0.00660701 0.0155444 -0.00226462 0.000836845 -0.00492502 -0.00187292 0.00593503 -0.00420202 -0.000676411 -0.00219195 0.0106675 -0.00850954 -0.00198439 0.000220354 -0.00881662 -0.00215089 0.00494726 -0.0019158 0.0059104 -0.00213443 -0.00180664 0.000466601 0.0054 0.00840613 0.0137922 -0.000568814 0.00807623 -0.00232968 -0.0060739 -0.00767574 -0.00965028 -0.0117839 0.00130147 -0.0139017 -0.0191238 -0.0073547 0.0183482 -0.0017083 -0.00125842 0.000192615 0.0125897 -0.000498594 0.0010463
internal_weight=335222 193846 1179 192667 141376 140554 59260 81294 192096 76656 1834 74822 1270 74298 26668 1880 24788 23930 23222 2540 1254 20682 9551 11131 47630 2629 1449 8931 7882 1049 2804 8389 6346 2043 5607 1781 115440 1369 1286 114187 17590 5268 4123 2575 1548 2046 45001 6399 5864 4971 4172 5078 2742 1520 1222 1180 38602 35517 21464 1129 20335 14990
internal_count=335222 193846 1179 192667 141376 140554 59260 81294 192096 76656 1834 74822 1270 74298 26668 1880 24788 23930 23222 2540 1254 20682 9551 11131 47630 2629 1449 8931 7882 1049 2804 8389 6346 2043 5607 1781 115440 1369 1286 114187 17590 5268 4123 2575 1548 2046 45001 6399 5864 4971 4172 5078 2742 1520 1222 1180 38602 35517 21464 1129 20335 14990
cat_boundaries=0 1 2
cat_threshold=9281 5
is_linear=0
shrinkage=0.03


Tree=138
num_leaves=63
num_cat=1
split_feature=1 34 0 25 27 25 29 25 16 26 16 27 29 21 23 23 23 25 27 26 16 29 32 29 16 26 23 23 18 26 21 29 3 16 23 32 0 7 23 23 31 23 1 33 29 27 23 16 1 19 27 16 20 16 23 23 23 26 26 23 23 23
split_gain=700.396 205.063 104.866 104.513 182.17 148.288 110.729 107.679 94.5487 197.726 136.145 127.016 115.18 105.738 130.723 237.246 114.762 96.2816 251.363 183.758 130.106 97.938 106.754 91.9942 91.0398 90.2815 87.9751 108.255 191.886 156.559 88.929 87.8315 118.939 87.5501 86.2924 85.5822 93.4333 118.69 85.2882 275.005 80.8159 109.998 79.1568 78.2739 76.7975 78.9505 76.2075 76.1538 74.7517 73.919 73.2687 172.864 127.413 72.809 114.453 104.721 178.94 115.614 191.343 80.365 82.5907 103.649
threshold=0.3276523178845272 0 4.6175925731658944 16.851755244336946 0.023118279569892475 9.438082023153223 0.23277141575115587 21.144268066892703 10.250000000000002 66.005017089843747 10.900000000000002 0.036021505376344097 1.6185839850517276 15.55318689357353 -0.99628166032228227 -0.99054754357789199 -0.29591579977684229 31.36160236623499 0.13924731182795699 104.44958744049073 16.000000000000004 0.1425018753733748 -0.29010440775364205 -0.36954754294472442 11.800000000000002 62.651307106018059 -0.96699210069650898 -0.90199700731761212 748.84348699455279 17.211370468139645 153.9730793305493 2.1142041144276411 1.8292929099524267 16.900000000000002 0.094275748646527283 -0.041169588262951397 2.6041402816772465 29.22290853472877 -0.87025318080773884 -0.85283291294431784 2.3163221954054891 -0.9821866728183295 0.97451424225969441 4.5000000000000009 0.09525087604983648 0.20913978494623658 -0.7454378568683 19.550000000000004 3.317603858101982 5.9059427821715182 0.028494623655913983 11.150000000000002 31.4034655534665 9.1000000000000032 -0.99275167208229986 -0.13690605792347518 0.07717261907891422 55.844964027404757 49.529514980316158 0.90927406153630363 -0.97122121956981788 -0.92632396825149488
decision_type=2 9 2 2 2 2 2 2 2 2 2 2 2 2 2 2 2 2 2 2 2 2 2 2 2 2 2 2 2 2 2 2 2 2 2 2 2 8 2 2 2 2 2 2 2 2 2 2 2 2 2 2 2 2 2 2 2 2 2 2 2 2
left_child=3 8 35 4 5 -1 -7 -5 9 25 11 -10 13 14 -12 -16 23 19 -19 20 42 22 -22 -15 -14 31 -25 28 29 -28 -29 53 -33 -18 -13 36 37 -3 40 -40 41 -37 -17 -41 45 -20 -45 -35 49 -42 -6 -52 -53 59 -55 -56 -57 58 -58 60 -2 -62
right_child=1 2 -4 7 50 6 -8 -9 10 -11 12 34 24 16 15 17 33 18 44 -21 21 -23 -24 26 -26 -27 27 30 -30 -31 -32 32 -34 47 -36 38 -38 -39 39 43 48 -43 -44 46 -46 -47 -48 -49 -50 -51 51 52 -54 54 55 56 57 -59 -60 -61 61 -63
leaf_value=-0.0016026019054298729 0.0098801906681923266 0.0010556369314546794 0.013665403591860035 0.01495536688165911 -0.016954545491128677 -0.0010096731343163321 0.014916423391333939 -0.003151216838196609 0.0023845174575590658 -0.014576846338759443 -0.010100456576634739 0.0073967088543538794 0.0053853650651640864 0.0019247060135331668 0.021128422307038607 -0.0015870432084089737 -0.00067200707266421066 -0.016752159671357146 -0.0069969053931098072 0.018883581766201262 -0.0031163710554354745 -0.0063521285105699451 0.0081888012343874442 0.0023383058373911171 -0.006000262940637365 0.0085805543898773862 0.0091419724367535794 -0.0013915674991654681 -0.020830595244281321 -0.0082838325007677082 -0.01347949072856342 -0.002716908538757337 0.017709801298706397 0.0059129722367793416 0.021780304985712408 0.015531180167511731 0.0035120490568602441 -0.007160804943285015 0.022888197881278261 0.0028684574324766344 -0.0014400398950062587 0.00084242527904126497 0.0062673745317332035 0.017804663129769336 0.0060821103669820341 0.0047022374965432585 0.0057991781745564044 -0.00033482745899090241 0.0053902963499392687 -0.012197345017468358 0.0056876503952346114 -0.0010817819048376501 -0.019248565839515577 -0.013381315603299334 0.00027281382906967056 -0.016653821777467701 -0.0028778924629199792 -0.011937498840033806 0.014938787622792066 0.0096736564617377844 -0.013634885244161331 9.4405051461943866e-05
leaf_weight=138932 685 43546 707 686 770 723 854 514 5762 953 714 1400 750 4617 619 1370 7335 790 1260 667 1564 1926 1439 2401 3902 904 591 8425 842 2097 581 506 513 5361 513 674 14677 1637 684 19894 3732 1417 7286 542 1900 876 3767 2609 1179 675 731 571 885 806 9745 930 6147 1062 590 861 534 6047
leaf_count=138932 685 43546 707 686 770 723 854 514 5762 953 714 1400 750 4617 619 1370 7335 790 1260 667 1564 1926 1439 2401 3902 904 591 8425 842 2097 581 506 513 5361 513 674 14677 1637 684 19894 3732 1417 7286 542 1900 876 3767 2609 1179 675 731 571 885 806 9745 930 6147 1062 590 861 534 6047
internal_value=-5.48159e-06 0.00118708 0.00219465 -0.00158008 -0.00165393 -0.00149866 0.00763474 0.00721882 0.000228091 -0.00116481 0.000852176 0.00461277 0.000370163 0.000751874 0.0024664 0.00292439 -0.000252243 0.00232836 -0.00133305 0.00356822 0.00280959 -0.00108045 0.00230553 -0.00177491 -0.00416085 -0.000726615 -0.00291872 -0.00392612 -0.00837553 -0.00444263 -0.00217844 -0.00102406 0.00760287 0.00169309 0.0113006 0.00210641 0.00143289 0.000757192 0.00334407 0.00419665 0.000579288 0.00560286 0.00502404 0.00366379 0.00170206 -0.00219917 0.00732815 0.00386881 -0.00130451 -0.00309964 -0.00901688 -0.00618988 -0.0121522 -0.00134614 -0.00234987 -0.00186509 -0.00425061 -0.00276186 -0.00130766 0.00103503 5.42811e-06 -0.00102913
internal_weight=335677 191011 93131 144666 143466 140509 1577 1200 97880 30283 67597 7675 59922 55270 20411 19697 34859 19078 4826 14252 13585 4929 3003 19554 4652 29330 14937 12536 3530 2688 9006 28426 1019 15305 1913 92424 59860 45183 32564 24887 7677 2091 8656 24203 4036 2136 4309 7970 5586 4407 2957 2187 1456 27407 19280 18474 8729 7799 6737 8127 7266 6581
internal_count=335677 191011 93131 144666 143466 140509 1577 1200 97880 30283 67597 7675 59922 55270 20411 19697 34859 19078 4826 14252 13585 4929 3003 19554 4652 29330 14937 12536 3530 2688 9006 28426 1019 15305 1913 92424 59860 45183 32564 24887 7677 2091 8656 24203 4036 2136 4309 7970 5586 4407 2957 2187 1456 27407 19280 18474 8729 7799 6737 8127 7266 6581
cat_boundaries=0 1
cat_threshold=9289
is_linear=0
shrinkage=0.03


Tree=139
num_leaves=63
num_cat=4
split_feature=1 25 23 20 23 5 21 34 5 4 3 3 22 6 4 26 26 25 34 20 25 2 23 3 34 23 25 26 2 19 26 8 28 33 23 23 26 32 20 26 26 4 25 23 23 23 0 25 23 18 1 5 20 23 26 23 23 5 23 5 25 21
split_gain=658.832 228.23 404.962 239.045 209.45 149.578 138.118 130.01 115.576 109.518 153.846 146.351 137.992 131.652 128.25 131.933 154.317 111.99 111.649 108.168 151.84 99.8643 109.846 97.9662 142.449 103.721 95.8104 120.797 117.199 95.038 110.616 90.0866 89.7373 89.6463 79.6718 178.335 262.43 162.497 139.254 240.493 220.477 147.243 145.865 130.05 176.367 139.38 146.575 137.385 124.53 151.074 131.546 123.026 299.891 148.044 143.521 119.539 109.296 200.909 195.056 148.864 108.443 177.617
threshold=1.2354819379390454 17.283627578984667 -0.62729398729515451 38.810513370996993 0.19613531578169985 1.8418761201944653 13.310367659907348 0 -0.29819784466198723 2.2441171378502998 2.4656301244115988 1.7442082121853819 1 9.5000000000000018 1.793457742907594 54.922030735015845 44.886652278900151 6.070676870459832 2 22.905322486475324 2.7207239525092226 1.3787264848462411 -0.21293867525431634 4.2180701096071482 3 -0.40828930082137055 8.9992143949393633 22.380670213699343 1.6333229671125575 4.7088274871254567 32.520164680480953 -1.9995043255428955 1.6343099234044824 2.5000000000000004 0.0085831648773537477 0.36075750887067765 69.306928062438956 -0.40106219986673314 24.044131736484875 56.650054931640604 26.399140548706054 2.0756283084429019 4.4353519155253336 -0.87025318080773884 -0.96699210069650898 -0.85283291294431784 2.2925946712493901 12.411586490357598 -0.95768026224311653 765.05246007690437 2.2159700290611544 0.20884076081025507 40.299461206478959 0.094275748646527283 41.693742084503121 0.16236015996470329 0.094275748646527283 -0.043930104335581963 0.16236015996470329 -0.32529069608943634 10.087419759602318 11.481596374456553
decision_type=2 2 2 2 2 2 2 9 2 2 2 2 1 2 2 2 2 2 9 2 2 2 2 2 9 2 2 2 2 2 2 10 2 2 2 2 2 2 2 2 2 2 2 2 2 2 2 2 2 2 2 2 2 2 2 2 2 2 2 2 2 2
left_child=1 9 6 4 -4 7 -3 8 31 11 13 -1 -12 -11 18 16 26 -15 -13 20 21 -9 -23 32 -25 -26 27 28 -16 30 -29 -2 34 -34 43 51 38 -38 -37 40 42 -42 -40 44 47 46 -45 60 50 -50 -46 52 54 -53 -36 -54 57 -56 59 -58 61 -21
right_child=5 2 3 -5 -6 -7 -8 19 -10 10 12 14 -14 17 15 -17 -18 -19 -20 23 -22 22 -24 24 25 -27 -28 29 -30 -31 -32 -33 33 -35 35 36 37 -39 39 -41 41 -43 -44 45 48 -47 -48 -49 49 -51 -52 53 55 -55 56 -57 58 -59 -60 -61 -62 -63
leaf_value=-0.0013092000390345698 -0.018360567294635231 -0.015629233622225253 0.015943710269574252 0.028864982167553271 -0.0077480188843565357 0.01007084861404 0.003164929742707713 -0.0018586161245928248 -4.2922258159915842e-05 -0.01672005039631461 0.0040043253192363591 -0.0040137722791573965 -0.0099483251178613813 0.0072056429343423439 0.016529490154681598 0.014291456443760757 -0.012340454780389832 -0.011971461068517689 0.010720547082122106 0.014831026642242473 -0.0016897352745018975 0.0043402614093514006 0.020886710121336836 0.02019533900162563 0.011786672724037002 0.0015393777677664723 0.011649298856943166 -0.0030509667892970557 -0.0016275193691324937 0.0042107305779968476 -0.021331545462390418 -0.0039078969367198086 -0.0042174154668934089 0.0016636498008085862 -0.016984048126577524 0.012614111042865323 0.0056128681811769008 0.028267497097495976 0.0018234007340664257 -0.0093538553368365581 0.012287747091688093 0.003070535151290132 -0.0085124325036697694 0.02620304759526506 -0.018433165133552944 0.0035541742520590388 0.0033078121920612218 0.017136334325554718 0.00065371400479655238 -0.013212384213977567 -0.00019324256103831858 -0.0071865224512118724 0.021500641575076845 0.0048535787962696551 0.010800191834817936 0.0011083616052414104 -0.029354386100085374 -0.010764382178070414 -0.003045792079962814 -0.0081993201549025244 -0.0027498252686297352 0.0025661302906099721
leaf_weight=174166 517 692 944 702 516 1837 708 805 16440 1452 1895 572 943 515 537 517 954 575 2340 1310 13660 871 616 570 1228 3193 642 704 779 545 514 1530 4022 5540 920 1036 575 566 3426 1690 2370 4559 1910 503 737 40570 502 666 10541 753 684 1191 513 3968 991 518 502 633 3600 745 2187 5555
leaf_count=174166 517 692 944 702 516 1837 708 805 16440 1452 1895 572 943 515 537 517 954 575 2340 1310 13660 871 616 570 1228 3193 642 704 779 545 514 1530 4022 5540 920 1036 575 566 3426 1690 2370 4559 1910 503 737 40570 502 666 10541 753 684 1191 513 3968 991 518 502 633 3600 745 2187 5555
internal_value=4.78727e-05 -0.00110755 0.00640999 0.0145369 0.0075726 0.00157626 -0.00614732 0.00146657 -0.000880375 -0.00125041 -0.00546701 -0.00112581 -0.000662059 -0.0108196 0.00281394 -1.39613e-05 -0.00160955 -0.00291919 0.00784738 0.00181578 -0.000490255 0.0066466 0.0112418 0.0021557 0.00625904 0.00438591 0.00115454 -0.00104906 0.00581605 -0.00617551 -0.0108211 -0.00759398 0.00195712 -0.000810975 0.00223957 0.000955543 0.00308761 0.0169251 0.00202911 0.00123906 0.00270188 0.00622978 -0.00188078 0.0028355 0.00099429 0.00382874 0.0148398 0.00403593 -0.00133109 -0.000276212 -0.00968482 -0.00157721 -0.0038111 0.00206975 -0.00592661 0.0113099 -0.00434264 0.00238755 -0.00659774 -0.0167989 0.00306314 0.00491565
internal_weight=335762 191212 3562 2162 1460 144550 1400 142713 18487 187650 5380 182270 2838 2542 8104 5192 4675 1090 2912 124226 15952 2292 1487 108274 4991 4421 3721 3079 1316 1763 1218 2047 103283 9562 93721 29713 16132 1141 14991 13955 12265 6929 5336 64008 22433 41575 1005 9718 12715 11294 1421 13581 8422 5159 7391 1031 6471 1624 4847 1247 9052 6865
internal_count=335762 191212 3562 2162 1460 144550 1400 142713 18487 187650 5380 182270 2838 2542 8104 5192 4675 1090 2912 124226 15952 2292 1487 108274 4991 4421 3721 3079 1316 1763 1218 2047 103283 9562 93721 29713 16132 1141 14991 13955 12265 6929 5336 64008 22433 41575 1005 9718 12715 11294 1421 13581 8422 5159 7391 1031 6471 1624 4847 1247 9052 6865
cat_boundaries=0 1 2 3 4
cat_threshold=1024 17 9225 128
is_linear=0
shrinkage=0.03


Tree=140
num_leaves=63
num_cat=1
split_feature=13 34 5 24 5 2 5 24 5 5 27 32 28 16 32 19 27 4 27 23 20 21 24 23 32 23 26 26 26 27 7 21 29 16 23 29 23 24 8 7 0 27 27 24 7 24 1 26 26 26 23 26 26 24 4 24 1 26 17 23 1 24
split_gain=582.03 140.168 231.429 150.151 134.979 124.775 155.505 134.88 151.534 120.176 149.169 140.607 128.586 213.232 108.255 106.818 105.414 244.024 217.832 243.59 334.935 325.729 220.755 159.508 151.904 147.328 156.538 478.864 295.19 207.795 371.339 303.057 162.349 142.77 344.726 140.663 153.587 135.875 133.187 127.662 123.357 121.091 319.373 396.827 341.029 363.476 226.067 188.605 185.381 205.805 342.309 177.189 245.067 177.751 301.44 196.525 172.708 170.154 167.134 370.67 207.027 158.777
threshold=1.2350018859849314 0 -0.65854826619637363 -0.99992632385251334 0.9404831572293777 3.8123307373919828 -1.0604984746389847 -0.99963164097526602 -0.092955650996178682 0.6720439639416812 0.19946236559139788 1.3535716480550175 -1.0870973140288551 16.350000000000005 -0.52657545841337539 1.8147540035069032 0.0048387096774193559 2.9536249938323986 0.0069892473118279581 -0.97516411509186662 35.628780277794341 67.294359006819505 -0.69791844337451392 0.77332218843568057 -0.38286276254415202 0.71612580616132593 27.045128297805757 25.960273647308338 30.839116382598849 0.012365591397849464 6.0060049136124638 11.481596374456553 -0.3584786147457602 18.450000000000003 0.27947533894953841 0.11853411682973876 -0.94159970902280266 0.30410362911654193 -7.0019029809341689 29.22290853472877 2.7147035598754887 0.040322580645161303 0.044623655913978495 -0.8905837001257676 4.2160240145829038 -0.92628984363228806 1.9629372736191468 60.8990795135498 53.911176776885966 49.529514980316158 0.36075750887067765 62.651307106018059 63.098020839691159 -0.99815866078541837 2.4615332932612461 -0.99550911953113219 2.6172099741850503 67.399126815795896 73.950000000000017 -0.85283291294431784 2.3989920680588783 -0.33662488294938414
decision_type=2 9 2 2 2 2 2 2 2 2 2 2 2 2 2 2 2 2 2 2 2 2 2 2 2 2 2 2 2 2 10 2 2 2 2 2 2 2 10 8 2 2 2 2 10 2 2 2 2 2 2 2 2 2 2 2 2 2 2 2 2 2
left_child=4 2 -2 -3 -1 7 -7 8 -5 10 11 12 13 -9 -8 -16 17 33 19 -18 21 -21 -23 25 -22 26 27 -20 -28 30 -30 32 -32 38 37 -33 -37 -35 -14 41 -41 48 43 47 45 46 -44 -43 49 -31 58 -46 -53 54 -54 -55 -52 -57 -51 60 -60 -50
right_child=1 3 -4 5 -6 6 14 9 -10 -11 -12 -13 16 -15 15 -17 18 -19 23 20 24 22 -24 -25 -26 -27 28 -29 29 39 31 35 -34 34 -36 36 -38 -39 -40 40 -42 42 44 -45 51 -47 -48 -49 61 50 56 52 53 55 -56 57 -58 -59 59 -61 -62 -63
leaf_value=-0.0013063860403221771 -0.019423049630370573 0.013840862464308165 -0.00052269955471811839 0.0032441106525823195 0.0033320182500727897 0.018574359535582216 0.017036850988512594 0.021440174168263815 -0.016842961690654711 0.0037599018197555169 0.012674087833470477 0.015322038492426812 0.012704691865717193 -0.0042068299492159806 0.0094381179118428939 0.0014592913724423711 -0.0043846277037179133 -0.014308599092655364 -0.0052366443638693647 0.030226948984069746 0.011602746065356684 0.021413968417896855 0.00036683278230724561 0.016444074812797665 -0.0058651370491303451 -0.010255013007173453 -0.010766122540781181 0.033675601170269451 0.030700503500651226 -0.00068064075621335467 0.028884899443091371 -0.004545190404705678 0.006298247391454341 -0.0015876460947487855 0.020525026856433825 -0.0025537772531189565 0.018787108026769792 0.012410845339053712 -0.0022164803303221015 -0.010468719291642987 0.0033587408017668589 -0.007543593691894666 0.032422094579517897 0.02163937065573366 -0.0093501571414495374 -0.0068964033832051097 0.0070845735585062554 0.014645352413664745 -0.006126426653020353 -0.012601718859944034 0.031750426368180151 0.021247303596904302 0.028938170606876611 -0.013620885881747737 -0.0023814588699686136 -0.0051231612149823117 0.0082257740856910289 0.0020078288862114112 0.033424693859628027 -0.00082181965220390959 0.0062617255777007615 0.011191781443262168
leaf_weight=177719 599 903 16838 600 5827 676 519 687 765 17139 979 603 552 502 1875 7689 1389 1176 648 995 687 752 1101 577 1266 1088 1971 501 519 20410 562 2347 586 4098 921 610 597 731 16169 1770 860 978 766 1615 1675 557 544 526 6279 599 585 509 502 965 607 3972 545 12400 509 3127 502 511
leaf_count=177719 599 903 16838 600 5827 676 519 687 765 17139 979 603 552 502 1875 7689 1389 1176 648 995 687 752 1101 577 1266 1088 1971 501 519 20410 562 2347 586 4098 921 610 597 731 16169 1770 860 978 766 1615 1675 557 544 526 6279 599 585 509 502 965 607 3972 545 12400 509 3127 502 511
internal_value=-2.30047e-05 0.00135306 -0.00117668 0.00168201 -0.00115904 0.00159918 0.00469601 0.00132686 -0.00803386 0.00143273 0.00104878 0.000937619 0.000852124 0.0106396 0.00375682 0.00302764 0.00073656 -0.00101661 0.00127146 0.00666754 0.00986632 0.0164189 0.008943 0.000802684 0.000293417 0.000673953 0.000845388 0.0118027 0.000660758 0.00100005 0.00674245 0.00406819 0.0174328 -0.000317957 0.00375785 -0.000267216 0.0080357 0.00054205 -0.00172025 0.000510558 -0.0059494 0.000800556 0.00234867 0.0113371 0.00110027 0.0133606 0.0219672 0.00023945 -0.000398895 0.000743142 0.00569253 -1.22561e-05 0.000815156 0.000245745 0.0118619 -0.000500516 0.0204907 0.000276748 0.00214458 0.00429183 0.0200344 -0.00481582
internal_weight=335076 151530 17437 134093 183546 133190 10759 122431 1365 121066 103927 102948 102345 1189 10083 9564 101156 23647 77509 6190 4801 2848 1853 71319 1953 70742 69654 1149 68505 66534 5221 4702 1148 22471 5750 3554 1207 4829 16721 61313 2630 58683 25616 3119 22497 1867 1310 1504 33067 26277 5867 20630 18955 18446 1109 17337 1130 16372 4737 4138 1011 6790
internal_count=335076 151530 17437 134093 183546 133190 10759 122431 1365 121066 103927 102948 102345 1189 10083 9564 101156 23647 77509 6190 4801 2848 1853 71319 1953 70742 69654 1149 68505 66534 5221 4702 1148 22471 5750 3554 1207 4829 16721 61313 2630 58683 25616 3119 22497 1867 1310 1504 33067 26277 5867 20630 18955 18446 1109 17337 1130 16372 4737 4138 1011 6790
cat_boundaries=0 1
cat_threshold=1024
is_linear=0
shrinkage=0.03


Tree=141
num_leaves=63
num_cat=1
split_feature=1 34 5 5 24 24 13 25 21 24 24 5 31 31 24 19 24 24 23 23 17 23 23 23 5 1 7 20 23 24 17 23 24 5 16 17 24 16 2 23 17 23 25 2 3 32 31 28 26 25 26 24 23 26 23 24 25 25 19 26 26 0
split_gain=611.647 171.721 138.397 137.974 129.171 145.95 135.701 122.487 125.116 123.044 126.28 111.009 173.208 132.231 114.246 539.652 177.592 140.526 417.804 358.664 267.839 416.925 241.928 349.997 176.741 139.315 106.718 142.298 126.278 561.064 553.985 186.538 166.601 141.435 153.965 137.477 211.685 178.204 239.309 173.665 278.839 249.732 174.04 166.84 219.947 202.752 249.495 498.775 162.203 153.724 154.207 149.25 138.482 137.322 146.504 136.552 148.748 220.188 131.52 131.496 346.746 146.559
threshold=0.3075322622396276 0 -0.69314715415866157 1.8418761201944653 -0.99992632385251334 -0.99963164097526602 2.3872706273258015 2.7207239525092226 15.55318689357353 -0.99698079756684088 -0.47751829461125794 0.31993551133472392 3.5912393499179838 3.3744653594732203 -0.99815866078541837 2.5703227282623566 -0.99550911953113219 -0.96914236212857563 -0.18771856543719898 -0.13690605792347518 74.850000000000009 0.094275748646527283 0.14539831731376898 0.19613531578169985 -0.177708531193188 2.5866332409235482 2.4003503069123373 38.810513370996993 -0.45473838294431457 -0.86599350048911161 74.500000000000014 -0.43938332272944897 -0.74541039586774327 -0.84843873281483184 15.350000000000001 73.950000000000017 0.085727341951035305 19.175000000000004 2.6087726878290769 -0.93568234840038322 74.050000000000011 -0.99937381720471408 12.157105020029091 2.9041047090717043 1.6006417500390075 -0.93199151096385047 2.40512085787568 0.56671597700234055 45.863488197326625 8.0701159330505536 37.021810436248764 0.36077079921678362 -0.96699210069650898 39.158440303802472 -0.9880514961658321 -0.085727341951035402 12.411586490357598 8.2090836782328882 2.6439824120169395 76.230785751342765 85.776382827758738 2.1747826337814335
decision_type=2 9 2 2 2 2 2 2 2 2 2 2 2 2 2 2 2 2 2 2 2 2 2 2 2 2 10 2 2 2 2 2 2 2 2 2 2 2 2 2 2 2 2 2 2 2 2 2 2 2 2 2 2 2 2 2 2 2 2 2 2 2
left_child=-1 2 -2 4 -3 -6 11 -8 -9 -10 -11 12 14 -13 15 -7 -16 18 -18 24 21 -21 -23 -24 -20 -22 27 -19 29 30 -28 -30 59 -33 -35 36 37 55 -39 41 -41 -37 48 44 51 -46 -47 58 49 -43 -51 -42 -38 -52 -55 56 57 -34 -48 61 -61 -31
right_child=1 3 -4 -5 5 6 7 8 9 10 -12 13 -14 -15 16 -17 17 26 19 20 25 22 23 -25 -26 -27 28 -29 31 32 -32 33 35 34 -36 39 52 38 -40 40 43 42 -44 -45 45 46 47 -49 -50 50 53 -53 -54 54 -56 -57 -58 -59 -60 60 -62 -63
leaf_value=-0.0014530880015541359 -0.010466737186893768 0.013264509076952209 -0.00015813716247823077 0.0099467247257970758 -0.0074801773440582925 -0.01226444359048778 0.012396121073345576 0.0043456310016039574 -0.0098626207825804092 0.0029527346070016051 -0.0035164642335155458 0.0026332149072367749 0.017223949692702759 -0.010855152143479284 -0.011755440766430265 0.025317602332976585 0.022697942837761907 0.0052364731532746102 -0.026067786419515977 0.03238023523928895 0.0018231254074247709 -0.012792794879666386 0.027370431227493098 -0.0025657030222295172 -0.0026718260922701654 -0.015457664628627585 -0.00012039245454653509 -0.0042318140056209061 -0.020361516028612695 -0.0059205458170079979 0.043152804766537919 -0.0097181176818887747 -0.0074624429711529564 -0.0028986949842454263 0.005505315170428497 0.015356833621836886 0.018237809660464125 -0.003269138389123905 0.020006134045024999 0.024073039176300368 -0.0085449047946865898 -0.0081325406848653144 0.013435997633940312 -0.0086467315512015371 0.025672005882366906 0.0016175250773301664 0.017075392238025303 0.040035409819824723 -0.018217298303926321 0.015411291865611743 -0.011277490256610689 0.0050870888543800129 0.00033441918363196415 -0.0067890210586374683 0.010365629125270554 -0.022460611359761018 -0.01021632674887323 0.016328048793535558 -0.0020458217111489598 0.020791636836259429 -0.010697027026642741 -0.022844262627231611
leaf_weight=144280 1197 837 47143 1778 1613 614 1232 20643 910 11783 3524 34288 534 662 1138 770 946 5903 541 637 1478 527 635 778 624 581 530 1880 539 3217 530 2071 935 10063 2432 715 612 1695 514 604 1595 2736 522 968 508 3868 524 512 688 583 875 1314 1052 770 1058 525 2959 553 832 545 731 534
leaf_count=144280 1197 837 47143 1778 1613 614 1232 20643 910 11783 3524 34288 534 662 1138 770 946 5903 541 637 1478 527 635 778 624 581 530 1880 539 3217 530 2071 935 10063 2432 715 612 1695 514 604 1595 2736 522 968 508 3868 524 512 688 583 875 1314 1052 770 1058 525 2959 553 832 545 731 534
internal_value=2.26677e-05 0.00113219 -0.00041437 0.00165285 0.00154862 0.00147858 0.00158255 0.00310879 0.00279673 0.00082437 0.00146272 0.0010082 0.000286871 0.00237621 0.000148037 0.00866051 -3.56253e-05 0.000176188 0.00426661 0.00124395 0.00498513 0.0114216 0.00447422 0.0109366 -0.0136014 -0.00307873 -0.000312677 0.00294814 -0.000833957 0.000190237 0.0216172 -0.00311179 -0.000510881 -0.00246671 -0.00126141 0.000406875 -0.00267312 -0.00490722 0.00217961 0.00186621 0.00435587 -0.00149439 -0.00316986 0.00316788 0.00442141 0.00759374 0.0059717 0.0149593 -0.00447075 -0.00288642 0.00148734 -0.00238915 0.00695399 -0.00153878 0.00314085 -0.00805484 -0.00633083 0.00140412 0.00537879 -0.00552994 0.00278094 -0.00835704
internal_weight=336185 191905 48340 143565 141787 140950 139337 38092 36860 16217 15307 101245 66295 34950 65761 1384 64377 63239 6747 5801 4636 2577 1940 1413 1165 2059 56492 7783 48709 33604 1060 15105 32544 14566 12495 27517 8845 7181 2209 18672 10725 7947 7232 10121 9153 6244 5736 1868 6710 6022 3286 2909 1664 2703 1828 4972 4447 1488 1356 5027 1276 3751
internal_count=336185 191905 48340 143565 141787 140950 139337 38092 36860 16217 15307 101245 66295 34950 65761 1384 64377 63239 6747 5801 4636 2577 1940 1413 1165 2059 56492 7783 48709 33604 1060 15105 32544 14566 12495 27517 8845 7181 2209 18672 10725 7947 7232 10121 9153 6244 5736 1868 6710 6022 3286 2909 1664 2703 1828 4972 4447 1488 1356 5027 1276 3751
cat_boundaries=0 1
cat_threshold=9216
is_linear=0
shrinkage=0.03


Tree=142
num_leaves=63
num_cat=0
split_feature=1 5 18 9 16 26 26 32 1 5 32 28 29 15 27 26 18 27 20 17 3 27 27 25 27 25 26 27 26 25 26 0 25 7 26 26 26 26 26 0 7 25 9 26 3 25 32 25 5 25 8 25 21 32 1 25 25 32 5 33 28 28
split_gain=559.629 151.809 149.24 146.653 125.3 175.31 210.067 237.394 247.598 183.085 211.871 164.644 162.329 145.187 143.545 464.859 246.631 133.902 124.299 121.526 135.267 116.399 116.283 109.545 145.325 139.76 109.442 103.472 148.686 282.754 181.47 212.148 171.176 161.915 151.41 254.728 169.43 256.595 150.926 137.779 126.503 123.275 103.305 103.067 100.115 99.5734 164.17 120.723 267.211 438.159 137.542 130.002 105.781 126.17 96.5079 186.026 169.269 95.4014 113.676 92.649 102.57 89.7964
threshold=0.3075322622396276 1.2332470453008615 189.61365123276713 -0.33340617084281216 10.250000000000002 53.911176776885966 49.529514980316158 -0.30424230889258758 2.6309017163297415 0.3123351487687428 0.022219004642296532 0.37967475081415236 -0.64552351914540607 1.0000000180025095e-35 0.0048387096774193559 22.962179183959943 111.24841832574042 0.029569892473118285 32.092952914295417 73.15000000000002 1.1096203134440261 0.015591397849462367 0.0016259296101558431 16.851755244336946 0.023118279569892475 10.087419759602318 45.169664478301989 0.0016259296101558431 36.631837463378908 7.9703137812835569 39.687036037445047 1.3862671852111819 8.9992143949393633 6.8986546873862293 19.207348203659052 21.551015663146959 26.228908634185789 23.77537245750425 40.969394779205309 1.1631730794906618 3.543044917706196 4.7102916213493531 0.34125630733456169 58.653934192657431 1.2165093361607668 2.8995371117867452 0.89091856637722877 17.283627578984667 0.3510938263894901 20.10581316862616 25.095950578437385 14.623407672858368 70.699020468213646 0.54508049083099575 2.3025851108754396 17.579950761787035 20.10581316862616 -0.81917217190705593 0.094274796998868218 1.5000000000000002 1.1904402178438807 -0.24490948888164213
decision_type=2 2 2 8 2 2 2 2 2 2 2 2 2 2 2 2 2 2 2 2 2 2 2 2 2 2 2 2 2 2 2 2 2 10 2 2 2 2 2 2 10 2 10 2 2 2 2 2 2 2 10 2 2 2 2 2 2 2 2 2 2 2
left_child=23 2 4 -4 5 6 12 11 -9 10 54 -8 -2 14 18 16 -16 -10 19 -6 -21 -15 -22 24 25 -1 -23 -14 29 33 31 32 -30 34 -29 -36 37 39 -32 -37 -38 42 -35 -12 -20 46 52 50 49 -49 51 -47 -5 -54 -7 -56 -57 -33 -59 60 -17 -11
right_child=1 -3 3 45 13 9 7 8 17 61 43 -13 27 21 15 59 -18 -19 44 20 22 26 -24 -25 -26 -27 -28 28 30 -31 38 57 -34 41 35 36 40 -39 -40 -41 -42 -43 -44 -45 -46 47 -48 48 -50 -51 -52 -53 53 -55 55 56 -58 58 -60 -61 -62 -63
leaf_value=-0.0013774345370529848 -0.0082550460298039391 0.0050589589962489277 0.0022443509667304665 -0.0034155481516567488 -0.009345745891581634 -0.0060817599474971961 0.0088462962158225421 0.027123873263096322 0.018670344662381891 0.010743956457926066 -0.0054968828370079879 -0.010340937445452772 -0.0052190957412570375 0.019571959779707281 0.009413346011039863 0.00097852817888575646 0.035056455435861555 -0.00064250318367212579 -0.0012105642807500156 -0.0019722410726517436 0.016046386184566719 -0.0059818497346927095 0.0025545112494538822 0.0077117958112685667 -0.0080977413404755595 0.010114999480409077 0.0079740431323713674 -0.0047756839695212759 -0.0097133619913571997 0.019316116048330327 0.012486048322293756 -0.024392666666562944 0.012779538564072856 -0.0002452375037097526 0.019976847386600511 0.012662291535547465 0.016481455432825171 -0.019563772321348285 -0.00015560468330130499 -0.0061124518171307585 0.0026603155335092363 -0.0055074354771758975 0.01598453714351843 0.010130087197068181 -0.0097075278401852639 -0.0023526093523148798 0.016858947297784341 0.027884723823461455 -0.013403552251433812 -0.0045498762393712576 0.012345348850349991 -0.015960900220890029 0.0052634586832865796 -0.0085952219008261048 -0.00075564397324445667 -0.030205522479326313 -0.0077727159819355922 -0.01775525821605697 -0.00097601388279233139 0.0025945207383329212 -0.0059494272212648547 -0.0021026452845259707
leaf_weight=138895 1895 8394 15009 3554 729 2407 773 818 501 927 696 829 2316 623 888 12620 545 893 3030 1938 1061 610 1253 1183 2883 954 2866 1092 548 959 955 507 673 1172 1148 793 1174 556 7414 625 1210 3008 500 825 2119 31337 588 742 512 750 557 640 4290 681 558 780 500 713 737 54335 2264 1029
leaf_count=138895 1895 8394 15009 3554 729 2407 773 818 501 927 696 829 2316 623 888 12620 545 893 3030 1938 1061 610 1253 1183 2883 954 2866 1092 548 959 955 507 673 1172 1148 793 1174 556 7414 625 1210 3008 500 825 2119 31337 588 742 512 750 557 640 4290 681 558 780 500 713 737 54335 2264 1029
internal_value=5.26446e-05 0.00111508 0.000934121 -0.000313283 0.00152226 0.00012714 0.00111158 0.00771177 0.01407 -0.00392614 -0.00661524 -0.00108396 0.000211166 0.00217195 0.00189217 0.002371 0.0192539 0.0063404 -0.00144703 0.00193084 0.00387291 0.00767686 0.00876198 -0.00136083 -0.00143629 -0.00129868 0.00551986 0.000827322 0.00141707 0.00372056 -0.00102461 -0.00712174 0.002686 0.00238645 0.00541219 0.00743524 0.00411238 -0.00238586 0.00129355 0.0043947 0.00948678 -0.00188055 0.00464135 0.0029847 -0.0047134 -0.00119286 0.00159593 -0.00192882 0.00520911 0.0116197 -0.00236922 -0.00262742 0.000533915 0.00335817 -0.0100544 -0.0152263 -0.021507 -0.0132322 -0.00925943 0.00202012 -7.69247e-05 0.00399757
internal_weight=335381 191466 183072 58660 124412 39531 31809 3814 2212 7722 5766 1602 27995 84881 80782 70652 1433 1394 10130 4981 4252 4099 2314 143915 142732 139849 3476 26100 23784 12237 11547 3178 1221 11278 6598 5506 4358 1974 8369 1418 2384 4680 1672 1521 5149 43651 9113 34538 2004 1492 32534 31977 8525 4971 4245 1838 1280 1957 1450 69219 14884 1956
internal_count=335381 191466 183072 58660 124412 39531 31809 3814 2212 7722 5766 1602 27995 84881 80782 70652 1433 1394 10130 4981 4252 4099 2314 143915 142732 139849 3476 26100 23784 12237 11547 3178 1221 11278 6598 5506 4358 1974 8369 1418 2384 4680 1672 1521 5149 43651 9113 34538 2004 1492 32534 31977 8525 4971 4245 1838 1280 1957 1450 69219 14884 1956
is_linear=0
shrinkage=0.03


Tree=143
num_leaves=63
num_cat=2
split_feature=13 34 5 34 5 5 23 2 23 23 23 27 16 31 23 29 16 5 28 32 5 13 23 23 23 9 5 5 20 27 23 23 23 27 29 17 23 29 29 5 4 2 2 16 13 31 23 15 5 29 23 16 5 14 4 29 16 2 4 7 23 16
split_gain=520.426 134.79 207.545 173.352 120.423 112.441 100.331 233.435 1167.99 179.995 610.067 266.113 249.751 301.595 247.508 245.991 206.072 111.652 183.906 110.838 94.5077 85.5155 126.872 242.824 149.956 105.03 96.2835 94.9364 88.7691 239.716 93.2827 213.068 189.588 97.1529 88.1662 134.389 127.069 126.766 222.116 242.396 119.221 171.763 99.6941 97.4008 91.2171 113.934 91.0591 85.161 81.1762 131.17 121.05 289.725 99.3786 83.3667 114.679 115.531 99.7166 83.5939 80.5128 79.3285 78.5292 90.2151
threshold=1.1339696474660117 0 -0.69314715415866157 1 -2.4534710099539589 0.9404831572293777 0.60019216940316622 0.076980074306419177 0.66655057241353266 0.97516411509186673 0.98218667281832983 0.0016259296101558431 15.350000000000001 0.84809119987913872 0.77332218843568057 -0.48845015280791187 8.7000000000000011 -0.35529790750226259 -0.40613041480832196 -0.96248929360294921 0.58076802374360426 2.3872706273258015 0.36075750887067765 0.62729398729515495 0.0085831648773537477 1.1814438718584481 -0.42814322186796866 0.114809578476412 48.221046422240448 0.041397849462365598 -0.99937381720471408 -0.99466323211226826 -0.99054754357789199 0.019892473118279574 -0.58277759304892995 73.65000000000002 -0.97516411509186662 0.1836773534595661 0.72332310940532041 -0.46391046283204279 1.8437932142440514 1.6205873880298414 1.4483000664322234 16.900000000000002 1.6216729057191863 2.283765295452937 -0.38466509970700108 0.11290322580645162 -0.07695265927314851 -0.32480715268387866 -0.29591579977684229 13.800000000000002 -0.675521741445262 0.080645161290322592 2.6053409192833752 0.09525087604983648 15.750000000000002 2.5215655354268507 3.7942461710304394 2.6677144347273214 -0.9998158143810113 18.000000000000004
decision_type=2 9 2 9 2 2 2 2 2 2 2 2 2 2 2 2 2 2 2 2 2 2 2 2 2 8 2 2 2 2 2 2 2 2 2 2 2 2 2 2 2 2 2 2 2 2 2 2 2 2 2 2 2 2 2 2 2 2 2 10 2 2
left_child=5 2 3 -2 -3 6 -1 -8 -9 12 -11 -12 16 14 -14 -13 -10 18 -18 -17 21 25 24 26 48 28 -24 -26 30 -30 -6 33 -33 -32 35 -34 -36 40 39 42 59 -42 -39 -41 -37 -46 -44 60 49 50 51 -23 -53 54 57 -56 -57 -51 -22 -38 -4 -62
right_child=1 4 47 -5 20 -7 7 8 9 10 11 15 13 -15 -16 19 17 -19 -20 -21 58 22 23 -25 27 -27 -28 -29 29 -31 31 32 34 -35 36 44 37 38 -40 43 41 -43 46 -45 45 -47 -48 -49 -50 53 -52 52 -54 -55 55 56 -58 -59 -60 -61 61 -63
leaf_value=-0.0020914895060924277 -0.020259946435388417 0.014011108393842732 0.011119083303700044 -0.0028967640761005786 0.010764351954126183 0.0031621538326324764 -0.0013191458617077961 0.038530519692102701 0.010454624109215537 0.031328371075316476 -0.0058313232747289803 -0.0044737130993376343 0.030576435084444981 -0.0064600570120842207 0.0062430151696171773 0.024371615015371571 -0.0030332224594151721 -0.003370784216114957 -0.024113111864822609 0.0075703957293466401 0.0040259165369920151 -0.0044605068505638732 0.025213973298999999 -0.00089522526805224114 -0.0069059217938040917 0.0088832044012962224 0.010489570367742835 0.006095806742090577 -0.0014385437261813013 0.022662423619071927 -0.0054867379939506234 0.015123119396501279 0.019211673190159831 -0.021804724538068782 -0.011452817453900688 -0.0060540363317106534 0.0092961782326483489 0.0016357339506744052 -0.00097472965753316293 0.0048952348492944655 -0.016855978708999422 -0.0027328195243772322 0.020648904754380106 -0.0055567988989035878 0.015508587990486381 -0.0012467821526078093 0.0069433205420680807 0.011836106487920982 0.00089004208643808343 0.0010172983410381268 0.023037493161162194 0.027861058374130446 0.0089615184973768584 0.010939800046529027 -0.012205217038377828 0.011017795849660018 -0.0050766202242981682 0.012624141509667825 0.015767615021988986 -0.00010060598479028692 0.0002219661268751952 0.0027671214770997278
leaf_weight=73775 541 763 657 7755 738 5337 79158 769 849 705 2266 806 569 961 1102 729 841 6725 666 694 10545 944 670 1285 2253 1398 1013 647 1004 584 936 774 505 505 886 788 932 517 9110 2355 849 8422 1409 1211 680 781 641 633 6167 1326 584 511 500 946 863 593 819 961 549 5898 61346 15748
leaf_count=73775 541 763 657 7755 738 5337 79158 769 849 705 2266 806 569 961 1102 729 841 6725 666 694 10545 944 670 1285 2253 1398 1013 647 1004 584 936 774 505 505 886 788 932 517 9110 2355 849 8422 1409 1211 680 781 641 633 6167 1326 584 511 500 946 863 593 819 961 549 5898 61346 15748
internal_value=1.23967e-06 0.00124207 0.000442335 -0.00406847 0.00219301 -0.00112387 -0.00125802 -0.000622996 0.00249299 0.00084353 0.00548559 0.00140208 -0.00121878 0.00690993 0.0145954 0.00875214 -0.00357728 -0.00502991 -0.0123982 0.0162328 0.00206728 0.00160384 0.00320701 0.00892801 0.00221253 0.000816831 0.0164087 -0.00399969 0.000530435 0.0074681 0.000239087 2.88548e-05 0.000485332 -0.011261 0.000159365 0.00530646 -0.0002812 3.63642e-05 0.00199684 0.00640803 -0.00181968 -0.00403455 0.013428 0.00134295 0.00214843 0.00657804 0.0163907 0.000920034 0.00348093 0.00546473 0.0110998 0.00748411 0.0186042 0.00285944 0.00117371 -0.0035915 0.00169761 0.00591141 0.00461381 0.00118751 0.000830407 0.000742011
internal_weight=335494 159542 86680 8296 72862 175952 170615 96840 17682 16913 5200 4495 11713 2632 1671 2229 9081 8232 1507 1423 72099 61005 20082 2968 17114 40923 1683 2900 39525 1588 37937 37199 35758 1441 34984 2754 32230 31344 15243 6133 16101 9271 2567 3566 2249 1461 2050 78384 14214 8047 2539 1955 1011 5508 4562 2275 1412 2287 11094 6830 77751 77094
internal_count=335494 159542 86680 8296 72862 175952 170615 96840 17682 16913 5200 4495 11713 2632 1671 2229 9081 8232 1507 1423 72099 61005 20082 2968 17114 40923 1683 2900 39525 1588 37937 37199 35758 1441 34984 2754 32230 31344 15243 6133 16101 9271 2567 3566 2249 1461 2050 78384 14214 8047 2539 1955 1011 5508 4562 2275 1412 2287 11094 6830 77751 77094
cat_boundaries=0 1 2
cat_threshold=9257 1024
is_linear=0
shrinkage=0.03


Tree=144
num_leaves=63
num_cat=1
split_feature=13 5 24 24 27 7 27 26 23 18 26 5 32 23 32 23 23 16 24 2 16 1 26 0 34 31 24 31 5 26 1 20 27 25 27 29 23 24 4 0 9 5 32 31 1 18 24 21 28 16 23 24 19 23 16 24 31 29 27 5 2 23
split_gain=504.545 120.976 106.847 133.547 116.6 168.709 163.361 219.789 369.696 178.528 171.699 165.74 152.783 151.515 550.511 161.331 160.565 135.261 130.863 128.494 179.366 128.151 125.493 117.293 106.009 105.296 105.555 141.902 126.881 101.445 93.1249 143.187 97.8102 155.809 144.338 116.673 92.0974 254.832 90.3947 89.9374 89.3045 126.948 155.821 99.1369 127.423 93.2229 159.449 145.042 111.208 184.507 197.699 197.481 190.696 158.825 157.983 139.527 156.994 130.364 128.42 124.8 122.678 111.553
threshold=1.2753752541152867 0.3357154386806816 -0.99992632385251334 -0.99963164097526602 0.14032258064516132 8.6396084474512325 0.12741935483870973 102.15504150390618 -0.13690605792347518 111.24841832574042 97.085345458984378 0.22416290246936596 -1.1520859088747482 -0.13690605792347518 -0.52657545841337539 -0.051478754770346226 -0.21293867525431634 18.000000000000004 -0.99698079756684088 3.8932853743240874 19.175000000000004 3.2315234272574549 129.36092796325684 2.6319015026092534 0 3.108108539302378 -0.99815866078541837 1.2242137077970507 -0.25473383567898306 109.89785137176511 0.076971383817173611 41.264788150328762 0.013440860215053765 6.2189460023837073 0.0080645161290322596 0.32602983347956432 -0.19613531578169993 -0.96477059369951401 2.4463448685335822 2.6101309061050419 -2.029185489412614 -1.1262066311788168 0.35201713721896316 2.5198552561683587 1.5044674378536604 637.19260424194351 -0.99815866078541837 16.481004488134428 0.56671597700234055 11.800000000000002 -0.9821866728183295 0.085727341951035305 2.8505341756166178 -0.86167001593038528 11.150000000000002 0.32041146939831461 1.4351252270197705 0.32950680282183115 0.012365591397849464 0.17853669422788412 3.0793821508762971 -0.45473838294431457
decision_type=2 2 2 2 2 8 2 2 2 2 2 2 2 2 2 2 2 2 2 2 2 2 2 2 9 2 2 2 2 2 2 2 2 2 2 2 2 2 2 2 8 2 2 2 2 2 2 2 2 2 2 2 2 2 2 2 2 2 2 2 2 2
left_child=1 25 39 -4 6 -6 7 10 -9 11 24 17 -7 16 15 -15 19 21 -16 -14 22 -8 -21 -12 36 26 28 30 -1 -18 32 -32 33 -28 -35 -34 37 -5 -39 -2 -26 42 -42 -44 -45 46 47 -43 49 54 51 58 -53 55 -48 56 -52 -50 -51 -56 -58 -59
right_child=2 -3 3 4 5 12 9 8 -10 -11 23 -13 13 14 18 -17 29 -19 -20 20 -22 -23 -24 -25 40 -27 27 -29 -30 -31 31 -33 35 34 -36 -37 -38 38 -40 -41 41 45 43 44 -46 -47 48 -49 57 50 53 52 -54 -55 59 -57 60 61 -60 -61 -62 -63
leaf_value=0.018764559641942149 0.019958522352513983 0.0010522535363781656 -0.0069286842058126413 0.023590019350073165 0.021197953961662939 -0.0088770364752433582 0.0020712065162823952 0.00068024708410020036 0.032081308838234637 0.0087484042876217662 -0.019463829136085371 0.0033681992155564305 -0.0024279908999893076 0.037576801093362887 0.009580998134407671 0.014857052646464086 0.0014124778576844956 -0.026789341852210553 -0.0081019397803207341 -0.0037355511851303075 0.020644594952612581 -0.019188810463756846 0.0088887961711055542 -0.0010835065043434818 0.0081786469364274108 0.012159387797600769 -0.0014792213997321074 -0.0039989418574528654 -0.0020227014393210509 -0.017041154179288805 0.0010608857445898014 -0.0062989760958100461 -0.011131867466154091 0.02067803278441117 0.00055788926189512852 0.0039905419858062971 0.00053886325520530469 0.001931920679645273 0.0066890089801482774 0.002013644085398216 -0.0062309907016053203 -0.020236005422145386 -0.0061231047205593699 0.018813825963113436 -0.00087653925781964548 -0.0010860288170552721 0.0014809110619693729 0.00068736791726002849 -0.0048721545312683896 -0.0051384984792499228 0.012803233194782203 0.032346964148369697 0.0088467750398751981 0.0048022292567145913 -0.009809423718155642 0.0093602048934591769 -0.0072185460393078219 0.0026480880310042606 0.010248261134759311 0.0021469445344335114 0.0045036901308082829 -0.0027658019325624114
leaf_weight=510 502 22194 1771 590 506 817 513 859 551 572 597 601 1769 573 624 569 501 567 934 1136 732 501 1869 651 1457 516 113276 17065 541 570 26674 2607 1853 542 777 607 9011 10338 5512 501 4665 575 555 601 577 16280 30811 613 4462 702 511 607 642 14736 2109 990 3640 10798 1579 1248 1027 5011
leaf_count=510 502 22194 1771 590 506 817 513 859 551 572 597 601 1769 573 624 569 501 567 934 1136 732 501 1869 651 1457 516 113276 17065 541 570 26674 2607 1853 542 777 607 9011 10338 5512 501 4665 575 555 601 577 16280 30811 613 4462 702 511 607 642 14736 2109 990 3640 10798 1579 1248 1027 5011
internal_value=8.89904e-06 -0.00102699 0.00131507 0.00124847 0.00134813 0.00437723 0.00111024 0.00126086 0.0130212 -0.00611497 0.00113368 -0.0100224 0.00352395 0.00462026 0.0105974 0.0263708 0.00216032 -0.0151073 -0.00101169 0.00422848 0.00737852 -0.00847562 0.00411805 -0.0099186 0.00124045 -0.00130675 -0.00134937 -0.00141043 0.00810545 -0.00844233 -0.00110844 0.000404645 -0.00148694 -0.00135969 0.00887247 -0.00739992 0.00297572 0.00431263 0.00358783 0.0110495 0.00081611 0.000711384 -0.00337914 0.00429349 0.00920628 0.000983197 0.001404 -0.00948205 0.00156856 0.00223105 0.00422138 0.0107837 0.020351 0.0031109 0.000807326 -0.000930491 -0.00290514 -0.000346709 0.00551195 -0.00536794 -0.00463694 0.000931708
internal_weight=335595 187162 148433 147430 145659 10600 135059 132305 1410 2754 130895 2182 10094 9277 2700 1142 6577 1581 1558 5506 3737 1014 3005 1248 129647 164968 164452 163401 1051 1071 146336 29281 117055 114595 1319 2460 25451 16440 15850 1003 104196 102739 6398 1733 1178 96341 80061 1188 78873 58602 24434 3530 1249 20904 34168 6168 5178 20271 2281 3357 4667 15809
internal_count=335595 187162 148433 147430 145659 10600 135059 132305 1410 2754 130895 2182 10094 9277 2700 1142 6577 1581 1558 5506 3737 1014 3005 1248 129647 164968 164452 163401 1051 1071 146336 29281 117055 114595 1319 2460 25451 16440 15850 1003 104196 102739 6398 1733 1178 96341 80061 1188 78873 58602 24434 3530 1249 20904 34168 6168 5178 20271 2281 3357 4667 15809
cat_boundaries=0 1
cat_threshold=18
is_linear=0
shrinkage=0.03


Tree=145
num_leaves=63
num_cat=0
split_feature=13 24 19 24 26 5 7 9 27 7 26 26 24 24 2 25 26 27 23 19 24 24 24 26 19 23 23 5 5 27 23 23 4 27 27 25 24 26 13 20 26 26 23 23 23 25 2 27 27 2 25 5 19 24 24 26 27 23 23 20 23 23
split_gain=485.7 110.47 219.535 148.716 113.706 138.068 191.145 155.951 146.484 246.251 243.38 211.314 174.958 267.335 266.9 186.296 336.084 229.357 213.052 167.545 266.086 213.687 451.17 255.861 326.276 227.952 786.263 373.171 283.548 205.338 170.695 169.224 163.965 279.341 172.767 223.291 156.186 225.142 247.71 203.934 201.181 150.544 338.139 336.134 270.119 534.038 210.833 204.493 325.886 432.641 256.456 245.124 146.299 231.852 221.284 144.901 215.751 166.208 648.213 239.845 309.404 241.333
threshold=1.1339696474660117 -0.99992632385251334 2.8505341756166178 -0.99963164097526602 129.36092796325684 0.3123351487687428 29.22290853472877 -0.29657511426907529 0.0048387096774193559 3.2490262836836163 32.196233224868763 21.708560276031488 0.32041146939831461 0.25466173847491447 2.4814833862274157 7.9703137812835569 36.631837463378908 0.0069892473118279581 -0.9092740615363033 3.580189827618049 -0.99815866078541837 -0.8905837001257676 -0.87444874304365161 102.15504150390618 2.8505341756166178 -0.26295251545706949 -0.18771856543719898 -0.072103696059390501 -0.80615868515460454 0.034946236559139789 -0.085730500155694681 0.39255950267913386 3.0503022783004492 0.13602150537634414 0.10591397849462367 25.50277887939686 0.10281720934011641 39.158440303802472 3.1028613784463128 37.843074243723116 35.905358886718723 43.698898220062176 -0.58637393129089832 -0.87025318080773884 0.52941438753421288 11.418027806270027 2.1040902358113862 0.027419354838709682 0.019892473118279574 2.4313508049437913 11.269347608742377 -0.71152247707070415 4.3100708759369413 0.93262014971044704 0.89058370012576782 68.551896095275879 0.076881720430107534 -0.18771856543719898 -0.26295251545706949 35.628780277794341 -0.99628166032228227 -0.82482438823869786
decision_type=2 2 2 2 2 2 10 10 2 8 2 2 2 2 2 2 2 2 2 2 2 2 2 2 2 2 2 2 2 2 2 2 2 2 2 2 2 2 2 2 2 2 2 2 2 2 2 2 2 2 2 2 2 2 2 2 2 2 2 2 2 2
left_child=-1 2 -2 -3 5 6 8 -7 10 -10 11 52 13 19 -15 17 -17 -14 -18 21 -21 23 -23 25 30 28 27 -27 -11 -28 -25 -31 33 34 35 55 37 38 39 -24 -38 42 43 46 47 -46 -39 48 49 -43 -49 -50 54 -54 -5 57 -57 58 59 60 -22 -62
right_child=1 3 -4 4 -6 7 -8 -9 9 12 -12 -13 15 14 -16 16 18 -19 -20 20 32 22 36 24 -26 26 29 -29 -30 31 -32 -33 -34 -35 -36 -37 40 41 -40 -41 -42 44 -44 -45 45 -47 -48 50 51 -51 -52 -53 53 -55 -56 56 -58 -59 -60 -61 61 -63
leaf_value=-0.0010615022427493594 0.024824154988522282 -0.0071808891872233542 -0.0022162415873993174 0.0036437291514507834 0.0060078871396930921 0.0049509010154750602 -0.0063816762461484022 0.0011675391629164921 0.007812287487432735 -0.032448640746119264 0.017971401743683325 -0.0059011714580733243 0.012425061389527961 -0.025656583170606942 0.0028537433881221617 0.030633133319185747 0.015544766570608094 -0.0056840405185860183 -0.0067910741334742189 0.018702252905079399 -0.0088929728181120302 0.021461449235372441 -0.00973732092696835 0.020360159050150022 -0.0058899935248109417 0.039679215687414948 0.0013844351768699469 0.0035472869476752588 -0.0079548515021334535 -0.010246543781101276 0.0024744719631191146 0.0051659068260495817 -0.0033842577993846976 0.021851636017799474 -0.0087074318621126658 0.019476642185864115 0.021852977735201444 -0.0069502577789758149 0.01389560340002912 0.0073828011592429656 0.0016442209065943593 0.026310821934213677 -0.01127061561346636 0.031431030503495341 -0.003142787925641973 0.032747946032866314 0.015459760531200363 0.021775240613994995 -0.026756866681079895 -0.010455719085761952 0.00025438006879456582 -0.0067873492069296442 -0.0067241680151560968 0.014495467800213982 -0.0062193865520623224 -0.011820981745302592 0.0072575603273879576 -0.0010033715839043852 0.037060424308263305 0.00025161704991390963 0.018679597806319087 0.004016583727741968
leaf_weight=175930 515 1897 561 10692 4405 15714 3447 26077 5073 505 579 7348 1006 682 517 667 822 1663 714 900 733 964 4408 1079 1584 525 2710 502 2602 5594 865 721 4058 693 1153 727 681 661 544 726 1256 539 635 655 860 653 870 522 747 608 9170 2114 4206 516 2527 1394 858 5109 552 6713 2291 1810
leaf_count=175930 515 1897 561 10692 4405 15714 3447 26077 5073 505 579 7348 1006 682 517 667 822 1663 714 900 733 964 4408 1079 1584 525 2710 502 2602 5594 865 721 4058 693 1153 727 681 661 544 726 1256 539 635 655 860 653 870 522 747 608 9170 2114 4206 516 2527 1394 858 5109 552 6713 2291 1810
internal_value=2.61938e-05 0.00122279 0.0107809 0.0011577 0.00125872 0.00112138 0.000566898 0.00259056 0.000790401 0.00141511 -0.00117612 -0.00161798 0.000989635 0.000614539 -0.0134023 0.00648738 0.012934 0.00115212 0.00517374 0.000854571 0.00270945 -0.000301847 0.00136691 -0.00296285 0.00420719 -0.00488604 -0.00268795 0.0221206 -0.0119817 -0.00552173 0.0124285 -0.00848417 0.00215431 0.00317493 0.00256344 0.00320918 0.000607633 -6.22456e-05 -0.00526927 -0.00731153 0.00878708 0.00157819 0.00793691 0.0135294 0.000396852 0.0124042 0.00579324 -0.000933261 -0.00662841 0.00686088 0.0014241 -0.0120389 0.000137421 -0.0043925 0.00175662 0.00259661 -0.00455218 0.00353321 0.00544848 0.0039219 0.00901332 0.0122208
internal_weight=335849 159919 1076 158843 156946 152541 110750 41791 107303 81435 25868 25289 76362 71490 1199 4872 2203 2669 1536 70291 26991 43300 26613 16687 3528 13159 10052 1027 3107 9025 1944 6315 26091 22033 21340 20187 25649 23712 5678 5134 1937 18034 2821 2186 15213 1513 1531 13700 4008 1147 9692 2861 17941 4722 13219 19460 2252 17208 12099 11547 4834 4101
internal_count=335849 159919 1076 158843 156946 152541 110750 41791 107303 81435 25868 25289 76362 71490 1199 4872 2203 2669 1536 70291 26991 43300 26613 16687 3528 13159 10052 1027 3107 9025 1944 6315 26091 22033 21340 20187 25649 23712 5678 5134 1937 18034 2821 2186 15213 1513 1531 13700 4008 1147 9692 2861 17941 4722 13219 19460 2252 17208 12099 11547 4834 4101
is_linear=0
shrinkage=0.03


Tree=146
num_leaves=63
num_cat=0
split_feature=13 10 5 10 5 9 31 13 19 27 32 7 19 26 26 26 21 26 27 20 32 33 29 29 26 26 7 27 2 16 26 28 31 16 2 29 31 32 20 2 3 29 16 1 29 26 16 31 16 2 27 31 2 27 29 28 29 1 16 27 20 32
split_gain=392.958 111.012 104.715 110.228 98.3468 185.281 157.747 233.575 162.818 140.922 176.143 147.952 242.216 215.604 378.319 202.163 348.913 365.598 179.406 146.607 133.826 258.151 340.459 354.014 209.385 505.639 197.982 276.563 232.399 221.042 213.047 200.658 252.795 183.757 233.622 180.732 176.954 174.085 151.457 129.81 132.39 129.013 133.319 176.395 140.372 189.293 157.682 293.405 781.059 146.538 129.117 126.459 150.346 130.581 182.403 136.203 127.899 149.332 126.605 207.535 146.176 125.67
threshold=1.1339696474660117 14.500000000000002 -2.4534710099539589 21.500000000000004 0.3123351487687428 -0.29657511426907529 3.5912393499179838 2.6266555606128343 3.278570080070065 0.19838709677419356 -0.63521067848060098 2.6677144347273214 5.9059427821715182 29.644232988357526 35.325651454925513 19.7183639526367 13.310367659907348 15.446070361137386 0.044623655913978495 28.705107879578925 1.0000000180025095e-35 3.5000000000000004 1.3551758041661104 -0.53134797226403363 31.74580688476561 34.262863445281965 9.6224577497100672 0.11774193548387098 2.9855211657054217 18.550000000000004 107.45522708892823 0.83849678833300834 1.9881144601890923 18.550000000000004 3.1772518474855422 0.16603166702446479 3.3744653594732203 -0.52657545841337539 38.810513370996993 3.9823064597849571 3.5786459231708947 2.1142041144276411 10.250000000000002 2.8742003996605909 -0.58277759304892995 38.860752201080295 15.350000000000001 1.476873986941406 11.800000000000002 2.495085979885677 0.020967741935483876 1.8479875895215752 2.064989111574286 0.041397849462365598 -0.37005814991981728 -0.39638985882077155 0.0059506099707354885 2.645139780592344 10.650000000000002 0.034946236559139789 37.232655154541476 -0.41011318957685344
decision_type=2 8 2 10 2 10 2 2 2 2 2 10 2 2 2 2 2 2 2 2 2 2 2 2 2 2 10 2 2 2 2 2 2 2 2 2 2 2 2 2 2 2 2 2 2 2 2 2 2 2 2 2 2 2 2 2 2 2 2 2 2 2
left_child=-1 -2 -3 -4 6 -6 9 8 -8 11 -11 12 13 15 -15 16 -5 -18 -16 -20 24 36 23 33 -13 35 27 29 -29 31 41 38 -33 34 -23 -26 -22 -31 -27 40 -38 42 43 -28 50 -46 47 48 -47 -48 -44 52 -49 58 -55 -56 -57 -58 -53 60 -60 -32
right_child=1 2 3 4 5 -7 7 -9 -10 10 -12 20 -14 14 18 -17 17 -19 19 -21 21 22 -24 -25 25 26 30 28 -30 37 61 32 -34 -35 -36 -37 39 -39 -40 -41 -42 -43 44 -45 45 46 49 51 -50 -51 -52 53 -54 54 55 56 57 -59 59 -61 -62 -63
leaf_value=-0.0010019889107051722 -0.012304195547776838 0.011426875036048509 0.012020831600278479 -0.012016203744736101 0.0046827856983430961 0.0006491680514626913 0.0075164727181178566 -2.5175324945875239e-05 0.030224022119360917 0.01862511150835729 0.0026541812302791202 -0.0040619094688901904 -0.0069321108231934162 0.036040648272221504 -0.0077885385172606139 -0.0037087981120547198 0.0051167848409178962 0.032367615904212929 0.025398608949246136 0.0026114595501155356 0.00063766277447481847 0.00091908932495223634 0.022873947198630291 0.00080467762067695184 0.0094792722007956132 -0.00034868410323678678 -0.0025109423865299356 0.029917809260006131 0.0040925326835853553 0.0026362282934723571 -0.016057402457211455 0.0026435549379514203 0.030753318582856917 0.028542384783549306 0.02314225669876575 0.030926472683540453 -0.0043528780425686146 -0.014854448980099084 0.012208651339592919 0.00080467762067695184 -0.017068250911330702 -0.0083984546555098613 0.021904588976645795 -0.018826546200635362 -0.012358653015887582 -0.010083604669933964 -0.0075753656745774249 0.0027069470314662666 0.035991415536109343 0.00071539278579685502 0.0031094231610548132 0.008497593436371324 -0.014952387735220819 -0.0070058035531455386 0.022668942533391735 -0.0037461972902328509 0.017980836056739457 0.0034097749743217105 0.0079942019563337911 -0.018590068012674047 -0.010069503240923176 -0.0011041256359924929
leaf_weight=176110 553 874 814 562 16670 26601 628 1511 521 792 2833 15222 1488 537 503 2218 1258 681 506 508 18942 1169 861 9568 1115 5927 8614 580 680 882 1418 662 506 567 665 518 1869 1212 1007 1108 1217 2047 501 636 1050 579 3119 864 763 4971 946 786 864 809 531 843 1109 1473 973 732 681 786
leaf_count=176110 553 874 814 562 16670 26601 628 1511 521 792 2833 15222 1488 537 503 2218 1258 681 506 508 18942 1169 861 9568 1115 5927 8614 580 680 882 1418 662 506 567 665 518 1869 1212 1007 1108 1217 2047 501 636 1050 579 3119 864 763 4971 946 786 864 809 531 843 1109 1473 973 732 681 786
internal_value=-2.51815e-05 0.00105382 0.0011007 0.00104322 0.000985993 0.00220347 0.000523468 0.00773643 0.0178993 0.000350677 0.0061644 0.000154598 0.00401101 0.00641851 0.0145196 0.00288079 0.00872047 0.0147462 0.00680801 0.0140514 -0.000166179 0.00129548 0.00470764 0.00339183 -0.000995319 -2.62191e-05 -0.000602603 0.00282093 0.0160516 0.00117885 -0.00172039 0.00342481 0.0149004 0.0136785 0.00901812 0.0163561 -0.00059733 -0.00749858 0.00148246 -0.00616923 -0.00938683 -0.0011145 -0.000629805 -0.00364232 0.000661177 1.19088e-05 0.00069513 0.0030316 0.0161489 -0.00248371 0.00966996 0.00120284 -0.00614039 0.00280442 0.00594158 0.00859482 0.00638295 0.00969088 -0.00191018 -0.00534932 0.000548915 -0.0107393
internal_weight=335540 159430 158877 158003 157189 43271 113918 2660 1149 111258 3625 107633 8261 6773 2054 4719 2501 1939 1517 1014 99372 35966 12830 11969 63406 48184 46551 11456 1260 10196 35095 8102 1168 2401 1834 1633 23136 2094 6934 4194 3086 32891 30844 9250 21594 20147 19097 11007 1342 8090 1447 9665 1728 7937 4765 3956 3425 2582 3172 2386 1654 2204
internal_count=335540 159430 158877 158003 157189 43271 113918 2660 1149 111258 3625 107633 8261 6773 2054 4719 2501 1939 1517 1014 99372 35966 12830 11969 63406 48184 46551 11456 1260 10196 35095 8102 1168 2401 1834 1633 23136 2094 6934 4194 3086 32891 30844 9250 21594 20147 19097 11007 1342 8090 1447 9665 1728 7937 4765 3956 3425 2582 3172 2386 1654 2204
is_linear=0
shrinkage=0.03


Tree=147
num_leaves=63
num_cat=0
split_feature=1 26 27 27 26 23 28 18 23 31 4 1 26 31 25 26 27 25 18 26 23 23 2 26 26 23 17 23 31 29 2 17 31 23 4 23 23 23 17 23 26 31 18 29 18 23 4 29 19 6 23 31 23 7 19 19 31 25 25 23 23 23
split_gain=430.624 204.812 172.024 388.88 176.753 140.006 133.3 103.683 177.301 119.671 176.811 197.231 190.848 284.942 155.353 124.033 109.196 144.609 101.796 101.318 138.753 580.942 459.02 293.354 321.95 185.797 156.263 1164.9 501.792 365.123 332.191 197.684 164.594 151.057 138.96 130.768 211.217 466.58 190.989 172.971 152.89 143.693 338.35 276.038 225.637 242.565 204.372 166.198 160.657 105.715 116.721 104.624 103.096 107.6 101.956 99.9309 99.14 98.6266 801.15 172.958 228.604 430.969
threshold=1.490352340573821 102.15504150390618 0.093010752688172063 0.074731182795698944 73.48413009643555 -0.9998158143810113 2.0058806081317511 691.9795920360566 -0.87857987807829374 2.0173248006545714 2.3304806592191372 2.8120571770312068 25.960273647308338 2.8269569663598695 17.822972561386969 21.367552757263173 0.01666666666666667 8.2090836782328882 5.8386826694889224 9.6390392780303813 0.97516411509186673 0.98218667281832983 0.20818672848777367 19.45810585021972 21.708560276031488 0.96699210069650932 73.65000000000002 0.58637393129089799 1.0818528414148907 -0.32480715268387866 1.3083542792050371 73.750000000000014 2.40512085787568 -0.95768026224311653 0.89564737600766542 -0.99937381720471408 -0.99466323211226826 -0.99054754357789199 75.300000000000011 -0.9880514961658321 40.099214267730687 2.3275515126564854 691.9795920360566 0.030158821736771958 76.302805655250481 -0.29591579977684229 2.2441171378502998 0.1836773534595661 8.6371977438490841 8.5000000000000018 -0.60019216940316611 1.2073792729196759 -0.79462857753386928 7.4766898700229829 2.6439824120169395 2.051498226037566 1.4598741554500572 7.9703137812835569 8.354240312783789 -0.84374447618434878 -0.15389057670406206 0.17927415433127167
decision_type=2 2 2 2 2 2 2 2 2 2 2 2 2 2 2 2 2 2 2 2 2 2 2 2 2 2 2 2 2 2 2 2 2 2 2 2 2 2 2 2 2 2 2 2 2 2 2 2 2 2 2 2 2 8 2 2 2 2 2 2 2 2
left_child=1 2 3 4 19 -2 7 18 56 -10 11 12 15 16 -12 -11 17 -14 -7 51 25 22 -22 34 -25 26 27 28 -21 -30 -31 32 -28 -32 -23 38 40 -38 -33 -39 54 46 44 48 45 47 57 -43 -44 -48 -51 -1 -46 -54 -37 -52 -9 -41 -59 -60 -61 -62
right_child=5 -3 -4 -5 -6 6 -8 8 9 10 14 -13 13 -15 -16 -17 -18 -19 -20 20 21 23 -24 24 -26 -27 31 -29 29 30 33 35 -34 -35 -36 36 37 39 -40 41 -42 42 43 -45 52 -47 49 -49 -50 50 55 -53 53 -55 -56 -57 -58 58 59 60 61 -63
leaf_value=-0.0013887613396709195 0.014694069551530161 0.016397155011527057 -0.01683624382456993 0.022291553090326488 -0.015277108698708812 -0.0020486207344137379 -0.0022955566294384877 0.0041706050362610454 0.00571039933196512 -0.00050526944240138932 0.0015358018401033936 -0.017169061176299811 -0.0064264516021429385 0.018919808662011199 0.019133180703609195 -0.01952870296733929 -0.010865191978398355 0.013598144901684142 0.0020608372304506475 -0.0065871707891280024 0.0046986548370631367 -0.0012421630921878475 0.043776208746589704 0.025940127004613848 0.0011048103922097802 -0.012446008099501723 -0.0051236068427237998 0.044747636316148837 0.026504022659452273 -0.015907425378373051 0.023672898983096949 -0.0012571051880671366 -0.023863703377550293 0.0014460831029212166 -0.016005228184161502 0.0054011299475085128 0.020098996637607124 -0.014577584739563739 0.022238049191780993 -0.0013473918653927755 -0.020261149127844751 -0.0083593633752087268 -0.0082658598720204111 0.025301756055898864 0.0047885335847666763 0.020080409589168405 -0.019621636263371021 0.013358636510399844 0.015233437735366491 0.0047372810684037031 -0.0019407495712637898 -0.0093095942260077516 -0.0033019402360370477 -0.015472582813271794 -0.0097360333732831178 -0.018410266873390313 -0.0092830109766690039 0.028724118207556014 0.0037195768593065591 -0.0095767817550677543 0.019411761864161544 -0.0065671654231287879
leaf_weight=114229 695 610 606 644 769 5732 8931 597 3363 532 3352 915 711 706 517 730 908 589 100112 3847 550 5084 530 747 1253 1157 2337 572 854 577 524 705 511 575 642 628 988 785 552 38054 771 839 538 974 999 873 653 503 501 645 620 1516 2920 839 1088 711 2757 912 4660 3077 884 1621
leaf_count=114229 695 610 606 644 769 5732 8931 597 3363 532 3352 915 711 706 517 730 908 589 100112 3847 550 5084 530 747 1253 1157 2337 572 854 577 524 705 511 575 642 628 988 785 552 38054 771 839 538 974 999 873 653 503 501 645 620 1516 2920 839 1088 711 2757 912 4660 3077 884 1621
internal_value=-2.89442e-05 -0.000889546 -0.000941672 -0.000893871 -0.000968113 0.00131282 0.00124097 0.00150097 -0.000775767 0.000889308 -0.000922391 -0.00459428 -0.00182179 0.00240083 0.00390893 -0.011543 -0.00291187 0.00266357 0.0018382 -0.00091322 -0.000133905 0.00343299 0.023989 0.000545864 0.0104224 -0.000540473 -0.000358747 0.00392812 0.000234526 0.0105998 0.00244115 -0.000789558 -0.00852196 0.012103 -0.00290992 -0.000456986 -0.000642404 -0.000301394 0.0091078 -0.000630157 -0.00920755 -0.000448963 0.0030522 0.0138703 -7.85129e-05 0.00782049 -0.00105613 -0.000199789 0.00308406 -0.00919762 -0.00571201 -0.0014929 -0.0037601 -0.00603534 -0.00419673 -0.0107745 -0.00688567 -0.00062027 0.00185994 -0.000545035 -0.00410539 0.00262105
internal_weight=335621 204474 203864 203258 202614 131147 130452 121521 15677 12323 8960 5091 4176 2914 3869 1262 2208 1300 105844 201845 86100 8806 1080 7726 2000 77294 76137 6949 6377 2530 1676 69188 2848 1099 5726 66340 65083 62596 1257 61608 2487 60823 8986 2013 6973 2215 51837 1342 1039 2629 1976 115745 4758 3759 1716 1331 3354 49208 11154 10242 5582 2505
internal_count=335621 204474 203864 203258 202614 131147 130452 121521 15677 12323 8960 5091 4176 2914 3869 1262 2208 1300 105844 201845 86100 8806 1080 7726 2000 77294 76137 6949 6377 2530 1676 69188 2848 1099 5726 66340 65083 62596 1257 61608 2487 60823 8986 2013 6973 2215 51837 1342 1039 2629 1976 115745 4758 3759 1716 1331 3354 49208 11154 10242 5582 2505
is_linear=0
shrinkage=0.03


Tree=148
num_leaves=63
num_cat=1
split_feature=13 34 24 18 13 32 18 6 23 23 16 19 19 24 24 0 23 23 21 9 19 24 23 25 24 23 32 31 23 24 0 23 1 23 2 18 13 27 8 25 24 27 1 3 24 1 16 23 24 24 24 16 32 16 24 32 16 23 23 24 32 31
split_gain=449.927 142.285 114.525 92.6076 107.105 104.772 136.554 134.222 193.103 140.694 90.3405 156.9 89.9844 121.269 142.463 87.8795 103.594 174.886 115.203 103.716 87.5608 108.006 175.073 254.593 89.1402 208.749 295.743 161.739 142.944 127.721 268.879 633.034 119.601 136.808 145.819 99.2672 96.3818 88.6949 83.4371 83.3011 80.6215 130.348 231.71 78.9257 76.5428 113.548 75.7477 122.454 118.55 111.251 546.078 319.58 209.593 130.08 130.537 114.453 93.824 90.6684 129.879 203.757 197.075 198.937
threshold=1.2870818795844092 0 -0.99992632385251334 637.19260424194351 3.1028613784463128 -0.65114877084383127 128.21944362209894 6.5000000000000009 -0.9821866728183295 -0.99466323211226826 10.650000000000002 2.8505341756166178 10.425197840915478 -0.77873524214321999 -0.59330490695953197 1.6292405724525454 -0.94723957588908092 -0.9092740615363033 16.481004488134428 0.054449760629484006 5.9059427821715182 -0.5793997530542554 -0.93568234840038322 4.6226027886152918 -0.98053927088909909 -0.15389057670406206 -0.52657545841337539 2.5280520195768137 0.14539831731376898 -0.96914236212857563 3.2069104909896855 0.19613531578169985 2.989228302426667 0.094275748646527283 2.7687012939121711 64.766955058362726 2.5162511653549617 0.060752688172043018 -30.698613508564073 19.231743216434477 -0.93867560834980956 0.056451612903225819 3.3616395825794965 2.3023750203558451 -0.95517546204608139 3.4094962081216678 19.900000000000002 -0.99054754357789199 -0.41610936647687707 -0.8905837001257676 -0.87444874304365161 13.800000000000002 -0.13908357600618335 16.000000000000004 -0.82964644928663578 0.56622826662885817 12.200000000000001 -0.87025318080773884 0.55822315702467162 -0.84831994561267254 -0.30029884188365513 2.5491218735177399
decision_type=2 9 2 2 2 2 2 2 2 2 2 2 2 2 2 2 2 2 2 10 2 2 2 2 2 2 2 2 2 2 2 2 2 2 2 2 2 2 10 2 2 2 2 2 2 2 2 2 2 2 2 2 2 2 2 2 2 2 2 2 2 2
left_child=-1 3 -3 4 5 6 -2 8 10 -9 43 -12 20 -14 -15 -10 18 19 -17 -18 24 -22 -23 -24 25 -4 27 28 35 30 31 -26 33 34 -28 -27 -31 -33 -38 -5 44 -42 -43 -7 -40 -46 47 -11 49 51 52 55 -51 56 -55 -49 57 -52 59 -59 -61 -62
right_child=1 2 12 39 -6 7 -8 9 15 46 11 -13 13 14 -16 16 17 -19 -20 -21 21 22 23 -25 29 26 32 -29 -30 36 -32 37 -34 -35 -36 -37 38 -39 40 -41 41 42 -44 -45 45 -47 -48 48 -50 50 53 -53 -54 54 -56 -57 -58 58 -60 60 61 -63
leaf_value=-0.00093690257297746613 0.0011010920689106184 0.016346325585482456 -0.015001118588794398 -0.0028963468989514564 0.005146013013717538 0.01140987126721559 0.0079887302155256142 -0.012861596422122623 -0.003884609535461337 0.013935832165187073 0.026006599743255473 0.0059772196362763534 0.016048181895043687 -0.0086819983319158089 0.011053113849515846 0.0027162653433947656 0.006693534250263697 0.0015599892676597985 -0.011802363692545776 0.025339482699018558 -0.0040961951632484932 -0.0051389565397000885 -0.0038770429838096017 0.023862248539267154 0.031796394219917867 -0.0033069101951266749 -0.011539970095206189 0.022549966996349931 0.016042771185437836 0.001591346371862953 -0.0080440497046443977 0.0069816884060833351 0.00014742896753989658 -0.020661242144736421 0.0083653972184275123 0.008368003921078615 -0.006603765127234807 -0.010534804952561061 0.0057640816183046027 0.0063279999703872688 0.0042045774862723533 0.025544365867001494 0.0060796767838541734 -0.0050308483221367896 -0.015822655121459715 0.0028683618355827382 -0.0065726000269180455 -0.0079944482150246972 -0.007599734869545972 0.0089062122278892545 -0.010564484466080997 0.0029853095779306758 0.036249608176689936 -0.017647140406045144 -0.0023311421866576971 0.0039108078729713077 0.0079919000509450829 -0.0078374217548189407 -0.0038156906619259572 -0.0037992265092426916 0.024426023145833187 0.0059311354177876462
leaf_weight=188435 12009 508 803 10509 4729 516 3299 918 2896 509 623 810 962 601 716 1206 580 3304 824 503 4372 1015 527 676 974 1635 894 514 760 36739 619 510 2551 669 520 1087 583 521 984 957 9143 772 1904 526 527 647 2025 6152 2151 504 633 5693 509 616 2599 821 1736 894 2682 855 855 1349
leaf_count=188435 12009 508 803 10509 4729 516 3299 918 2896 509 623 810 962 601 716 1206 580 3304 824 503 4372 1015 527 676 974 1635 894 514 760 36739 619 510 2551 669 520 1087 583 521 984 957 9143 772 1904 526 527 647 2025 6152 2151 504 633 5693 509 616 2599 821 1736 894 2682 855 855 1349
internal_value=3.44928e-05 0.00127525 0.00221987 0.000356214 0.000805481 0.000454775 0.00258756 -0.000299639 0.0024305 -0.00132151 0.00986965 0.0147452 0.00211969 0.00798012 0.00204841 0.000449256 0.00240664 0.00499776 -0.00319153 0.0154303 0.00192819 -0.00136212 0.00402423 0.0117447 0.00227051 -0.000419758 0.000944902 0.00692094 0.00458481 0.00274113 0.00919112 0.0145189 -0.00421027 -0.00953462 -0.00421607 0.00136213 0.00241034 -0.00187813 0.00447564 -0.00212402 0.00493998 0.00591319 0.0117322 0.00312623 -0.000391495 -0.00555342 -0.000973069 -0.000574935 -0.000840696 -0.000277954 0.00164549 -0.00228721 0.022756 -0.000113237 -0.00528856 -0.00659093 0.00173659 0.000238012 0.00127578 0.00473066 0.00841051 0.0131449
internal_weight=335960 147525 72733 74792 63326 58597 15308 43289 11788 31501 2475 1433 72225 2279 1317 9313 6417 4387 2030 1083 69946 6590 2218 1203 63356 9433 8630 3996 3482 53923 2624 2005 4634 2083 1414 2722 51299 1031 14560 11466 13977 11819 2676 1042 2158 1174 30583 28558 28049 25898 13232 12666 1013 12219 3215 6973 9004 7268 6635 3953 3059 2204
internal_count=335960 147525 72733 74792 63326 58597 15308 43289 11788 31501 2475 1433 72225 2279 1317 9313 6417 4387 2030 1083 69946 6590 2218 1203 63356 9433 8630 3996 3482 53923 2624 2005 4634 2083 1414 2722 51299 1031 14560 11466 13977 11819 2676 1042 2158 1174 30583 28558 28049 25898 13232 12666 1013 12219 3215 6973 9004 7268 6635 3953 3059 2204
cat_boundaries=0 1
cat_threshold=9313
is_linear=0
shrinkage=0.03


Tree=149
num_leaves=63
num_cat=0
split_feature=13 5 31 25 24 24 26 24 27 2 24 27 5 18 31 32 27 18 13 17 6 24 31 24 20 32 26 26 21 4 17 25 24 25 7 19 2 24 24 4 4 5 5 24 24 25 18 19 24 25 32 25 26 31 5 25 32 24 18 31 7 25
split_gain=370.79 143.354 138.892 119.818 189.025 102.108 360.021 141.739 201.702 271.75 173.764 148.771 135.717 215.234 130.336 118.413 238.643 309.787 116.066 111.76 115.639 154.318 109.8 269.65 821.091 154.75 146.523 293.558 932.278 288.915 223.652 355.165 145.937 172.216 217.909 165.359 432.715 146.93 142.352 259.021 160.139 140.277 132.796 172.295 183.984 245.94 136.432 130.56 118.071 101.306 98.4348 97.0441 104.539 96.6487 95.6499 93.2886 92.251 207.866 318.664 321.147 228.94 211.396
threshold=1.5853751479035159 0.53694403792546652 3.2594194408691233 1.0857089361024934 0.94995492655104974 -0.99815866078541837 55.844964027404757 -0.79980977965991029 0.084408602150537651 2.1822848999757718 -0.78938882915716746 0.065053763440860238 -0.89371477625459061 583.03248182830828 2.9155508854258048 0.022219004642296532 0.0048387096774193559 128.21944362209894 1.2212830376435468 73.15000000000002 9.5000000000000018 -0.66012780149078443 1.2242137077970507 -0.74541039586774327 33.666781991408762 -1.3063402630235681 19.45810585021972 21.708560276031488 13.310367659907348 0.8340975089772108 73.950000000000017 11.269347608742377 -0.5 4.505941076288301 1.5582667300573518 1.4112928344991438 0.64962399224058653 -0.36874934642598389 -0.63395513778623447 0.52717229762987661 0.87592513748463718 -0.15098122667216438 -0.26328700141013789 -0.56532384738233998 -0.35273909160235833 5.3443551819891706 748.84348699455279 5.9059427821715182 -0.41610936647687707 4.6685219194179268 -0.51103510984414235 9.1948552993196326 33.413680744171124 2.8094112341217894 -0.31675213062826074 5.7299076434104679 -1.0473216998452226 -0.68552235175575749 41.853209403187257 1.0818528414148907 10.28893560126386 22.119633786264128
decision_type=2 2 2 2 2 2 2 2 2 2 2 2 2 2 2 2 2 2 2 2 2 2 2 2 2 2 2 2 2 2 2 2 2 2 8 2 2 2 2 2 2 2 2 2 2 2 2 2 2 2 2 2 2 2 2 2 2 2 2 2 10 2
left_child=1 2 5 -2 56 6 54 8 11 -10 -9 12 13 18 53 22 19 55 -7 -17 -21 -22 23 24 50 -24 38 28 29 -28 -29 32 41 -34 -35 36 -36 -37 39 -25 -40 -32 43 -27 45 -45 47 -44 -47 -46 -12 52 -51 -14 -1 -18 57 60 -59 -60 61 -5
right_child=3 -3 -4 4 -6 7 -8 10 9 -11 15 -13 14 -15 -16 16 17 -19 -20 20 21 -23 25 26 -26 42 27 30 -30 -31 31 -33 33 34 35 37 -38 -39 40 -41 -42 -43 46 44 49 48 -48 -49 -50 51 -52 -53 -54 -55 -56 -57 -58 58 59 -61 -62 -63
leaf_value=0.0073110160298048722 -0.0048828001984453006 0.0017078541340465742 0.010517690375078314 0.0030045194969836935 0.018093639920766957 -0.028545832349907218 0.025246862023598465 0.012880762850229557 0.025050726065276654 -0.0042806707189900128 -0.0092881049528890283 -0.017246876475272458 -0.002588725150925631 0.00038530610705190903 -0.01415026970490511 -0.0075235891075604092 0.028142926854018899 -0.0062494591849050788 -0.0096641060696394578 -0.00074384514860119106 -0.0014045419386560236 0.016463567111622539 -0.015317947228279734 -0.0037489813947307361 0.039129844438192875 -0.0095864758500549194 0.01541179242959999 -0.0065482876905628247 -0.0060648974410850258 0.041203774773398073 -0.02127686310446069 0.019778987858628701 -0.0063030109973587507 0.021141053502182282 0.026120702277490634 0.013072384512307097 -0.00053721534005622847 -0.0018558145673044353 -0.0012785617061090867 0.023223680541100966 -0.0067129889968445197 -0.0020419363318675702 -0.0051677604789693967 -0.0037577110157127566 0.0092969428907775965 0.010404618948973817 -0.013818614224918013 0.0049444950131906588 0.02934251990906292 -0.0025892363381851114 0.0072016280126580125 0.0044631892301686292 -0.019690275394246694 0.010471765616943813 -0.0091778019065249777 0.011497652443195814 0.0011513047072660265 -0.00075169003731310774 0.0083572519419428202 0.034784133861529933 -0.0047441746369137122 0.024402040394117412
leaf_weight=510 2734 19477 934 1894 607 599 589 821 501 646 822 768 13559 862 852 1428 665 564 584 4606 799 948 929 703 604 1117 1029 3947 1727 636 504 893 2128 563 835 652 1576 6124 114908 582 5092 1039 6714 683 583 689 1323 1382 527 796 533 666 537 525 818 574 111859 1247 1019 697 2930 528
leaf_count=510 2734 19477 934 1894 607 599 589 821 501 646 822 768 13559 862 852 1428 665 564 584 4606 799 948 929 703 604 1117 1029 3947 1727 636 504 893 2128 563 835 652 1576 6124 114908 582 5092 1039 6714 683 583 689 1323 1382 527 796 533 666 537 525 818 574 111859 1247 1019 697 2930 528
internal_value=1.50611e-05 -0.000744793 -0.000992351 0.00132215 0.0014628 -0.0010486 0.00583167 -0.00111811 -0.00358356 0.00858416 -0.000845973 -0.00437208 -0.00378488 -0.0110243 -0.00279032 -0.000912475 0.00232624 0.0121443 -0.0193046 4.48696e-05 0.00175065 0.0083108 -0.00110552 -0.000845427 0.0101952 -0.00346795 -0.000997092 0.00127593 0.00937386 0.0253577 -0.000230422 0.00151337 0.000291108 0.00141969 0.00310758 0.00199155 0.00873015 -0.000410814 -0.00140293 0.00851009 -0.00150943 -0.00837319 -0.00273002 0.000928965 0.00355796 0.0106333 -0.004904 -0.0034396 0.0186986 -0.00165624 -0.00279911 -0.00486592 -0.00952624 -0.00209833 -0.00284183 0.0205088 0.00137805 0.00442583 0.0107935 0.0191611 0.000893731 0.00770988
internal_weight=335987 212472 192995 123515 120781 192061 1917 190144 18896 1147 171248 17749 16981 2045 14936 170427 9584 1803 1183 7781 6353 1747 160843 144897 1959 15946 142938 21653 3392 1665 18261 14314 13421 11878 9750 9187 2411 6776 121285 1285 120000 1543 15017 5598 4481 1899 9419 8096 1216 2582 1355 1999 1333 14084 1328 1239 120174 8315 2963 1716 5352 2422
internal_count=335987 212472 192995 123515 120781 192061 1917 190144 18896 1147 171248 17749 16981 2045 14936 170427 9584 1803 1183 7781 6353 1747 160843 144897 1959 15946 142938 21653 3392 1665 18261 14314 13421 11878 9750 9187 2411 6776 121285 1285 120000 1543 15017 5598 4481 1899 9419 8096 1216 2582 1355 1999 1333 14084 1328 1239 120174 8315 2963 1716 5352 2422
is_linear=0
shrinkage=0.03


Tree=150
num_leaves=63
num_cat=0
split_feature=13 24 5 24 26 5 7 31 24 13 28 16 31 26 26 26 24 32 29 1 13 16 21 13 24 25 24 29 29 31 24 7 24 24 28 25 16 32 8 8 7 7 16 21 20 24 26 25 24 25 24 29 32 16 3 5 28 26 29 7 25 4
split_gain=377.625 134.252 159.293 142.263 90.3703 112.193 168.555 147.025 268.834 167.744 136.307 260.373 138.149 162.048 221.289 259.391 151.936 147.811 251.497 280.387 195.696 204.348 272.139 189.648 206.811 183.188 314.962 252.796 167.759 158.345 158.662 150.734 150.184 266.386 183.468 142.786 141.87 140.595 138.811 133.183 131.417 125.833 273.761 221.383 224.221 247.494 170.407 150.387 272.407 395.872 171.648 165.958 278.071 264.057 266.832 161.48 158.858 180.547 167.709 164.611 153.144 196.059
threshold=1.1339696474660117 -0.99992632385251334 0.0011567986946131625 -0.99963164097526602 129.36092796325684 0.24435969133960631 29.22290853472877 3.5912393499179838 -0.99374406038856444 2.6266555606128343 -1.0870973140288551 15.350000000000001 3.3744653594732203 120.94294319152829 109.89785137176511 104.44958744049073 -0.93867560834980956 -1.0000000180025095e-35 2.1142041144276411 2.7800003367145174 2.5162511653549617 19.550000000000004 15.55318689357353 1.6582152624229325 -0.72208999473568902 20.10581316862616 -0.86599350048911161 -0.06174593637010032 -0.18657373746751263 2.6252970780945715 -0.99815866078541837 9.7138214300210102 -0.98053927088909909 -0.94995492655104952 0.80501122439877526 8.6201453130291696 19.175000000000004 0.24518045937069424 -4.6958032813725294 -10.544386639394075 27.185756542962022 2.6677144347273214 18.450000000000003 66.757736584289049 37.582370202214292 -0.60021428054836823 30.081323909759512 5.8632327313304602 0.50739640075491554 7.8804388746779468 -0.92628984363228806 0.1836773534595661 -0.29355831447547942 11.500000000000002 2.2870290192797404 -0.89371477625459061 0.5525188722036487 52.241667366027777 0.6603398044395199 7.9704008912780875 17.283627578984667 1.9884013746369622
decision_type=2 2 2 2 2 2 10 2 2 2 2 2 2 2 2 2 2 2 2 2 2 2 2 2 2 2 2 2 2 2 2 8 2 2 2 2 2 2 10 10 10 8 2 2 2 2 2 2 2 2 2 2 2 2 2 2 2 2 2 8 2 2
left_child=-1 2 -2 -3 5 6 7 10 -9 -10 11 -5 13 14 15 17 -14 29 20 -20 23 22 -22 24 -19 26 28 36 -25 30 -12 -26 34 -34 -31 -18 -28 -33 -17 -8 -7 42 43 44 45 -32 -44 50 51 -50 -43 55 56 54 -54 -49 57 58 -53 -58 -61 -62
right_child=1 3 -4 4 -6 40 39 8 9 -11 12 -13 16 -15 -16 38 35 18 19 -21 21 -23 -24 25 31 -27 27 -29 -30 32 41 37 33 -35 -36 -37 -38 -39 -40 -41 -42 47 46 -45 -46 -47 -48 48 49 -51 -52 52 53 -55 -56 -57 59 -59 -60 60 61 -63
leaf_value=-0.00093041907831245899 0.02283682185452976 -0.0071374982730348542 -0.00050207725734350531 0.025664633371771217 0.0053381135637983624 0.0018643835185845723 -0.010022001747404778 0.026938464576992449 0.013475711497754653 -0.0053514494704621695 0.012056324717242883 -0.0022462709582878521 -0.0081618724021689914 0.01409396989309558 -0.012939260028347221 0.0051865223897541368 -0.0072635383298334895 -0.0077469303453203721 0.031873518297889904 0.00059402864562115617 0.0081908754274094536 0.020191776254765283 -0.0015769904756481083 0.00063770742805807298 0.0041855634193082155 -0.015423848927712673 0.0006204174547176862 -0.0064685721890687109 0.021112280561275246 -0.013195201153808372 0.025559181476022957 0.027122359944068624 0.018512312950188323 -0.0039855128951193251 0.0060254533517762445 0.0091671640875934345 0.017165208865087805 0.0061480312987220705 0.02594810334819633 0.0033488980724781839 0.0095987760825445197 0.0089106487491926716 0.0048095803248330822 -0.017336634039124676 -0.0067368347609988704 -0.00063761987671940689 0.026589214165240176 -0.0076548238030399625 0.00053291843264041661 0.033192753591604361 -0.0049784075878797334 0.017693530962980618 0.035643614853023461 0.00071279860043386837 0.0093470356336769617 -0.0006702100921149028 0.013413260053059702 -0.00010415611908148191 -0.0023507255930878476 -0.0059663961256913763 -0.010036459579394759 0.007473506503509194
leaf_weight=176108 549 1899 501 548 4422 45220 2359 524 726 1016 986 658 3389 793 1082 638 810 910 527 501 5645 724 4702 641 2653 837 5146 6774 818 2457 625 603 548 3297 543 1140 508 553 531 933 2063 873 615 547 1014 669 683 3729 851 545 9153 1332 558 1268 920 14740 578 2678 521 5563 794 2054
leaf_count=176108 549 1899 501 548 4422 45220 2359 524 726 1016 986 658 3389 793 1082 638 810 910 527 501 5645 724 4702 641 2653 837 5146 6774 818 2457 625 603 548 3297 543 1140 508 553 531 933 2063 873 615 547 1014 669 683 3729 851 545 9153 1332 558 1268 920 14740 578 2678 521 5563 794 2054
internal_value=2.72365e-05 0.00108471 0.0117512 0.00101365 0.00111276 0.000989757 0.000442532 0.000659263 0.00820668 0.00251111 0.00048658 0.0104899 0.000363032 0.000633306 0.000516437 0.000677391 -0.00432724 0.000493963 0.00214734 0.016706 0.00165421 0.00483707 0.00375343 -0.000158919 0.0050715 -0.00183641 -0.00101221 -0.00256164 0.0121498 -0.000403113 0.000168965 0.00814007 -0.00468723 -0.000759183 -0.00971203 0.00234098 0.00212079 0.0171585 0.0146875 -0.00623317 0.00220282 -6.51844e-05 0.00493343 -0.000266478 0.00380791 0.0120651 0.016328 -0.000515423 0.000386755 0.0133563 -0.0037652 -0.000136339 0.00207295 0.0107673 0.0193617 -0.00208213 0.000303747 0.00488102 0.0120666 -0.00200491 -0.00307178 0.00258283
internal_weight=335592 159484 1050 158434 156535 152113 104830 101538 2266 1742 99272 1206 98066 92727 91934 90852 5339 89683 31542 1028 30514 11071 10347 19443 4719 14724 13887 12428 1459 58141 51296 3809 6845 3845 3000 1950 5654 1156 1169 3292 47283 50310 4153 2855 2308 1294 1298 46157 36131 1396 10026 34735 16266 2746 1478 18469 13520 4531 1853 8989 8411 2848
internal_count=335592 159484 1050 158434 156535 152113 104830 101538 2266 1742 99272 1206 98066 92727 91934 90852 5339 89683 31542 1028 30514 11071 10347 19443 4719 14724 13887 12428 1459 58141 51296 3809 6845 3845 3000 1950 5654 1156 1169 3292 47283 50310 4153 2855 2308 1294 1298 46157 36131 1396 10026 34735 16266 2746 1478 18469 13520 4531 1853 8989 8411 2848
is_linear=0
shrinkage=0.03


Tree=151
num_leaves=63
num_cat=2
split_feature=1 34 21 23 24 23 17 20 20 17 18 20 29 24 0 26 4 23 24 31 23 6 17 32 34 21 33 31 23 32 13 0 31 20 19 28 20 32 32 24 19 25 25 13 23 24 17 24 23 17 23 23 24 20 32 26 19 31 4 18 0 17
split_gain=347.543 115.041 121.031 103.085 291.766 283.998 410.446 141.744 150.255 162.326 113.294 112.676 102.685 93.7561 127.89 111.825 105.245 103.519 173.188 148.964 103.088 98.5069 94.9524 91.998 88.2354 86.3248 85.2702 84.3561 105.846 78.9768 72.5736 71.5435 71.4244 103.968 71.4602 70.2186 69.6781 88.0957 82.4085 80.7143 82.7794 88.2223 161.479 73.5107 70.1438 68.7871 66.9603 78.6751 66.2791 198.243 348.57 133.568 223.767 196.241 90.3562 82.8043 73.3945 63.89 85.3029 63.0395 63.4104 62.7571
threshold=0.21507797274963339 0 47.543943732167101 -0.87025318080773884 -0.25466173847491491 -0.85283291294431784 75.300000000000011 24.202394163978258 36.408765373125327 73.850000000000009 637.19260424194351 31.4034655534665 1.7031050639364749 -0.21294651993841582 1.6917875409126284 29.175694465637182 1.5242456607711601 -0.94723957588908092 0.18771165011946631 2.0026150855292126 -0.99275167208229986 8.5000000000000018 74.250000000000014 0.35201713721896316 1 16.481004488134428 1.5000000000000002 1.9355749147862429 0.36075750887067765 -0.87953252914821878 2.9610757568811992 4.6175925731658944 2.3569137416017001 28.705107879578925 2.5703227282623566 -0.40887834985379617 37.582370202214292 -1.1259900067348807 -1.0977199228029988 -0.99374406038856444 4.3100708759369413 8.4815740527605197 11.418027806270027 2.0572518321301114 -0.71612580616132582 -0.93867560834980956 74.050000000000011 -0.64713682673509032 -0.97516411509186662 76.15000000000002 -0.99054754357789199 -0.9092740615363033 -0.30410362911654215 28.705107879578925 -1.1520859088747482 26.897912216186519 3.580189827618049 2.1952178717549473 1.831690522045492 765.05246007690437 2.0281167030334477 76.300000000000026
decision_type=2 9 2 2 2 2 2 2 2 2 2 2 2 2 2 2 2 2 2 2 2 2 2 2 9 2 2 2 2 2 2 2 2 2 2 2 2 2 2 2 2 2 2 2 2 2 2 2 2 2 2 2 2 2 2 2 2 2 2 2 2 2
left_child=48 3 31 4 7 6 -5 29 9 -9 13 -11 26 -6 15 35 -17 18 20 -19 21 61 -22 -12 -4 -20 -7 -26 -29 -2 -23 -3 34 -34 -14 -15 37 44 -39 -40 -41 46 -43 -44 -28 -45 -42 -48 49 55 -51 52 -50 -54 -55 -1 -57 58 -13 60 -10 -16
right_child=1 2 24 5 10 12 -8 8 59 11 23 57 32 14 17 16 -18 19 25 -21 22 30 -24 -25 27 -27 36 28 -30 -31 -32 -33 33 -35 -36 -37 -38 38 39 40 41 42 43 45 -46 -47 47 -49 51 50 -52 -53 53 54 -56 56 -58 -59 -60 -61 -62 -63
leaf_value=-0.0030356552319731962 -0.023260784710945896 0.0021954653956520209 0.0020793360249199864 -0.0012247025030494656 0.011745107991312989 -0.0014225667037231237 0.029007863872638887 -0.011108244179358418 -0.0017227061360281582 0.015435220405159485 -0.0016661347403735317 0.0033682018544541584 -0.0072673366457377273 0.012708604096026435 0.016116569875517378 -0.0014432668922831435 -0.011752815463397775 0.00017152302079222946 -0.00039155223577962188 0.018820502903949848 0.021117347951168961 -0.0062176385219169777 0.0050731726839566282 -0.014060461717360095 0.00098599559520247946 -0.013477817849360597 0.0085188261769764441 -0.0041033929609232481 0.0061411846728329353 -0.0096467451943868469 0.0066006301962850799 0.01272989468780146 -0.0011553619590716714 -0.018913941827767206 0.0030877776624441684 -0.00024673142435022242 -0.00053725054063695217 0.013600589361374047 -0.0014225667037231237 0.001909618384526594 -0.0014225667037231237 0.022978285679998399 -0.0014225667037231237 0.0025954041210569006 -0.0014225667037231237 0.016100343786235472 0.015937963634522233 0.0014774745016420537 0.019395649695556554 0.023002967225071391 -0.010077364532232284 -0.0012348031070742779 0.010788967345305083 0.00024569998374224944 -0.016758721429083301 -0.019424294274696812 -0.0058538542569704774 0.0081118339091463283 -0.01183609974741923 -0.018634432866885292 -0.012500455477505119 0.0017607042241188418
leaf_weight=967 504 61338 11018 856 792 15230 760 858 1009 585 2133 761 1094 566 561 2514 1377 693 1122 864 585 1260 769 717 8058 757 634 9330 1001 1627 575 581 559 629 1316 1105 17231 564 4199 27474 1518 633 755 632 6046 734 539 900 747 525 620 130112 877 572 548 944 586 662 582 531 956 534
leaf_count=967 504 61338 11018 856 792 15230 760 858 1009 585 2133 761 1094 566 561 2514 1377 693 1122 864 585 1260 769 717 8058 757 634 9330 1001 1627 575 581 559 629 1316 1105 17231 564 4199 27474 1518 633 755 632 6046 734 539 900 747 525 620 130112 877 572 548 944 586 662 582 531 956 534
internal_value=-4.07716e-05 0.000760096 0.00154258 9.39252e-05 -0.00159306 0.000606412 0.0130392 -0.00628315 -0.00389723 0.000163108 0.000645936 0.00391122 0.000356615 0.00175076 0.0011506 -0.00231637 -0.00510215 0.00364832 0.00189827 0.0105472 0.00522731 0.00205589 0.0120573 -0.00480345 -4.2015e-05 -0.00568544 0.000587944 -0.00131369 -0.00310828 -0.0129135 -0.00219399 0.00229533 -0.00459365 -0.0105977 -0.00161816 0.00416631 0.00108302 0.0017086 0.00226784 0.00209507 0.00259343 0.00587852 0.00973761 0.00574126 -0.00142257 0.00988434 0.00227399 0.00693031 -0.00120616 -0.00519625 0.00512454 -0.00109658 0.00544765 0.000194838 -0.00811183 -0.00992963 -0.0142627 0.000518829 -0.00324017 -0.00949533 -0.00698465 0.00915545
internal_weight=335126 198628 91326 107302 24999 82303 1616 8075 5944 3448 16924 2590 80687 14074 13282 5562 3891 7720 6163 1557 4284 2930 1354 2850 29407 1879 77089 18389 10331 2131 1835 61919 3598 1188 2410 1671 61859 44628 37948 37384 33185 5711 2754 2121 6680 1366 2957 1439 136498 3642 1145 132856 2744 1997 1120 2497 1530 2005 1343 2496 1965 1095
internal_count=335126 198628 91326 107302 24999 82303 1616 8075 5944 3448 16924 2590 80687 14074 13282 5562 3891 7720 6163 1557 4284 2930 1354 2850 29407 1879 77089 18389 10331 2131 1835 61919 3598 1188 2410 1671 61859 44628 37948 37384 33185 5711 2754 2121 6680 1366 2957 1439 136498 3642 1145 132856 2744 1997 1120 2497 1530 2005 1343 2496 1965 1095
cat_boundaries=0 1 2
cat_threshold=9229 18
is_linear=0
shrinkage=0.03


Tree=152
num_leaves=63
num_cat=1
split_feature=1 34 15 1 31 24 24 16 29 31 1 18 24 9 8 2 1 14 24 24 21 24 24 3 4 31 24 25 23 24 6 23 24 23 16 13 24 23 25 16 24 6 26 31 21 31 24 18 32 24 23 1 24 21 32 26 11 18 23 26 25 25
split_gain=332.985 144.57 115.049 100.762 91.3935 86.7424 134.817 82.4803 82.0794 74.3554 108.773 86.4499 82.9906 84.5759 71.9432 114.446 130.036 80.6935 67.869 78.1979 140.614 76.2045 82.2126 75.8333 67.6746 79.8205 65.4549 63.9058 63.1942 163.919 273.043 145.598 246.776 196.309 156.515 120.784 62.2255 61.8961 77.3167 116.06 95.5658 70.8254 95.2976 86.125 66.0648 140.923 100.355 81.2403 77.3778 76.9996 109.905 121.426 89.4529 70.5878 69.6261 65.8978 61.5109 69.1023 93.8463 64.4724 174.057 79.6037
threshold=0.11332653719707649 0 0.080645161290322592 4.4690025878997881 3.3744653594732203 -0.99992632385251334 -0.99963164097526602 16.900000000000002 -0.53134797226403363 1.1272212707568039 1.7992699075436358 583.03248182830828 0.32041146939831461 0.39893647810677596 -30.698613508564073 4.23916106542588 3.9652124153516071 0.33870967741935493 -0.98376170968447474 0.085727341951035305 11.481596374456553 -0.12839835514655126 -0.97322851985520697 2.2522524105751693 0.974134799286274 1.9355749147862429 0.25466173847491447 6.6394705284026374 -0.97516411509186662 -0.13690101447512068 8.5000000000000018 -0.9092740615363033 -0.30410362911654215 -0.95768026224311653 12.200000000000001 0.80319953301937452 -0.96011450294824408 0.71612580616132593 4.7102916213493531 18.825000000000006 -0.72208999473568902 8.5000000000000018 26.676751899719225 2.1952178717549473 13.310367659907348 3.5142701832067167 -0.99904236206516772 34.322326282870968 -0.63521067848060098 -0.8905837001257676 -0.79462857753386928 3.5836740870226493 -0.91968655568559032 8.994074534893775 0.090748168252139799 58.108336067199694 0.55050505050505061 765.05246007690437 -0.060046746386240357 35.325651454925513 8.0701159330505536 7.9703137812835569
decision_type=2 9 2 2 2 2 2 2 2 2 2 2 2 10 8 2 2 2 2 2 2 2 2 2 2 2 2 2 2 2 2 2 2 2 2 2 2 2 2 2 2 2 2 2 2 2 2 2 2 2 2 2 2 2 2 2 10 2 2 2 2 2
left_child=28 2 8 5 -5 -3 -7 -6 18 -10 11 -11 26 -14 -8 17 -17 24 -2 21 -21 22 23 -20 25 -16 37 -22 29 35 -31 32 -30 34 -34 -1 -13 38 39 40 -12 43 -43 -40 46 47 -44 55 -48 52 54 -52 53 -50 -51 -46 57 -26 -59 60 -58 -61
right_child=1 3 -4 4 7 6 14 -9 9 10 12 36 13 -15 15 16 -18 -19 19 20 27 -23 -24 -25 56 -27 -28 -29 31 30 -32 -33 33 -35 -36 -37 -38 -39 41 -41 -42 42 44 -45 45 -47 48 -49 49 50 51 -53 -54 -55 -56 -57 59 58 -60 61 -62 -63
leaf_value=-0.0056626950138987516 0.0095634221219589102 0.011721048376685675 0.012443113472207659 0.010934282607520737 0.0067680926897026985 -0.0082128396134154204 -0.0071123145186416424 -0.007819145083954173 0.00074428719110821242 -0.0022548009793944986 0.017094141063923013 0.00047896314311348016 0.0015064363182251911 0.01311292467819653 0.00017931485374810148 0.021500720603579885 0.0026595523159354327 -0.0088634753189140297 0.0031453184480213546 0.019586820997717372 0.007583048589426363 -0.006191853742724086 0.0030543631676060502 -0.011408913247021181 0.0010653407755697474 -0.0074997111911597383 -0.008805416129596174 -0.0052413156148956213 0.021508841050908091 -0.0091360003651212215 0.015721896407221391 -0.0012403898618986377 -0.0032502415263756163 -0.011316003158177969 0.019737804276047242 -0.022569168030954774 -0.0096204626828068785 -0.0083632454871983529 0.012275305468577049 -0.0061435201712106589 0.0015522059129829771 -0.0094442793615615774 -0.015171977720869693 -0.0022175157339891084 0.00017906282914456969 0.013369167817348598 0.0025728191293535123 -0.0010405830101722173 0.0029806756059145693 -0.010090916306205433 0.0070730244668009172 -0.0085689101076912976 -0.01677343122444146 -0.0076701686702809252 0.0027283733518949395 0.015298620898277685 0.0030066062669397162 -0.00725498296867641 0.0039660257913717543 -0.0064380063039919978 0.017115807882817153 0.0017221612593763995
leaf_weight=1012 973 699 629 1851 855 1361 911 582 19932 9282 745 675 2994 692 17943 529 866 704 551 541 747 1470 5200 765 39080 1302 948 649 674 932 686 124175 514 757 546 609 2927 940 770 582 680 1248 544 702 518 721 2502 10577 799 1307 1857 583 661 1850 535 515 20293 2063 989 1104 814 36244
leaf_count=1012 973 699 629 1851 855 1361 911 582 19932 9282 745 675 2994 692 17943 529 866 704 551 541 747 1470 5200 765 39080 1302 948 649 674 932 686 124175 514 757 546 609 2927 940 770 582 680 1248 544 702 518 721 2502 10577 799 1307 1857 583 661 1850 535 515 20293 2063 989 1104 814 36244
internal_value=-1.29728e-05 0.000737681 -0.000284235 0.00135629 0.00653652 0.00121978 0.00116021 0.000853482 -0.000389065 -0.000786854 -0.0014481 -0.00378787 -0.000541577 0.00370022 0.00126438 0.00132726 0.00985561 0.00122815 0.00202284 0.001279 0.00667819 -3.39244e-05 0.00135898 -0.00532632 0.00128781 -0.000342015 -0.00107062 0.00162358 -0.00120217 -0.00533694 0.00141922 -0.00109624 0.00607787 0.000310571 0.00862784 -0.0120642 -0.00772983 -0.000813062 -0.000555347 0.00510816 0.009709 -0.000998726 -0.00138745 0.00537954 -0.000947731 0.000546652 -0.00267938 -0.00025506 -0.00199894 -0.00350629 -0.000847798 0.00332575 -0.00693901 -0.00445806 -0.00637031 0.00775427 0.00159964 0.000725675 -0.00361828 0.00222944 0.00355466 0.00148012
internal_weight=335706 205801 77611 128190 3288 124902 124203 1437 76982 66086 46154 12884 33270 3686 122842 121931 1395 120536 10896 9923 1937 7986 6516 1316 119832 19245 29584 1396 129905 3239 1618 126666 2491 1817 1060 1621 3602 28636 27696 2007 1425 25689 24217 1472 22969 12331 10638 11610 10094 7592 4282 2440 3310 2649 1842 1033 100587 42132 3052 58455 21107 37348
internal_count=335706 205801 77611 128190 3288 124902 124203 1437 76982 66086 46154 12884 33270 3686 122842 121931 1395 120536 10896 9923 1937 7986 6516 1316 119832 19245 29584 1396 129905 3239 1618 126666 2491 1817 1060 1621 3602 28636 27696 2007 1425 25689 24217 1472 22969 12331 10638 11610 10094 7592 4282 2440 3310 2649 1842 1033 100587 42132 3052 58455 21107 37348
cat_boundaries=0 1
cat_threshold=9217
is_linear=0
shrinkage=0.03


Tree=153
num_leaves=63
num_cat=4
split_feature=1 34 1 27 30 32 3 4 24 33 25 8 4 33 28 1 24 31 34 1 28 17 29 20 3 2 24 31 6 31 34 4 24 24 24 24 16 25 27 32 28 23 8 21 0 3 8 8 29 4 17 20 23 25 19 24 16 23 17 20 3 25
split_gain=305.898 140.281 88.3557 90.7058 84.9511 105.839 82.422 128.76 219.577 111.277 95.1499 95.4708 80.5088 80.3519 83.4691 86.3573 83.7449 74.2377 102.184 78.2977 72.1241 185.123 117.058 70.02 65.8498 133.139 123.292 150.009 142.005 66.5805 62.2364 62.0262 57.5188 56.2029 95.6735 203.489 75.4012 88.7581 193.67 54.3234 58.7918 65.6504 56.7408 68.2313 60.1006 99.0344 50.1493 48.8457 48.7705 46.9126 59.1265 46.321 46.2282 434.903 45.5119 45.2473 196.16 145.967 90.7495 95.347 333.347 320.697
threshold=0.21511226468267011 0 4.7568862410327446 0.32258064516129042 1 0.44569213133507635 2.5444738851146274 1.793457742907594 0.23802450821255497 2.5000000000000004 5.2627026356035671 -4.0705449726945444 3.7942461710304394 2.5000000000000004 1.1904402178438807 3.8183924631511066 -0.8905837001257676 3.5142701832067167 2 3.6106108232957301 -0.59192272433278148 73.300000000000026 -0.59460726912275141 41.264788150328762 1.3465034819989021 1.141259691924134 -0.56532384738233998 1.914254749018568 9.5000000000000018 2.0327201025687311 3 2.5089439029973719 0.76785215827905995 -0.98376170968447474 -0.97322851985520697 -0.94445443497892134 11.800000000000002 8.0701159330505536 0.01666666666666667 -0.052851362501414638 0.13204158677131572 -0.48504197719567627 3.6262041067231539 79.938522850106907 3.3745303153991704 3.3468020266432741 5.9388324993870674 0.95469843716207292 2.9114193937674613 1.3642907612998532 73.950000000000017 23.47537137397315 0.99863729997741479 2.3417255616636692 5.9059427821715182 -0.21294651993841582 9.3500000000000032 -0.84374447618434878 73.300000000000026 36.408765373125327 0.24830900727834368 2.8125263706811015
decision_type=2 9 2 2 1 2 2 2 2 2 2 10 2 2 2 2 2 2 9 2 2 2 2 2 2 2 2 2 2 2 9 2 2 2 2 2 2 2 2 2 2 2 10 2 2 2 10 10 2 2 2 2 2 2 2 2 2 2 2 2 2 2
left_child=6 4 3 13 5 32 7 24 9 -9 -11 -12 -4 14 16 31 -3 20 19 -19 21 22 -15 51 29 -26 27 -27 -28 49 -25 -16 54 -23 -35 -36 -37 -38 -39 42 46 -42 43 44 45 -6 -41 -32 -22 52 -51 -18 55 -54 -2 56 -1 -58 -59 -60 -61 -62
right_child=1 2 12 -5 39 -7 -8 8 -10 10 11 -13 -14 17 15 -17 23 18 -20 -21 48 33 -24 30 25 26 28 -29 -30 -31 47 -33 -34 34 35 36 37 38 -40 40 41 -43 -44 -45 -46 -47 -48 -49 -50 50 -52 -53 53 -55 -56 -57 57 58 59 60 61 -63
leaf_value=-0.012248276947374464 0.0041111898508350252 -0.0010696536708617267 0.0015596373027542449 0.012033211274199814 -0.003092217644513185 -0.0057664203164779493 0.0081017711212910057 -0.012270268680523095 -0.020708811921840709 0.011438135691563016 0.004375811820264813 -0.011362805633952743 0.015009469044922501 0.020582546522088317 -0.0027237295166512186 -0.010546133943534852 -0.0012569188662005526 0.01806996024671928 0.0013212139208768183 0.0041714155185657246 0.0013212139208768183 0.0095319814859379029 0.0052836956956995853 0.0013212139208768183 0.016156565835114375 -0.016434381483678082 -0.001586636154894328 0.004211580195999402 0.017757090236382701 -0.010803733357336894 -0.0034061433934570082 0.0013212139208768183 -0.0028346805956039568 -0.0010696536708617267 0.017012859613834988 0.0013212139208768183 0.0013212139208768183 0.023559941299329732 0.0037740871251329636 -0.00042776457923700295 -0.0014379088468627914 0.011144122595794977 -0.0071329676348315671 0.0075516820271062639 0.0049682556562325435 -0.016902480814253999 -0.010919044040374569 -0.013951308408359684 0.0084216143564558223 0.0014642794534093005 -0.011324549556751431 0.0013212139208768183 -0.001220690190506661 0.028116324934155099 -0.002321703879902146 -0.0014513724890974329 0.01035402030409141 -0.0030127117009871116 -6.3669328348919699e-05 -0.0014991018910573417 0.033793546874935812 0.0048070455857095219
leaf_weight=1143 6265 19220 834 659 5007 1944 863 786 790 561 721 660 768 835 7569 1040 7024 806 943 670 80081 869 980 1264 580 649 819 611 580 632 1257 1406 1830 1820 855 5710 2265 633 1482 1791 751 735 3515 560 692 511 527 575 1076 517 868 31848 4338 503 1172 94586 1262 6950 15709 2457 580 837
leaf_count=1143 6265 19220 834 659 5007 1944 863 786 790 561 721 660 768 835 7569 1040 7024 806 943 670 80081 869 980 1264 580 649 819 611 580 632 1257 1406 1830 1820 855 5710 2265 633 1482 1791 751 735 3515 560 692 511 527 575 1076 517 868 31848 4338 503 1172 94586 1262 6950 15709 2457 580 837
internal_value=-3.00392e-05 0.000726294 0.00103226 0.000966444 -0.00135935 0.000588813 -0.00111403 -0.00117231 -0.00683359 -0.00278493 0.00107579 -0.00315976 0.00803414 0.000923249 0.000154582 -0.00238361 0.000570183 0.00147592 0.00666171 0.0117173 0.00134573 0.00337174 0.0123592 0.00132121 -0.00102301 0.00319924 0.000347882 -0.00644565 0.0064676 -0.00112802 -0.00318707 -0.00143241 0.00192438 0.0021712 0.00166657 0.00300409 0.00180919 0.00532445 0.00973741 -0.00291017 0.0001529 0.00480187 -0.0040426 -0.00243399 -0.00333982 -0.00438528 -0.00283134 -0.00670834 0.00132121 -0.00108048 -0.00656257 0.00132121 -0.00102108 0.00185341 0.00309655 -0.0011338 -9.57198e-05 0.000406137 -6.88801e-05 0.000976387 0.00518844 0.0167488
internal_weight=335791 197789 172489 170887 25300 11211 138002 137139 3518 2728 1942 1381 1602 170228 71203 10015 61188 99025 2419 1476 96606 15449 1815 41968 133621 3239 2659 1260 1399 130382 3096 8975 9267 13634 12765 10945 10090 4380 2115 14089 3804 1486 10285 6770 6210 5518 2318 1832 81157 129750 1385 38872 128365 4841 7437 123524 28938 27795 26533 19583 3874 1417
internal_count=335791 197789 172489 170887 25300 11211 138002 137139 3518 2728 1942 1381 1602 170228 71203 10015 61188 99025 2419 1476 96606 15449 1815 41968 133621 3239 2659 1260 1399 130382 3096 8975 9267 13634 12765 10945 10090 4380 2115 14089 3804 1486 10285 6770 6210 5518 2318 1832 81157 129750 1385 38872 128365 4841 7437 123524 28938 27795 26533 19583 3874 1417
cat_boundaries=0 1 2 3 4
cat_threshold=1024 1 8327 216
is_linear=0
shrinkage=0.03


Tree=154
num_leaves=63
num_cat=1
split_feature=1 34 25 23 27 25 25 21 24 29 24 3 4 4 29 7 7 27 21 19 26 3 24 8 23 23 17 24 7 0 4 25 26 23 26 25 25 19 27 26 29 23 0 19 21 24 17 25 26 25 32 1 29 21 29 23 24 17 0 23 0 26
split_gain=346.727 110.267 108.044 176.735 139.523 162.715 96.2734 129.65 112.104 110.266 104.116 209.686 92.8285 97.8001 95.4844 92.2953 92.0679 128.277 91.8579 88.4814 84.051 95.9149 126.008 77.7376 77.1928 291.113 513.189 142.221 147.286 199.795 188.365 116.447 232.044 259.52 103.118 103.079 101.128 107.875 158.124 118.173 101.261 103.453 147.746 141.52 129.524 107.783 95.6868 95.4431 104.994 120.764 99.4153 115.516 89.8592 96.1513 81.7733 71.6996 648.396 1294.11 228.107 140.955 304.901 117.065
threshold=0.55967017624132498 0 16.851755244336946 -0.62729398729515451 0.023118279569892475 9.1948552993196326 11.606379867913903 15.55318689357353 -0.87444874304365161 -0.070036062527646561 -0.76785215827905995 1.1520830722795596 1.831690522045492 1.6253590586873858 -0.44453435048290696 18.174740576548562 9.0777446917100217 0.015591397849462367 153.9730793305493 2.051498226037566 34.751036167144747 2.4476102769065604 -0.44707732260762351 3.6262041067231539 -0.87025318080773884 -0.85283291294431784 75.700000000000017 -0.25466173847491491 11.009535216019124 1.2237754464149477 1.4816886152486097 15.415125877406169 73.48413009643555 -0.91972043703894657 55.844964027404757 15.415125877406169 11.418027806270027 3.278570080070065 0.018817204301075273 22.962179183959943 -0.7351568261734257 -0.97881962527324673 2.1282509565353398 2.6439824120169395 11.930268354133128 -0.02574791365498821 73.500000000000014 8.354240312783789 39.158440303802472 9.7425069341375963 -0.74936545127601228 3.2123324975754666 1.7031050639364749 11.481596374456553 -0.070036062527646561 -0.45473838294431457 -0.87444874304365161 75.700000000000017 3.06347668170929 -0.43938332272944897 2.7536751031875615 22.592082357406614
decision_type=2 9 2 2 2 2 2 2 2 2 2 2 2 2 2 10 8 2 2 2 2 2 2 10 2 2 2 2 8 2 2 2 2 2 2 2 2 2 2 2 2 2 2 2 2 2 2 2 2 2 2 2 2 2 2 2 2 2 2 2 2 2
left_child=2 15 4 -4 5 12 10 9 -9 -8 11 -6 13 -1 -14 23 -7 -18 24 -15 21 22 -16 -2 27 26 35 28 -3 30 -30 47 33 -33 36 -26 37 38 40 -39 -29 43 44 45 -43 -42 -40 -31 -49 -50 -51 -52 55 -54 -48 56 57 58 -27 60 -57 -58
right_child=1 18 3 -5 6 16 7 8 -10 -11 -12 -13 14 19 20 -17 17 -19 -20 -21 -22 -23 -24 -25 25 52 -28 34 29 31 -32 32 -34 -35 -36 -37 -38 39 46 -41 41 42 -44 -45 -46 -47 54 48 49 50 51 -53 53 -55 -56 59 61 -59 -60 -61 -62 -63
leaf_value=-0.0010520955495288077 0.00066151927294703949 -0.0078671013115330455 -0.0049568702189249116 0.014806039331208628 -0.0056484827345040468 0.016578734984535336 -0.01912746853835744 0.015411750583889442 -0.0043881292757174438 0.0003904984936762471 -0.0032307318851936364 -0.031674356661401518 0.004770434399187542 0.01489307668847442 -0.00045748055506619626 -0.0076033071529596329 0.012151530037554445 -0.0039303991885995494 -0.0037479753965506341 0.00090501464371893394 -0.018969628818316649 0.0049018763783065097 -0.015050390983508846 -0.0033765456290134172 0.0071425759410596061 -0.014789084367196451 0.029118247476788726 -0.0049769030309364413 -0.0059185692142857804 0.003848046249754935 0.016116499831608393 -0.0010133912808362566 -0.011725243735328985 0.023655826036056975 0.011318064397144246 -0.01005141850597025 -0.0051157504456966702 -0.0060068760266201804 0.0067591344418777332 0.0014287393184530808 0.0073189706066843574 -0.011179317398197577 0.011046265245260202 0.0010458705524680667 0.0054035013608821902 0.021945245664663032 -0.012360246183919881 -0.016768813887536024 0.0078283901570658457 0.0013997526282884911 -0.013367708040292017 0.0015811257323120908 -0.008741349011889837 0.00020590543570313334 0.00012071637585915287 -0.020937187449112535 0.0060384539832958372 0.048775511222217662 0.012827601590422684 0.0013359337609973254 0.0091848252929644433 0.00088363125351159806
leaf_weight=144471 15057 3323 696 970 626 628 526 507 514 511 817 501 656 642 953 1775 802 995 3313 1099 503 601 1203 5995 754 559 945 607 509 980 1092 887 641 671 919 530 2132 2489 790 8407 735 744 1513 742 972 1209 872 740 604 994 1932 611 1508 3785 1024 745 4773 798 510 76485 503 23317
leaf_count=144471 15057 3323 696 970 626 628 526 507 514 511 817 501 656 642 953 1775 802 995 3313 1099 503 601 1203 5995 754 559 945 607 509 980 1092 887 641 671 919 530 2132 2489 790 8407 735 744 1513 742 972 1209 872 740 604 994 1932 611 1508 3785 1024 745 4773 798 510 76485 503 23317
internal_value=-7.50745e-06 0.000902762 -0.00102864 0.00655962 -0.00110959 -0.000964415 -0.00663561 -0.00210461 0.00547113 -0.00955392 -0.0114146 -0.0173069 -0.00108903 -0.000966834 -0.00564446 -0.00104323 0.00673672 0.00326076 0.00118999 0.00609104 -0.00774431 -0.00566568 -0.00861598 -0.000488933 0.00129828 0.00167771 0.012402 8.85568e-05 -0.00242413 -0.000548865 0.00911436 -0.00247278 0.00340875 0.00965284 0.00149775 3.39071e-05 0.00108943 0.00174859 0.00413816 -0.000271773 0.00665958 0.00785692 0.00422824 0.0122032 -0.00179784 0.0164482 -0.00198521 -0.00468051 -0.00639505 -0.00452326 -0.00664058 -0.00977994 0.0014656 -0.00234905 -0.00563689 0.00165319 0.00290006 0.0199957 -0.0016153 0.00117251 -0.00880846 0.00176045
internal_weight=335712 177491 158221 1666 156555 152553 4002 2058 1021 1037 1944 1127 150128 146212 3916 22827 2425 1797 154664 1741 3260 2757 2156 21052 151351 115212 2229 36139 12984 9661 1601 8060 2199 1558 23155 1284 22236 20104 9208 10896 6522 5915 3229 2686 1716 1944 2686 5861 4881 4141 3537 2543 112983 5293 1896 107690 29957 1867 1069 77733 1248 28090
internal_count=335712 177491 158221 1666 156555 152553 4002 2058 1021 1037 1944 1127 150128 146212 3916 22827 2425 1797 154664 1741 3260 2757 2156 21052 151351 115212 2229 36139 12984 9661 1601 8060 2199 1558 23155 1284 22236 20104 9208 10896 6522 5915 3229 2686 1716 1944 2686 5861 4881 4141 3537 2543 112983 5293 1896 107690 29957 1867 1069 77733 1248 28090
cat_boundaries=0 1
cat_threshold=1024
is_linear=0
shrinkage=0.03


Tree=155
num_leaves=63
num_cat=2
split_feature=27 25 3 25 23 25 13 24 25 34 1 4 1 25 13 8 21 9 11 13 26 9 1 25 24 23 24 19 4 6 31 26 19 1 3 24 1 27 31 3 4 23 25 16 24 3 4 24 24 23 1 22 21 3 26 25 4 16 26 26 4 26
split_gain=310.166 268.378 613.746 133.83 344.411 131.419 119.663 138.326 256.168 129.136 118.933 120.934 115.37 114.955 133.355 100.84 91.8815 89.8627 85.8388 82.1136 124.672 158.674 81.6486 91.1103 155.498 139.607 90.6437 218.86 124.739 83.2906 139.705 79.7527 79.5131 188.238 170.204 154.406 150.004 98.0454 80.6203 78.1669 152.01 91.615 260.375 184.819 122.637 153.434 211.584 198.653 182.822 107.618 106.103 101.314 99.4301 192.64 207.351 536.295 241.468 123.9 201.86 150.231 127.468 85.4772
threshold=0.0048387096774193559 2.8995371117867452 0.38458841776313096 7.3038356630391981 -0.89445413044074662 6.7622700251358498 1.2870818795844092 0.50739640075491554 6.4266871597177255 0 3.6106108232957301 2.6989280214237259 0.87001040102251126 6.2189460023837073 1.0811469112184569 -0.58735321841732324 21.691890221558243 -2.029185489412614 0.10555555555555557 2.5972566755436861 20.509594535827627 0.46650069713389941 2.4574264565122759 5.1847580342523525 -0.060048958514948368 0.62729398729515495 0.20454453068330622 0.42840154557430299 2.2575681975844293 7.5000000000000009 1.4195821523821803 23.483688449859596 8.6371977438490841 2.645139780592344 2.1562435347611069 -0.98053927088909909 2.4423470457352283 0.067204301075268827 1.9604900539264374 2.3995949488455213 2.3304806592191372 -0.88664765382614386 4.8798862397069902 9.5000000000000018 -0.99168614031016833 1.6735921835187997 1.568348677087573 -0.6729242335534279 -0.91281223188962002 -0.36075750887067731 0.25945734864355613 1 70.699020468213646 0.31115071339933803 14.801341223716731 0.56465583265388541 1.0757089974962402 9.7500000000000018 19.45810585021972 21.708560276031488 0.98867248767457683 22.962179183959943
decision_type=2 2 2 2 2 2 2 2 2 9 2 2 2 2 2 10 2 8 10 2 2 8 2 2 2 2 2 2 2 2 2 2 2 2 2 2 2 2 2 2 2 2 2 2 2 2 2 2 2 2 2 1 2 2 2 2 2 2 2 2 2 2
left_child=3 2 -2 5 -5 10 7 32 -9 12 11 13 15 19 -15 -8 -17 -11 -19 22 21 -21 23 26 25 -25 27 -1 31 30 -29 -28 36 34 35 -34 38 -38 -3 40 41 50 44 -44 -43 49 -47 48 -48 -46 61 -52 57 -54 55 -55 -57 58 -51 -60 -59 -31
right_child=1 6 -4 4 -6 -7 9 8 -10 17 -12 -13 -14 14 -16 16 -18 18 -20 20 -22 -23 -24 24 -26 -27 28 29 -30 39 -32 -33 33 -35 -36 -37 37 -39 -40 -41 -42 42 43 -45 45 46 47 -49 -50 52 51 -53 53 54 -56 56 -58 60 59 -61 -62 -63
leaf_value=0.015179692132044764 -0.0028920731585793534 -0.0014494334926429993 0.028789605366273136 0.026414612439195611 -0.0032118780270154776 -0.015451344329778051 0.0037372459846169654 -0.0013854038468338065 0.023901275491702914 0.0090754661787173178 0.0095630636182351507 -0.0068736152719243134 0.0021566198501019119 0.020119852111270816 -0.0014777900460692581 0.0168790502651056 0.0030112713650395626 -0.0031045341795169793 0.00083687828113415154 0.0027952274528246523 -0.0026955809132365527 0.020901596398491946 0.0031582225823005862 -0.004615434459657646 0.010034525760738813 -0.019214175674402829 -0.001362535702350835 -0.0025657501170736285 -0.014598398009702827 0.010814898204376361 0.018694728683825549 -0.010606565445576841 0.01582240591053093 -0.013257995249765961 0.020235791091302403 -0.0015628667543395407 0.0087170198083267904 -0.0058008934747793266 -0.0059439874033484445 -0.010021521343853295 0.015667238720669014 -0.010599534674121162 0.0024527409107687834 0.027594809123554609 -0.0058728466955775297 0.018337188008260615 0.0059873085921278886 0.01143008074229916 -0.013152500286282648 -0.00094817557859771964 -0.0049952557295558277 -0.019222650754881634 -0.00037853026043529233 -0.00024018403961658912 -0.0014214249216272282 0.037840603438650221 0.012395451277298141 -0.001237305289016073 0.020452585342659285 0.001350917361274629 -0.0076982821275406888 -0.006111766759065271
leaf_weight=827 1219 24306 997 568 918 549 3249 949 576 1129 983 2969 30452 505 518 1317 641 5330 73317 1352 1547 639 4292 2912 510 736 90117 566 649 553 540 843 597 532 602 1943 1936 530 4211 751 526 1046 547 504 3338 888 814 1142 991 3129 1805 600 12555 1586 1753 689 664 30580 872 643 3015 513
leaf_count=827 1219 24306 997 568 918 549 3249 949 576 1129 983 2969 30452 505 518 1317 641 5330 73317 1352 1547 639 4292 2912 510 736 90117 566 649 553 540 843 597 532 602 1943 1936 530 4211 751 526 1046 547 504 3338 888 814 1142 991 3129 1805 600 12555 1586 1753 689 664 30580 872 643 3015 513
internal_value=4.98473e-05 0.00104155 0.0113945 -0.000788183 0.00816298 -0.000862075 0.000889867 -0.000615459 0.0082124 0.0013617 -0.000817152 -0.000874414 0.00286216 -0.000773052 0.00922981 0.00698779 0.0123583 0.000690435 0.000569584 -0.000831776 0.00368902 0.00864416 -0.000925146 -0.00103005 -0.00541272 -0.00758306 -0.000918125 -0.000117089 -0.00154274 -0.00029731 0.00785201 -0.00144879 -0.00100504 0.00316505 0.00596242 0.00254641 -0.00149996 0.00559136 -0.00211405 -0.000427544 -0.000322026 -0.000446435 -0.000191731 0.014583 -0.000436609 -0.000266122 0.00554404 0.00166464 -0.00452833 -0.000645352 -0.00519116 -0.00867772 -0.000330368 0.00156032 0.00674323 0.0116073 0.0254447 -0.00118322 0.00340734 0.0123765 -0.00181821 0.00267863
internal_weight=335877 153833 2216 182044 1486 180558 151617 36182 1525 115435 180009 179026 35659 176057 1023 5207 1958 79776 78647 175034 3538 1991 171496 167204 4158 3648 163046 71437 91609 70610 1106 90960 34657 3674 3142 2540 30983 2466 28517 69504 68753 68227 64756 1051 63705 62659 3835 2947 1805 58824 3471 2405 55486 17247 4692 2939 1353 38239 4644 1515 33595 1066
internal_count=335877 153833 2216 182044 1486 180558 151617 36182 1525 115435 180009 179026 35659 176057 1023 5207 1958 79776 78647 175034 3538 1991 171496 167204 4158 3648 163046 71437 91609 70610 1106 90960 34657 3674 3142 2540 30983 2466 28517 69504 68753 68227 64756 1051 63705 62659 3835 2947 1805 58824 3471 2405 55486 17247 4692 2939 1353 38239 4644 1515 33595 1066
cat_boundaries=0 1 2
cat_threshold=146 12
is_linear=0
shrinkage=0.03


Tree=156
num_leaves=63
num_cat=0
split_feature=1 5 24 5 24 32 23 11 9 27 27 26 23 5 17 23 26 13 20 25 24 23 31 31 5 13 23 9 24 23 23 26 5 20 23 5 20 3 31 2 21 23 8 5 1 31 5 23 23 24 23 23 23 5 23 24 23 23 31 13 23 31
split_gain=280.184 125.523 99.9449 196.789 131.644 97.0096 94.5997 92.8562 104.543 96.6202 183.047 213.444 550.416 172.471 217.082 194.196 169.124 162.508 150.268 195.626 114.262 139.048 134.34 99.405 217.424 360.407 172.335 104.185 126.293 190.094 156.32 131.86 130.18 119.811 139.907 118.001 116.515 111.941 96.7944 96.4187 99.7813 93.5471 92.726 147.414 90.1395 89.3404 84.9245 150.053 166.956 136.215 181.235 114.272 139.806 94.4112 193.768 156.995 458.142 432.343 364.011 260.587 236.802 175.6
threshold=0.17233684853827505 1.6809837296058974 -0.99992632385251334 0.012656214368936105 -0.99963164097526602 1.3535716480550175 -0.99466323211226826 0.10555555555555557 -2.029185489412614 0.14032258064516132 0.12741935483870973 102.15504150390618 -0.13690605792347518 0.19007354248647582 73.300000000000026 -0.11988119229922731 97.085345458984378 1.7050441072354954 28.705107879578925 30.718496452167795 -0.99698079756684088 -0.10282099713736061 2.5280520195768137 3.5912393499179838 0.18411307670999802 3.1028613784463128 -0.26295251545706949 -0.11969711304611332 -0.98933596577443683 -1.0000000180025095e-35 -0.068614738002134482 82.544995689392081 0.037003088834104449 41.264788150328762 -0.9998158143810113 0.17853669422788412 33.666781991408762 3.771704254545762 1.633478326912394 1.9768277184381293 21.691890221558243 -0.36876293119226017 -18.719611592389722 0.090163414736144032 3.2123324975754666 2.3275515126564854 0.3123351487687428 -0.99466323211226826 -0.99054754357789199 -0.60703521118548998 -0.69174588062027931 0.97881962527324695 0.9294892378951588 -0.39432437951110638 0.042903177641795284 -0.82964644928663578 -0.45473838294431457 -0.79462857753386928 2.6452725510499628 2.3521772551348978 -0.23803327706148594 2.5491218735177399
decision_type=2 2 2 2 2 2 2 10 8 2 2 2 2 2 2 2 2 2 2 2 2 2 2 2 2 2 2 8 2 2 2 2 2 2 2 2 2 2 2 2 2 2 10 2 2 2 2 2 2 2 2 2 2 2 2 2 2 2 2 2 2 2
left_child=6 2 3 -2 -4 7 -1 8 -6 10 11 16 44 14 -12 -16 23 38 -19 -20 -21 42 -23 27 25 26 -25 46 29 30 36 33 -33 34 -30 39 -29 -36 -11 -31 -41 -10 -22 -44 -13 -18 47 -9 -49 50 -48 52 53 54 55 56 -50 58 59 -57 -58 -59
right_child=1 -3 4 -5 5 -7 -8 9 41 17 13 12 -14 -15 15 -17 45 18 19 20 21 22 -24 24 -26 -27 -28 28 31 35 -32 32 -34 -35 37 -37 -38 -39 -40 40 -42 -43 43 -45 -46 -47 49 48 51 -51 -52 -53 -54 -55 -56 57 60 61 -60 -61 -62 -63
leaf_value=-0.0093668192821503779 0.022403844593983185 0.0070000439769421288 -0.0068933788159584496 -0.0030887605964548381 0.011158269131394208 0.0099964388404849558 -0.00098129111955604737 -0.0060245580399891944 -0.0058557015659716095 0.0023863182831432321 -0.027896837773601402 -0.01013879730686513 0.036518020644232312 0.0044483474410258062 -0.017003489598883349 0.006143183367238873 -0.019273846970789189 -0.0023993752590841864 0.024837694205747052 0.016415385657604128 0.0019413434068615361 0.0048423588438265596 -0.016981321040068355 0.011319478688523073 -0.0066468300472017341 -0.0074920639524288062 0.034879842229949477 0.0021096431761459546 0.013608748480564118 -0.026415276931827509 0.0086509468967647975 0.018464585804608309 -0.0014779641254864936 -0.0040564631749182341 0.00037253829275512294 -0.0016905381850370279 -0.014306782768154802 -0.010877159171617841 -0.015277305065933158 -0.019289841560369139 -0.00093943302645401524 -1.0154819338744422e-05 0.015599756778064787 0.00076561703042259338 0.0077423571817406044 -0.0029135452244862105 0.013970978969196472 0.012895633316259723 0.029245630013321415 0.00062786512850846507 0.0036448967582653926 0.012253777033664884 -0.010150835492227502 -5.1931396073452296e-05 -0.002811237936501597 0.0078327355757307135 -0.0062730059800082828 -0.0027481999262977232 0.029349439403374158 -0.012119228677307992 0.012747721888016069 -0.020711737708468819
leaf_weight=1217 541 2812 2098 542 500 990 133024 2759 4768 512 553 503 527 793 650 646 560 2003 503 764 2416 507 500 609 751 535 523 827 708 502 1242 694 508 5872 80738 843 728 799 606 547 517 5093 1627 957 502 646 1814 1063 858 11162 9666 778 1040 28426 3892 3698 1122 1806 608 696 1230 668
leaf_count=1217 541 2812 2098 542 500 990 133024 2759 4768 512 553 503 527 793 650 646 560 2003 503 764 2416 507 500 609 751 535 523 827 708 502 1242 694 508 5872 80738 843 728 799 606 547 517 5093 1627 957 502 646 1814 1063 858 11162 9666 778 1040 28426 3892 3698 1122 1806 608 696 1230 668
internal_value=3.94252e-06 0.000711733 0.000622493 0.00969021 0.000572514 0.000652868 -0.00105766 0.00060502 -0.00215764 0.000760636 0.000592363 0.000713551 0.0118428 -0.00723639 -0.0122462 -0.00548661 0.000612575 0.00356936 0.00487202 0.00687457 0.0055228 0.00412492 -0.00602399 0.000692971 0.00672555 0.0127518 0.0223102 0.000604798 -4.82602e-05 -0.00458807 0.000733791 0.000216587 0.0100651 8.16802e-05 0.000377358 -0.0107558 -0.00559721 0.00026164 -0.00721345 -0.0156148 -0.0104194 -0.00283813 0.00617289 0.0101179 -0.001213 -0.0105586 0.00147069 0.000764104 0.00117291 0.00298823 0.00528193 0.000893484 0.000691446 0.000954803 0.00291721 0.00500393 0.0105483 0.00261787 0.00768928 0.00466221 0.00368 -0.00763049
internal_weight=335589 201348 198536 1083 197453 195355 134241 194365 10361 184004 173609 170967 1532 2642 1849 1296 169435 10395 9277 7274 6771 6007 1007 168229 2418 1667 1132 165811 94525 5206 2797 89319 1202 88117 82245 2409 1555 81537 1118 1566 1064 9861 5000 2584 1005 1206 71286 48644 45885 22642 11480 44822 44044 43004 14578 10686 3210 7476 5002 4394 2352 2474
internal_count=335589 201348 198536 1083 197453 195355 134241 194365 10361 184004 173609 170967 1532 2642 1849 1296 169435 10395 9277 7274 6771 6007 1007 168229 2418 1667 1132 165811 94525 5206 2797 89319 1202 88117 82245 2409 1555 81537 1118 1566 1064 9861 5000 2584 1005 1206 71286 48644 45885 22642 11480 44822 44044 43004 14578 10686 3210 7476 5002 4394 2352 2474
is_linear=0
shrinkage=0.03


Tree=157
num_leaves=63
num_cat=1
split_feature=27 25 18 31 13 8 20 28 23 23 23 16 0 13 23 26 20 13 23 18 27 23 23 26 23 0 23 27 21 18 25 8 21 2 0 16 26 25 0 23 25 3 19 3 25 23 26 26 25 23 0 34 23 23 27 19 0 2 25 25 23 23
split_gain=268.037 219.938 1135.93 122.641 231.548 177.621 98.6931 97.9548 123.652 210.639 437.76 640.275 153.364 144.496 141.782 265.796 241.288 140.601 137.569 334.929 235.794 178.211 264.435 1211.64 217.558 330.147 288.955 165.182 241.975 135.635 135.426 135.665 134.545 133.148 127.846 124.303 140.84 342.555 135.071 202.007 118.631 111.756 143.625 260.519 183.46 179.289 166.788 281.313 239.662 115.117 110.325 109.069 133.174 335.481 203.34 113.897 103.176 121.134 137.479 187.103 105.504 103.03
threshold=0.0048387096774193559 3.0044940699012055 111.24841832574042 3.5912393499179838 2.6266555606128343 -1.7173025621065494 22.905322486475324 1.6343099234044824 0.0085831648773537477 0.14539831731376898 0.17927415433127167 15.350000000000001 0.33644320070743566 1.8634635732587796 0.36075750887067765 85.776382827758738 24.202394163978258 2.2500670296956042 -0.051478754770346226 637.19260424194351 0.037096774193548392 -0.10282099713736061 -0.13690605792347518 95.274362564086871 -0.18771856543719898 1.7441881299018862 -0.21293867525431634 0.1317204301075269 16.481004488134428 41.853209403187257 24.661279086444171 -2.3731413772839578 67.294359006819505 0.8581697976666337 2.397932887077332 16.350000000000005 29.644232988357526 6.5222570340880148 2.711628913879395 0.71612580616132593 33.770314933571932 3.2904737966084361 2.5703227282623566 2.3192387949977342 11.606379867913903 0.48504197719567638 58.108336067199694 54.248198604583671 11.418027806270027 0.44709379298511415 2.6485627889633183 0 -0.45473838294431457 -0.49998158062385478 0.11236559139784948 4.3100708759369413 3.2691237926483159 2.301858498812583 19.831039795175357 14.792872770050522 0.21293867525431665 -0.99466323211226826
decision_type=2 2 2 2 2 10 2 2 2 2 2 2 2 2 2 2 2 2 2 2 2 2 2 2 2 2 2 2 2 2 2 10 2 2 2 2 2 2 2 2 2 2 2 2 2 2 2 2 2 2 2 9 2 2 2 2 2 2 2 2 2 2
left_child=-1 2 -2 6 5 -5 -3 8 18 30 11 17 13 33 16 32 -14 -11 21 20 -20 22 24 34 26 -26 51 28 -22 -23 31 -10 35 -12 -24 36 38 -38 39 -16 50 42 46 45 -45 -44 47 48 -39 -48 -27 52 53 61 55 -54 57 58 59 -18 -59 -8
right_child=1 3 -4 4 -6 -7 7 -9 9 10 12 -13 14 -15 15 -17 56 -19 19 -21 27 29 23 -25 25 40 -28 -29 -30 -31 -32 -33 -34 -35 -36 -37 37 41 -40 -41 -42 -43 43 44 -46 -47 49 -49 -50 -51 -52 -53 54 -55 -56 -57 -58 60 -60 -61 -62 -63
leaf_value=-0.00073708750175373577 -0.001023021601902496 -0.0016690119224290296 0.049820628497479535 0.0066771841511468998 0.00014093413401623483 0.030141099348250756 -0.0060973270056968237 -0.0016851342261992358 -0.00048738281093917233 0.01028224908143114 -0.0033804682690716133 0.035894575334750697 0.010423753697345328 0.010640684908268678 0.01397893005848317 0.022177327662230503 1.8356767102150405e-05 -0.011249019074825475 -0.011685416996275717 0.027529333303860468 0.0043519706464968545 0.0031463482680344035 0.0062688528286474468 0.048088577053072748 -0.022942728199948033 -0.004018207410242342 0.01885586181518108 -0.000940619527710363 0.031412749284473331 -0.011032393027377796 0.00042774316521951771 -0.012775744118453738 0.011222692959021015 -0.014787437778905663 -0.013305593750561439 -0.0062290862494920026 0.024130180792756847 0.0035757539840065391 -0.01786830637225029 -0.0061346296071518982 -0.011602305103095624 -0.0046496829450279669 0.016259082826988916 0.00070816011952555969 -0.018003855409151205 -0.0018592414267422956 0.0060515092693052249 -0.014539233511870807 0.02476590060565487 0.02512361556540358 0.013417790727713831 0.0025743478695954523 -0.014960455956872178 0.018579890293402717 0.0030075209169852365 -0.00076061517166371847 0.0048331619374077919 -0.019104590133203876 0.0089338721466463121 -0.016818567281639524 -0.0064792652575597015 0.00098263709878266344
leaf_weight=182484 1797 14277 502 655 1835 522 2059 11557 1187 572 3767 763 1192 502 602 588 2102 513 705 623 724 936 560 594 795 625 890 990 502 1714 2274 2534 1247 1216 637 1879 674 2658 512 1726 541 1802 937 928 953 1026 510 622 582 652 675 45506 1628 936 1718 739 1031 785 850 823 2465 17827
leaf_count=182484 1797 14277 502 655 1835 522 2059 11557 1187 572 3767 763 1192 502 602 588 2102 513 705 623 724 936 560 594 795 625 890 990 502 1714 2274 2534 1247 1216 637 1879 674 2658 512 1726 541 1802 937 928 953 1026 510 622 582 652 675 45506 1628 936 1718 739 1031 785 850 823 2465 17827
internal_value=4.01054e-05 0.000963784 0.010163 0.000823619 0.00681161 0.0171669 0.00070172 0.000954447 0.00120374 -0.000152859 0.000749802 0.0149341 -5.56663e-05 -0.00462874 0.00086903 0.00242729 -0.0021464 9.71246e-05 0.00187392 0.00765137 0.00337194 0.00161222 0.00187995 0.0132543 0.00160356 -0.00685211 0.00191661 0.00817782 0.0155149 -0.00602786 -0.00534062 -0.00886167 0.00175019 -0.00617614 -0.00415997 0.00101156 0.00197261 0.00346824 -0.0039971 -0.000914631 0.000139636 0.00215238 0.00353642 -0.000828216 -0.00879479 0.00680853 0.00687343 0.00386442 0.00741443 0.0168147 0.00505182 0.00170118 0.000104599 0.00107654 -0.00484459 -0.0105381 -0.00401165 -0.00531224 -0.00165308 -0.00473962 -0.00955343 0.000248228
internal_weight=336027 153543 2299 151244 3012 1177 148232 133955 122398 40474 34479 1848 32631 5485 27146 17898 9248 1085 81924 3544 2921 78380 75730 1791 73939 2636 71303 2216 1226 2650 5995 3721 17310 4983 1197 16063 14184 11344 2840 2328 1841 10670 8868 3844 1881 1963 5024 3862 3240 1162 1300 70413 24907 20822 4085 2367 8056 7025 3775 2925 3250 19886
internal_count=336027 153543 2299 151244 3012 1177 148232 133955 122398 40474 34479 1848 32631 5485 27146 17898 9248 1085 81924 3544 2921 78380 75730 1791 73939 2636 71303 2216 1226 2650 5995 3721 17310 4983 1197 16063 14184 11344 2840 2328 1841 10670 8868 3844 1881 1963 5024 3862 3240 1162 1300 70413 24907 20822 4085 2367 8056 7025 3775 2925 3250 19886
cat_boundaries=0 1
cat_threshold=1124
is_linear=0
shrinkage=0.03


Tree=158
num_leaves=63
num_cat=0
split_feature=1 24 25 26 26 2 4 5 23 24 18 23 25 26 5 21 17 24 5 20 23 5 24 21 25 24 17 21 25 31 1 24 17 24 23 5 17 5 5 20 23 18 23 23 17 5 23 23 5 25 25 2 26 24 24 24 29 21 17 5 23 23
split_gain=226.87 177.33 399.625 167.953 132.53 115.783 105.203 101.207 108.576 248.971 252.932 201.387 199.433 285.968 171.729 217.046 223.09 153.993 223.881 151.013 135.884 134.147 132.735 140.098 133.364 230.66 259.994 241.085 118.188 109.536 175.829 133.29 148.134 228.779 232.653 205.711 169.091 357.707 242.656 165.538 141.612 136.259 126.692 397.466 522.938 698.268 223.143 217.244 395.468 227.642 219.865 201.502 174.944 522.375 213.749 219.906 175.564 150.494 133.161 134.853 134.588 202.771
threshold=1.5548768279514544 -0.99904236206516772 13.206424748296701 106.43766212463377 92.353037452697734 3.0389727748561328 2.6611665365846542 1.8418761201944653 -0.82482438823869786 -0.25466173847491491 637.19260424194351 -0.70403958523943955 4.505941076288301 24.504613590240471 -0.14482299837484433 17.40217106970557 73.850000000000009 -0.66012780149078443 -0.28121508550996516 32.092952914295417 -0.57238288608965326 0.26977245686704771 -0.11987677602567985 13.310367659907348 9.1948552993196326 -0.085727341951035402 73.15000000000002 11.481596374456553 4.2867612460407845 3.5912393499179838 3.5580300949271764 -0.99374406038856444 76.300000000000026 -0.99698079756684088 0.0085831648773537477 -0.24542239935729601 73.850000000000009 -0.0090436185228098803 0.21771121065287005 32.092952914295417 -0.051478754770346226 163.51191841705128 -0.51477383718533543 -0.45473838294431457 73.850000000000009 0.13981783221519253 -0.48504197719567627 -0.55822315702467107 -0.14482299837484433 25.50277887939686 30.718496452167795 3.1772518474855422 104.44958744049073 -0.98933596577443683 -0.9770278626699701 -0.98376170968447474 0.11853411682973876 16.481004488134428 75.300000000000011 0.50460616626316634 -0.40828930082137055 -0.15389057670406206
decision_type=2 2 2 2 2 2 2 2 2 2 2 2 2 2 2 2 2 2 2 2 2 2 2 2 2 2 2 2 2 2 2 2 2 2 2 2 2 2 2 2 2 2 2 2 2 2 2 2 2 2 2 2 2 2 2 2 2 2 2 2 2 2
left_child=1 2 -1 4 5 6 -3 8 9 14 22 17 20 -14 15 16 -2 18 -10 -18 -13 -12 23 -11 25 -24 -27 -28 -22 31 -31 32 33 34 36 -36 37 -15 -38 -35 -34 -42 47 44 -44 46 -46 48 57 -49 51 -50 56 -54 55 -55 -45 -33 -58 60 -60 -62
right_child=7 3 -4 -5 -6 -7 -8 -9 11 10 21 12 13 29 -16 -17 19 -19 -20 -21 28 -23 24 -25 -26 26 27 -29 -30 30 -32 42 40 39 35 -37 38 -39 -40 -41 41 -43 43 52 45 -47 -48 49 50 -51 -52 -53 53 54 -56 -57 58 -59 59 -61 61 -63
leaf_value=-0.0021147413279913206 -0.014161044888900735 -0.00073140688024472009 0.030020854343916416 0.016206374845848585 -0.013922861528406565 0.011899264221105918 -0.0065652325237780616 0.0078678824222298341 -0.0053835767791566343 0.0024666130664444939 -0.010929099393966911 0.019708088134237797 -0.008417802587284591 -0.017489911437978338 -0.0053139051621822779 0.014729307924761447 0.015201172767915791 0.0029669878181468852 0.0149972103254273 -0.0035648688753962222 0.0031087611993439465 0.0010846901648513456 -0.014342154702239047 0.018895771899447543 -0.001545639593175964 -0.0080319998396215803 0.017647817346697892 0.0047031620635434304 0.01716130077777947 0.016739628122438639 0.00097453068915800533 -0.0055844345936291988 0.0031101070125239237 -0.0018017507985192533 0.010781021490628741 -0.0095239731634450091 0.022685818754060724 0.013181199997079703 -0.0015863552533700006 -0.018611053664053426 -0.020913048209996694 -0.0029906489031554591 -0.0057952454148967499 0.0013360490082012567 0.019277664802753232 -0.00096859161843700146 0.042631783669191251 -0.017129023031589537 0.0040178441503433016 0.0017892164114788733 -0.012664959868186691 0.022692882489653801 0.027565330774922455 0.0044210029103624602 0.0061069968023120293 -0.018567047711913733 0.002452524994911168 -0.024456833067069153 -0.017036531807256242 0.0020650897149373151 0.0057716774166318117 -0.0092889877664136984
leaf_weight=957 898 201892 542 518 687 642 2816 1848 604 938 1962 514 3257 586 11459 924 675 8014 2414 889 9091 1454 548 929 5399 1081 1683 5588 568 974 1823 1035 577 1217 592 1811 1088 808 560 927 1010 615 1113 25862 711 966 793 1488 4654 927 624 581 835 720 3399 772 2521 600 1134 1589 1082 3101
leaf_count=957 898 201892 542 518 687 642 2816 1848 604 938 1962 514 3257 586 11459 924 675 8014 2414 889 9091 1454 548 929 5399 1081 1683 5588 568 974 1823 1035 577 1217 592 1811 1088 808 560 927 1010 615 1113 25862 711 966 793 1488 4654 927 624 581 835 720 3399 772 2521 600 1134 1589 1082 3101
internal_value=-8.70373e-05 -0.000698178 0.00956584 -0.000772895 -0.000815975 -0.000771788 -0.000811816 0.000907618 0.000805213 -0.000630963 0.00159021 0.00134524 0.000824306 0.000256437 -0.00356045 0.00237272 -0.00228521 0.00514559 0.0109162 0.00455692 0.00474938 -0.00582139 0.00315765 0.0106702 0.00217336 0.00442901 0.00566849 0.0077095 0.00394358 0.000678107 0.00648449 0.000425042 -0.00279688 -0.000806876 0.00246235 -0.00450966 0.00796819 0.000271464 0.0144581 -0.00909597 -0.00963791 -0.0141601 0.00100399 0.00168574 0.0112607 0.0189424 0.0316918 -0.00206368 0.000459623 -0.00987855 0.00410145 0.00611015 0.000848019 0.0057096 0.00195401 -0.0074959 5.84807e-05 -0.0125635 -0.00344525 -0.00559841 -0.00788846 -0.00539107
internal_weight=335886 208054 1499 206555 206037 205350 204708 127832 125984 34427 19582 91557 80525 70352 14845 3386 2462 11032 3018 1564 10173 3416 16166 1867 14299 8900 8352 7271 9659 67095 2797 64298 9791 7589 5445 2403 3042 1394 1648 2144 2202 1625 54507 44598 3583 2470 1504 9909 7494 2415 5859 5235 41015 5726 4891 1492 35289 1635 9427 6906 5317 4183
internal_count=335886 208054 1499 206555 206037 205350 204708 127832 125984 34427 19582 91557 80525 70352 14845 3386 2462 11032 3018 1564 10173 3416 16166 1867 14299 8900 8352 7271 9659 67095 2797 64298 9791 7589 5445 2403 3042 1394 1648 2144 2202 1625 54507 44598 3583 2470 1504 9909 7494 2415 5859 5235 41015 5726 4891 1492 35289 1635 9427 6906 5317 4183
is_linear=0
shrinkage=0.03


Tree=159
num_leaves=63
num_cat=0
split_feature=1 24 5 24 27 17 26 23 23 5 19 17 5 5 23 27 11 29 23 24 5 13 5 32 23 5 19 27 23 23 23 17 5 24 17 24 5 16 26 17 24 27 27 23 28 23 24 23 5 27 26 17 31 13 24 24 1 24 5 23 23 29
split_gain=227.51 144.36 130.743 117.58 148.771 197.548 150.649 141.236 191.942 227.748 166.946 180.549 327.135 175.757 152.148 115.65 111.951 100.586 92.1553 205.987 381.473 246.055 140.002 125.165 118.334 228.506 170.541 167.803 165.267 124.27 455.975 424.58 729.343 430.384 337.338 211.61 175.161 404.183 353.995 168.833 338.055 272.796 257.193 251.9 443.966 220.947 206.679 189.575 224.336 153.837 140.04 185.189 211.1 138.82 126.581 124.736 523.22 149.596 354.654 1084.69 294.654 229.37
threshold=1.1164056565574854 -0.99904236206516772 -1.7789556044153982 -0.99374406038856444 0.015591397849462367 76.65000000000002 30.081323909759512 -0.068614738002134482 0.0085831648773537477 -0.45154460233313215 2.051498226037566 73.850000000000009 0.043045136832240379 0.16704619842990862 -0.085730500155694681 0.10376344086021506 0.10555555555555557 0.83563915337210937 -0.82482438823869786 -0.25466173847491491 -0.41622459980865184 1.968200806734566 1.0770132188554573 0.23442472554557095 -0.70403958523943955 -0.65854826619637363 2.8505341756166178 0.023118279569892475 -0.75110426010738129 -0.51477383718533543 -0.45473838294431457 73.850000000000009 0.11263072305730176 -0.87444874304365161 76.300000000000026 -0.8099950225495034 -0.012586124122605985 16.350000000000005 60.117251300811766 74.850000000000009 -0.98376170968447474 0.080107526881720445 0.067204301075268827 -0.13690605792347518 0.35486383575661512 0.14539831731376898 -0.93262014971044682 -0.40828930082137055 0.037003088834104449 0.11989247311827959 16.648247575759886 74.050000000000011 1.4598741554500572 2.7005349548869542 -0.87444874304365161 -0.98669422938859286 3.4363998887236114 -0.96477059369951401 0.015307999142330631 -0.18771856543719898 -0.21293867525431634 -0.48845015280791187
decision_type=2 2 2 2 2 2 2 2 2 2 2 2 2 2 2 2 8 2 2 2 2 2 2 2 2 2 2 2 2 2 2 2 2 2 2 2 2 2 2 2 2 2 2 2 2 2 2 2 2 2 2 2 2 2 2 2 2 2 2 2 2 2
left_child=1 -1 -2 4 6 7 -4 14 10 -10 -9 12 -12 -13 -6 -3 17 -5 19 20 21 -18 -22 -21 25 -20 27 -27 -28 35 31 -31 33 -33 -35 53 37 38 -37 40 43 42 47 -32 45 -45 -42 48 -41 -38 -48 -52 -53 -26 -34 56 -49 58 59 -57 -60 -62
right_child=2 15 3 16 5 -7 -8 8 9 -11 11 13 -14 -15 -16 -17 18 -19 24 23 22 -23 -24 -25 29 26 28 -29 -30 30 39 32 54 34 -36 36 49 -39 -40 41 46 -43 -44 44 -46 -47 50 55 -50 -51 51 52 -54 -55 -56 57 -58 -59 60 -61 61 -63
leaf_value=0.01079223599608908 0.016031527145341895 -0.00077522856412987171 -0.0044565779268289363 -0.00051013510466539733 -0.00019629211155811898 0.016361286715119366 -0.02240132582051696 -0.0048121197417933031 0.010542950661645577 -0.0072372520910120829 -0.015683721907915917 0.023473912155427819 0.01717994361103942 0.0020056040139124496 -0.019437514145653347 0.013325454023009765 0.018872034615313581 -0.0086742827685950211 -0.0091219163006436479 0.0034508726057494452 -0.0050959284794625968 -0.0011563011038958043 0.0082033178252933804 -0.0010984563670548596 -0.0095449230196752843 -0.0039698166300648815 0.0057095269163055084 0.0066433201028907977 0.016513646032680789 -0.0055616452337102201 -0.001511655434235799 0.044280722526066837 0.012193330390658712 0.029871917890244366 -0.0017586389655961619 -0.0073367203973861324 0.0056079266499535138 -0.024112518425311216 0.020861849078340683 -0.020266102013161865 -0.0013037317524342905 -0.009599630485672913 0.020142821419570352 -0.0019888325595870757 0.034967759999759832 0.020020877419523894 6.8212146492597096e-05 -0.014554495689359818 0.00070867328378769695 -0.01148500124563711 0.0047483942018420565 0.0038219785444787513 0.027293780761028938 0.0034759569033381661 -0.0051587240943131241 0.041740870919903902 0.019835044276187545 0.00053011673796795429 -0.01956300743028987 -0.0032563580361752221 -0.0042001530522359923 0.01872588934994528
leaf_weight=978 507 183670 1712 5584 729 591 555 1059 784 3641 568 981 515 528 746 520 1121 1790 997 15611 13087 1082 749 8352 3369 2353 3624 3104 1968 1097 903 826 574 698 533 1145 5600 721 610 850 9742 2479 596 905 820 745 3340 1617 990 513 4432 606 801 940 1087 834 523 26659 595 1132 973 652
leaf_count=978 507 183670 1712 5584 729 591 555 1059 784 3641 568 981 515 528 746 520 1121 1790 997 15611 13087 1082 749 8352 3369 2353 3624 3104 1968 1097 903 826 574 698 533 1145 5600 721 610 850 9742 2479 596 905 820 745 3340 1617 990 513 4432 606 801 940 1087 834 523 26659 595 1132 973 652
internal_value=2.99048e-05 -0.000673886 0.000897278 0.000845501 -0.00195059 -0.000395978 -0.00888939 -0.00144091 0.000120323 -0.0040787 0.00520814 0.00930345 -4.88989e-05 0.0159936 -0.00996058 -0.000735059 0.00109822 -0.00249647 0.00130228 0.000104268 -0.00252665 0.00905481 -0.00437328 0.00186536 0.001835 0.00460164 0.00584355 0.0020676 0.00952319 0.00140695 0.00194062 0.0108192 0.0156534 0.0275708 0.0162248 -0.00128261 0.00143941 -0.00528532 0.00249591 0.00122957 0.00330082 1.09214e-05 0.000684793 0.0120431 0.0169916 0.00797935 0.00173958 0.000348941 -0.00900942 0.00416528 0.00496851 0.0077691 0.0172337 -0.00670371 0.000856309 0.000872265 -0.0061233 0.00135853 0.00662741 0.0158895 -0.0015922 0.00502771
internal_weight=335413 185168 150245 149738 12409 10142 2267 9551 8076 4425 3651 2592 1083 1509 1475 184190 137329 7374 129955 40002 16039 2203 13836 23963 89953 12046 11049 5457 5592 77907 65009 4815 3718 2057 1231 12898 8589 2476 1755 60194 22294 37900 35421 3373 2470 1650 18921 34825 1840 6113 9179 5839 1407 4309 1661 32985 2140 30845 4186 1966 2220 1625
internal_count=335413 185168 150245 149738 12409 10142 2267 9551 8076 4425 3651 2592 1083 1509 1475 184190 137329 7374 129955 40002 16039 2203 13836 23963 89953 12046 11049 5457 5592 77907 65009 4815 3718 2057 1231 12898 8589 2476 1755 60194 22294 37900 35421 3373 2470 1650 18921 34825 1840 6113 9179 5839 1407 4309 1661 32985 2140 30845 4186 1966 2220 1625
is_linear=0
shrinkage=0.03


Tree=160
num_leaves=63
num_cat=0
split_feature=13 5 24 10 24 18 25 26 25 29 25 23 26 26 23 21 29 32 4 3 8 24 18 2 5 17 5 13 3 2 2 21 4 29 21 29 23 24 26 17 26 18 32 5 24 26 5 25 23 4 26 25 25 25 25 26 25 23 5 3 26 3
split_gain=199.501 142.158 105.969 99.0397 87.4944 348.318 201.954 100.628 372.351 162.82 122.106 178.051 162.254 91.5053 263.046 145.517 202.274 104.313 96.9029 89.9646 89.0569 129.315 164.454 131.928 117.71 105.896 86.3067 84.6252 90.9019 89.604 126.78 158.455 100.605 140.382 137.923 114.646 100.133 545.993 633.224 552.808 193.281 201.515 222.52 93.819 88.2877 93.5852 104.958 86.0961 264.817 158.956 145.396 163.844 304.327 314.164 445.551 160.619 143.548 114.206 109.897 107.247 109.44 82.8738
threshold=1.9429170361536097 0.59309032245526805 -0.99815866078541837 15.500000000000002 -0.99815866078541837 637.19260424194351 14.623407672858368 63.098020839691159 19.231743216434477 0.92634639377062744 16.851755244336946 -0.72800098152115733 77.587510681152352 55.844964027404757 -0.94159970902280266 14.546029873324844 -0.096202871637505002 -0.68357624697897257 2.0898274671307457 1.6191208719300201 -6.5470814526628969 -0.98376170968447474 41.853209403187257 2.1163855735077961 -0.043930104335581963 73.500000000000014 -2.4534710099539589 1.7758361962999516 1.1722303380587975 2.2103874584920704 2.8614973726413693 73.894985053620886 1.7803731573374941 1.5236196016921502 66.757736584289049 0.090987515499620877 0.60019216940316622 -0.64713682673509032 8.1460600376129104 73.950000000000017 0.18472145907580706 128.21944362209894 0.34022326832252148 -0.52861992101390243 -0.25466173847491491 10.810992383956902 -0.072103696059390501 3.7356742916608696 0.99760647975412053 1.0917464137159154 21.367552757263173 4.6685219194179268 5.0194124257452399 6.2189460023837073 6.5222570340880148 20.509594535827627 5.5281425875962116 0.88664765382614419 -0.027572929923361768 0.80473725728760337 16.329246568679807 1.5041594998080192
decision_type=2 2 2 10 2 2 2 2 2 2 2 2 2 2 2 2 2 2 2 2 8 2 2 2 2 2 2 2 2 2 2 2 2 2 2 2 2 2 2 2 2 2 2 2 2 2 2 2 2 2 2 2 2 2 2 2 2 2 2 2 2 2
left_child=1 4 -3 -2 5 6 19 8 13 10 -9 12 -12 27 -15 -16 17 -17 -18 -1 24 -22 -23 -24 25 -13 -5 29 -29 36 31 32 -31 34 35 43 44 38 40 -40 -38 -42 -43 -34 61 46 -46 49 50 59 55 -52 -53 56 -55 -49 -54 -56 -51 -39 -61 -6
right_child=3 2 -4 26 7 -7 -8 9 -10 -11 11 20 -14 14 15 16 18 -19 -20 -21 21 22 23 -25 -26 -27 -28 28 -30 30 -32 -33 33 -35 -36 -37 37 47 39 -41 41 42 -44 -45 45 -47 -48 48 -50 58 51 52 53 54 57 -57 -58 -59 -60 60 -62 -63
leaf_value=-0.0032032814765480186 -0.011756515533193294 -0.011169594269579319 0.0021303896767363114 0.011874076634745613 -0.0043802213958118331 0.020153757800046267 0.0089523561814481879 -0.0093954485295274018 0.023795781268638422 -0.012090596713558281 0.021656896585832499 -0.022092767962281767 -0.00087328305273895641 0.017618839864391708 -0.0077150197453479709 0.0038147630629564119 -0.0078634742131402247 0.02203358615659445 0.0077913945337058981 -0.01999695713214002 0.011045571231747786 -0.010949030992177556 0.011392552664330726 -0.0038280147149336412 0.00038406693991100462 -0.0056472643454208594 0.0011459805505679348 0.005966499380183927 -0.0047952003024986428 -0.0072588669695366047 -0.0070368705439091172 0.017156946963366393 -0.005691561685474235 0.01862982513997289 0.015237279656670794 -0.0070188744455942425 0.018147308523021304 -0.00087550897106888513 0.040613166751071322 0.0067788335088827256 -0.0098242681786013236 0.014735641817168726 -0.0079018780853785352 0.0091600390508852214 -0.0063918167113356005 0.00071614236169806106 -0.0012414202590038757 -0.00014806542983040042 0.022251691784229869 -0.015552044559533252 -0.0094902879100963074 0.019322581562604295 -0.0049499168917836699 0.023215703729684244 -0.01180367080567667 0.016480494417257321 -0.025885924924181642 0.005690568636693441 -0.0018871674308114463 0.018726185724375469 -7.6010285520110632e-05 -0.0010369251183983956
leaf_weight=669 527 548 21688 675 15612 879 815 1665 555 1698 573 586 572 933 1428 524 1088 616 523 501 824 1215 917 1150 1205 885 91219 776 7459 798 1019 758 548 534 609 1319 551 81786 884 855 1321 996 637 1244 3954 21113 35480 1127 550 1110 1690 714 647 751 892 970 541 533 1012 505 614 11658
leaf_count=669 527 548 21688 675 15612 879 815 1665 555 1698 573 586 572 933 1428 524 1088 616 523 501 824 1215 917 1150 1205 885 91219 776 7459 798 1019 758 548 534 609 1319 551 81786 884 855 1321 996 637 1244 3954 21113 35480 1127 550 1110 1690 714 647 751 892 970 541 533 1012 505 614 11658
internal_value=-3.59735e-05 -0.000486189 0.00180018 0.00115077 -0.000715865 0.00448915 -0.00248067 -0.000784184 -0.000633874 -0.0035417 -0.00202284 -0.000469343 0.0104468 -0.000700049 0.00326183 3.9274e-05 0.0040711 0.0137125 -0.00277285 -0.0104489 -0.00231864 0.000457684 -0.00221334 0.00293561 -0.00657149 -0.0122513 0.00122542 -0.000800606 -0.0037781 -0.000673685 0.00270029 0.00441264 0.00248542 0.00431971 0.00224326 -0.000320775 -0.000797296 -0.000141542 0.00927323 0.0240452 0.00192031 -0.00113201 0.00590804 0.00461517 -0.00153416 -0.000895652 -0.00175859 -0.000670371 0.00222341 -0.000956878 0.000809583 -0.00165069 0.00160582 -0.00217761 0.00459638 0.00756464 -0.0145524 -0.00526319 -0.0090549 -0.000749071 0.0084549 -0.00295141
internal_weight=336045 243624 22236 92421 221388 2864 1985 218524 207234 11290 9592 7927 1145 206679 5112 4179 2751 1140 1611 1170 6782 4106 3282 2067 2676 1471 91894 201567 8235 193332 6829 5810 5052 4254 3720 3111 186503 98686 5244 1739 3505 2954 1633 1792 87817 60547 39434 93442 8415 85027 7865 5768 4078 3364 2176 2097 1188 1425 2122 82905 1119 27270
internal_count=336045 243624 22236 92421 221388 2864 1985 218524 207234 11290 9592 7927 1145 206679 5112 4179 2751 1140 1611 1170 6782 4106 3282 2067 2676 1471 91894 201567 8235 193332 6829 5810 5052 4254 3720 3111 186503 98686 5244 1739 3505 2954 1633 1792 87817 60547 39434 93442 8415 85027 7865 5768 4078 3364 2176 2097 1188 1425 2122 82905 1119 27270
is_linear=0
shrinkage=0.03


Tree=161
num_leaves=63
num_cat=1
split_feature=27 25 19 33 25 23 25 32 4 5 25 7 5 5 25 20 5 23 32 32 23 21 3 23 23 19 32 26 25 17 29 29 5 23 5 23 17 23 21 23 27 26 23 25 25 23 25 23 32 5 21 2 23 2 33 5 32 0 25 34 28 32
split_gain=206.734 199.546 749.043 128.878 119.073 274.46 125.168 118.299 112.153 238.134 112.431 90.948 88.7568 87.7429 102.484 122.99 83.4687 83.3924 87.2061 78.3601 154.484 233.129 131.832 143.208 208.267 202.753 200.571 237.036 206.944 243.464 176.535 176.204 159.125 122.252 135.696 163.285 121.23 130.626 104.683 149.943 101.227 183.826 343.068 219.803 198.143 245.378 120.922 379.05 114.695 106.2 90.1904 215.658 459.635 241.435 234.603 121.549 90.5448 88.3833 82.6201 74.175 90.3589 72.7931
threshold=0.0048387096774193559 2.8995371117867452 4.7088274871254567 1.5000000000000002 7.3038356630391981 -0.89445413044074662 6.6394705284026374 1.1315967306361967 2.9782512173692175 0.30623206717317381 6.2189460023837073 6.5638939559724916 -2.4534710099539589 1.045651058114119 5.1847580342523525 23.47537137397315 0.45538284850024519 0.62729398729515495 0.05616174456218196 0.49268977351862214 -0.95260028690456633 17.941724172885067 1.6369524368468478 0.7396616116502498 0.42389877423262928 4.3100708759369413 -0.52657545841337539 20.509594535827627 4.8178586940491401 76.800000000000026 -0.44453435048290696 -0.0078276337517342743 0.086176807384594115 0.07717261907891422 -0.51454612669902788 -0.69174588062027931 73.850000000000009 0.69174588062027964 15.55318689357353 -0.40828930082137055 0.0021765904031073855 18.650166702270454 0.99628166032228249 3.4944851819866449 4.4353519155253336 0.90927406153630363 4.6685219194179268 0.17927415433127167 -1.2345705023673161 -0.7485902861469671 70.699020468213646 0.1255494315869535 -0.042903177641794764 0.71897358639284492 2.5000000000000004 -0.16430898344605213 0.090748168252139799 0.64156818389892589 3.1358031452343034 0 -1.0870973140288551 -0.27775583767420392
decision_type=2 2 2 2 2 2 2 2 2 2 2 10 2 2 2 2 2 2 2 2 2 2 2 2 2 2 2 2 2 2 2 2 2 2 2 2 2 2 2 2 2 2 2 2 2 2 2 2 2 2 2 2 2 2 2 2 2 2 2 9 2 2
left_child=4 2 -2 -3 6 -6 7 8 10 -10 13 -9 -5 14 19 -16 17 18 -17 22 -21 -22 40 24 26 -25 27 -24 29 30 -28 -31 -26 34 35 -32 -23 -38 -36 58 41 50 43 -43 48 46 47 -46 -45 -42 55 -52 56 54 -54 61 -53 -48 -40 -14 -61 -1
right_child=1 3 -4 12 5 -7 -8 11 9 -11 -12 -13 59 -15 15 16 -18 -19 -20 20 21 36 23 25 32 -27 28 -29 -30 31 33 -33 -34 -35 38 -37 37 -39 39 -41 49 42 -44 44 45 -47 57 -49 -50 -51 51 52 53 -55 -56 -57 -58 -59 -60 60 -62 -63
leaf_value=-0.0092284267493872515 0.00023299732316168478 -0.0010244290792479583 0.041571888010112162 0.011575252175008734 0.024591327020521699 -0.0021594216226144894 -0.013901790347081147 0.014181082470017214 -0.016580955824824058 0.0078452912018912909 0.0092691229640647927 -0.00059227815477911022 0.00019752940283787956 0.0033521962677197804 -0.015901828563981368 -0.0054948764191243846 0.0059451603012051768 -0.015865453444004137 0.0079441231560338759 -0.01526631381268663 -0.0099560825332855492 0.015920492538908339 0.029484034740446047 0.019037216793008731 -0.017781660384620257 -0.0020786459859786287 0.012346281938639601 0.0016146490168651368 -0.011073154404253271 0.0050200477012526971 -0.00043799240173399097 0.027038283316035756 0.0035026583206231271 0.010940234078094363 0.0087278594522086795 -0.023130127847079563 0.0048717170989437449 -0.012497392389411105 -0.018102528960356169 0.0080848604192555011 -0.015322553337206375 0.017230181643196608 0.021386390228801393 0.0048594327539568469 0.025764946554479817 0.020043580098164135 -0.014314941794555862 -0.0062691812702026367 -0.010650649277625586 -0.0029002303651761005 -0.00060195516411061956 -0.0048821233965238532 0.012038236619585261 0.0023290369670573266 0.0360241297568955 -0.0011557870424845215 0.0063309257498285988 -3.303795234945716e-06 -0.0035213941096075155 0.011082797211552083 0.0015855888025408449 -0.001790947445888166
leaf_weight=2758 1719 31513 507 723 545 925 644 841 1094 530 1007 673 50656 4546 794 2336 756 535 529 946 1892 578 513 1004 848 687 893 586 1088 769 527 568 500 555 790 618 1507 520 578 634 655 717 883 557 563 695 587 798 1828 10176 31306 2178 794 744 690 88656 917 1129 882 909 67437 2078
leaf_count=2758 1719 31513 507 723 545 925 644 841 1094 530 1007 673 50656 4546 794 2336 756 535 529 946 1892 578 513 1004 848 687 893 586 1088 769 527 568 500 555 790 618 1507 520 578 634 655 717 883 557 563 695 587 798 1828 10176 31306 2178 794 744 690 88656 917 1129 882 909 67437 2078
internal_value=2.87878e-06 0.000813841 0.00972053 0.00068243 -0.000681134 0.00780811 -0.000750494 -0.000703013 -0.000774007 -0.00860972 -0.000701748 0.00763373 0.00113172 -0.00075916 -0.000868464 -0.00512008 -0.0030436 -0.00504807 -0.00300395 -0.00074168 -0.00428018 -0.00195472 -0.000621736 0.00239699 0.0010722 0.0104777 0.00272047 0.0146984 0.00104636 0.00298819 0.000182057 0.01444 -0.00990311 -0.0021985 -0.0040197 -0.0127331 0.00386458 0.000396115 -0.000544263 -0.0040548 -0.000866215 -0.000646767 0.00383823 0.00157017 -0.000265983 0.00401182 0.000364096 0.00702807 -0.00702579 -0.00365819 -0.000914272 0.000347529 0.00592703 0.0163008 0.0232742 -0.00140862 -0.00155502 -0.00492632 -0.00933601 0.00106779 0.00171245 -0.00603774
internal_weight=335411 153464 2226 151238 181947 1470 180477 179833 178319 1624 176695 1514 119725 175688 171142 4950 4156 3400 2865 166192 5443 4497 160749 12040 10349 1691 9001 1099 7902 6814 5477 1337 1348 4584 4029 1145 2605 2027 2884 2094 148709 137878 7757 6874 6157 3772 3077 1361 2385 10831 130121 36629 5323 2228 1484 93492 3095 1716 1460 119002 68346 4836
internal_count=335411 153464 2226 151238 181947 1470 180477 179833 178319 1624 176695 1514 119725 175688 171142 4950 4156 3400 2865 166192 5443 4497 160749 12040 10349 1691 9001 1099 7902 6814 5477 1337 1348 4584 4029 1145 2605 2027 2884 2094 148709 137878 7757 6874 6157 3772 3077 1361 2385 10831 130121 36629 5323 2228 1484 93492 3095 1716 1460 119002 68346 4836
cat_boundaries=0 1
cat_threshold=1065
is_linear=0
shrinkage=0.03


Tree=162
num_leaves=63
num_cat=2
split_feature=13 34 32 26 26 31 21 5 9 5 23 24 26 31 5 23 23 23 26 26 4 24 23 19 21 18 26 32 31 18 17 4 29 17 5 31 19 5 24 23 26 31 31 29 22 31 17 23 17 23 5 18 24 27 5 2 18 26 27 24 31 0
split_gain=205.229 105.329 97.5861 136.001 184.813 133.995 108.257 97.0987 86.0125 121.119 98.69 135.901 77.8474 76.917 70.9954 70.4155 65.8423 122.672 637.289 97.3091 65.2124 65.1762 310.679 227.405 263.618 200.253 168.712 96.6807 286.439 190.776 283.49 107.294 166.173 213.159 170.188 111.295 100.258 128.713 125.795 311.572 269.026 144.071 218.615 143.041 168.099 308.831 396.293 446.21 148.058 139.652 120.789 105.958 96.8987 138.832 100.338 114.96 137.515 91.9521 95.4938 91.0571 88.4225 86.9979
threshold=1.5853751479035159 0 -0.64198775699023047 120.94294319152829 109.89785137176511 2.283765295452937 67.294359006819505 -2.4534710099539589 -1.5209645657080804 -1.1262066311788168 -0.23803327706148594 -0.60703521118548998 30.081323909759512 2.3275515126564854 1.3977650139343882 -0.79462857753386928 0.99981581438101164 0.99863729997741479 18.650166702270454 10.418981218337994 2.7988490775078527 -0.33662488294938414 0.90927406153630363 1.4112928344991438 11.481596374456553 620.70319082336437 4.0676570296287498 -0.1933662766340318 0.84809119987913872 37.117694727060837 73.950000000000017 1.1249737160480031 1.430663215437691 74.850000000000009 0.13461272763640267 2.8269569663598695 2.051498226037566 0.25066551293022382 -0.98376170968447474 0.14539831731376898 57.575391101837134 1.9355749147862429 1.8757975794386275 -0.12953202345550593 1 0.35848885160983762 73.300000000000026 0.60019216940316622 74.850000000000009 -0.025746965133975123 0.52631273899526343 748.84348699455279 -0.9770278626699701 0.11774193548387098 -0.2901550335833068 1.2062954711258882 583.03248182830828 22.592082357406614 0.0091397849462365611 -0.27948563485160954 2.7169455166450893 0.78854909539222728
decision_type=2 9 2 2 2 2 2 2 8 2 2 2 2 2 2 2 2 2 2 2 2 2 2 2 2 2 2 2 2 2 2 2 2 2 2 2 2 2 2 2 2 2 2 2 1 2 2 2 2 2 2 2 2 2 2 2 2 2 2 2 2 2
left_child=14 7 3 4 5 6 -3 -2 15 10 11 -10 -8 -13 16 -4 17 21 -19 -18 -12 22 27 -24 -25 -26 -27 36 -29 -30 -31 -32 33 34 -33 -35 37 57 39 40 49 42 43 52 45 -45 -47 48 -48 51 60 -38 -40 54 55 56 -54 -1 -59 -23 -43 -61
right_child=1 2 8 -5 -6 -7 12 -9 9 -11 20 13 -14 -15 -16 -17 19 18 -20 -21 -22 59 23 24 25 26 -28 28 29 30 31 32 -34 35 -36 -37 38 -39 41 -41 -42 50 -44 44 -46 46 47 -49 -50 -51 -52 -53 53 -55 -56 -57 -58 58 -60 61 -62 -63
leaf_value=-0.0017050754038576762 0.014896874585605704 0.00065389035448445781 0.012750783883014394 0.014447965372141811 -0.013932652685531349 0.012969534835363875 0.0038468181249916946 0.0021185662682301643 -0.020237604828215447 3.1478608538013823e-05 0.0051774089475471411 -0.010299714109622092 0.015532790199708418 0.0047904927843443095 0.0041525090849403997 -0.00020773014742071213 -0.0017337076688203434 -0.00018085347667713117 0.034173685114072483 -0.016252960005348895 -0.0070634892665979287 -0.0045264306842369463 -0.0049349854079852006 0.024013589825066971 0.00095562230135349819 0.028855892332929914 0.0054980735526639641 0.018627656828278324 0.01333192252387269 -0.010199828491980478 -0.0075848264983903492 0.018963554635681511 0.018594058754009213 -0.0068765764848234398 -0.0027153084776548688 0.0076984553977720756 -0.0063124950984202281 0.0016520286761324478 -0.01256675622958953 0.026141822088796358 0.015112671378531223 -0.0077083468950369174 0.016632163796776275 -0.0036577551910637256 -0.0016186029605812235 -0.0092182138526531038 -0.002554692662338941 0.040320267959647167 0.017857424397847401 -0.014097130704691662 0.00454438309946586 0.010864336308690586 -0.012028251794015348 0.012215205615584462 -0.0007395234783797365 -0.017790545727976639 0.0064339556487587584 -0.012799611212052857 -0.0046453590628789242 -0.0011614634086784825 0.0041389921632873881 0.0011884777165014021
leaf_weight=6598 538 12845 835 799 640 1015 1577 38010 740 62119 908 723 759 518 2857 685 1409 3474 560 585 681 6411 1139 952 2237 522 596 874 939 2136 771 925 640 1847 500 628 684 4398 685 541 907 4954 718 1396 3200 525 515 650 834 812 1090 604 728 672 14245 685 715 1709 5307 112031 637 16229
leaf_count=6598 538 12845 835 799 640 1015 1577 38010 740 62119 908 723 759 518 2857 685 1409 3474 560 585 681 6411 1139 952 2237 522 596 874 939 2136 771 925 640 1847 500 628 684 4398 685 541 907 4954 718 1396 3200 525 515 650 834 812 1090 604 728 672 14245 685 715 1709 5307 112031 637 16229
internal_value=2.54384e-05 0.000998198 0.000407126 0.00239307 0.00181685 0.00244331 0.00173549 0.00229822 -0.000114046 -0.000277541 -0.00564709 -0.0101056 0.00766882 -0.00400703 -0.000540565 0.00692939 -0.00060475 -0.000552465 0.00462465 -0.00602337 -7.4391e-05 -0.000655361 9.79281e-05 0.00696923 0.0101194 0.00614699 0.0164839 -0.000495914 0.00233471 0.000626555 -0.000983348 0.00272948 0.00448751 0.00215175 0.011374 -0.00317028 -0.000983209 -0.00280843 -6.45488e-05 0.00529297 0.0015048 -0.000654706 0.000370527 -0.000102578 0.00348768 0.0076375 0.0139099 0.0199919 0.0100841 -0.00439443 -0.00457558 0.00175334 -0.00154493 -0.00109843 -0.00164843 -0.00771671 -0.00288968 -0.00424945 -0.00663932 -0.00103859 -0.00635605 -0.000864086
internal_weight=335463 123392 84844 17635 16836 16196 15181 38548 67209 65689 3570 1981 2336 1241 212071 1520 209214 207220 4034 1994 1589 203186 68515 5446 4307 3355 1118 63069 9260 8386 7447 5311 4540 3900 1425 2475 53809 18012 35797 3548 3007 32249 25568 24850 7120 3920 2524 1999 1349 2100 6681 1288 17730 17045 16373 2128 1443 13614 7016 134671 5591 128260
internal_count=335463 123392 84844 17635 16836 16196 15181 38548 67209 65689 3570 1981 2336 1241 212071 1520 209214 207220 4034 1994 1589 203186 68515 5446 4307 3355 1118 63069 9260 8386 7447 5311 4540 3900 1425 2475 53809 18012 35797 3548 3007 32249 25568 24850 7120 3920 2524 1999 1349 2100 6681 1288 17730 17045 16373 2128 1443 13614 7016 134671 5591 128260
cat_boundaries=0 1 2
cat_threshold=146 17
is_linear=0
shrinkage=0.03


Tree=163
num_leaves=63
num_cat=2
split_feature=27 25 19 24 25 27 1 25 24 1 13 27 28 4 1 4 25 33 32 30 1 24 34 26 17 24 0 24 13 24 8 26 27 24 7 3 1 24 17 1 17 24 26 17 17 8 21 4 7 25 26 26 32 17 29 3 1 24 32 3 7 26
split_gain=192.491 145.94 436.726 115.021 216.022 347.362 367.439 198.698 165.332 272.667 145.194 143.074 143.041 223.104 107.425 146.933 98.3985 97.021 96.933 298.136 267.185 126.072 108.602 101.587 241.032 115.302 138.057 203.361 139.434 143.48 151.753 183.827 108.177 105.881 95.6471 93.6625 88.6211 81.9745 78.5433 125.642 110.807 71.3296 70.8559 68.1708 86.0119 67.5001 71.6088 82.7155 175.097 336.052 417.395 184.562 284.271 158.979 70.6306 113.742 182.31 207.341 98.9625 65.6486 64.3339 157.257
threshold=0.0048387096774193559 2.8995371117867452 4.3100708759369413 0.32041146939831461 7.9703137812835569 0.012365591397849464 1.2186245493200492 11.269347608742377 0.25466173847491447 2.3735682885461036 1.6216729057191863 0.0069892473118279581 -0.38184999253579371 1.4678498836084388 3.6106108232957301 2.7363452244346442 7.9703137812835569 1.5000000000000002 1.0000000180025095e-35 0 3.0069838686729793 -0.99550911953113219 1 48.953633975982648 73.15000000000002 -0.9770278626699701 3.5862928628921513 -0.96477059369951401 2.4262616202667844 -0.93262014971044682 -16.682400272966138 71.639994430542004 0.10698924731182798 -0.72208999473568902 29.22290853472877 1.7442082121853819 2.8120571770312068 0.10281720934011641 76.65000000000002 1.1984033529167795 76.300000000000026 -0.14540367380369007 41.307750892639156 76.500000000000014 74.500000000000014 25.095950578437385 70.699020468213646 0.066250094092023717 1.6315349845680063 0.56465583265388541 3.5620617985725365 9.6390392780303813 -1.1259900067348807 73.750000000000014 -0.43290422592683014 0.76150547665978252 1.815581486030198 -0.6729242335534279 0.89091856637722877 0.64509722300945371 10.392358183861839 102.15504150390618
decision_type=2 2 2 2 2 2 2 2 2 2 2 2 2 2 2 2 2 2 2 1 2 2 9 2 2 2 2 2 2 2 10 2 2 2 10 2 2 2 2 2 2 2 2 2 2 10 2 2 10 2 2 2 2 2 2 2 2 2 2 2 8 2
left_child=14 2 -2 8 11 6 -6 10 17 -10 -7 12 -5 -14 15 16 45 -3 22 20 -20 -21 35 24 -23 -25 27 -27 -29 32 -31 33 -30 -32 -28 41 -35 60 39 -13 -41 -19 -12 44 -17 46 -1 -48 49 53 -51 59 -53 -49 55 -50 57 -57 -56 -52 61 -24
right_child=1 3 -4 4 5 7 -8 -9 9 -11 42 38 13 -15 -16 43 -18 18 19 21 -22 23 37 25 -26 26 34 28 29 30 31 -33 -34 36 -36 -37 -38 -39 -40 40 -42 -43 -44 -45 -46 -47 47 48 54 50 51 52 -54 -55 58 56 -58 -59 -60 -61 -62 -63
leaf_value=-0.0010795858581240619 0.00019596712912504691 -0.00095936059571237215 0.029936070345912481 -0.0042647560911670962 0.041927200184739513 -0.016492500962977455 0.0091117347381211352 0.016306677204709526 -0.020423999527328342 0.0041357485651346585 0.010940598779691543 -0.014414340607875329 0.025830262135915744 -0.0001937924431404099 0.0092078886801531777 -0.0092159619099149402 0.010472464819584193 -0.00095936059571237215 0.032559652255257698 0.013599440530746784 0.002713006078923419 0.017693432301683871 0.00029360342079362328 -0.00095936059571237215 -0.00095936059571237215 0.022816503842489382 -0.00095936059571237215 -0.00023414612791536376 -0.00095936059571237215 -0.00091469174685369198 0.018467355184417434 0.029930073529077918 0.011631605918202729 -0.00095936059571237215 0.0085603362130297518 0.003740600770521259 0.011737603348411967 0.01107983756161914 0.0031831383871589029 0.0087308541357382571 -0.0096935707424052331 0.0083105028014318714 -0.0045593624888566834 -0.015639877979209418 0.0039505383018803237 0.010075169949121277 -0.0010501541771314982 0.011821461539014005 -0.0067522296600573137 0.03599562559761417 0.0051399701920440194 0.002105711829928305 0.029024613552739921 -0.0016465144596914066 -0.0017445728036535465 0.0040318850718203438 -0.0026149955070826091 0.027517690929333802 0.011174457963313974 -0.0069715963625455509 -0.00095936059571237215 0.010829581808495439
leaf_weight=124584 1609 29375 609 677 506 502 779 658 871 757 515 1046 596 585 982 1324 713 5810 544 794 533 643 22949 1298 14358 642 3679 2679 703 740 953 546 613 591 1018 13682 892 568 1012 607 560 751 538 706 669 521 24148 917 726 536 1225 704 705 5456 14556 811 1063 578 549 594 35258 1345
leaf_count=124584 1609 29375 609 677 506 502 779 658 871 757 515 1046 596 585 982 1324 713 5810 544 794 533 643 22949 1298 14358 642 3679 2679 703 740 953 546 613 591 1018 13682 892 568 1012 607 560 751 538 706 669 521 24148 917 726 536 1225 704 705 5456 14556 811 1063 578 549 594 35258 1345
internal_value=-3.02632e-06 0.00077989 0.00841072 0.000667656 0.00403991 0.00977203 0.022146 0.0025532 0.000464584 -0.00902632 -0.00330021 8.94814e-05 0.00671019 0.012993 -0.000662634 -0.000716414 -0.000611186 0.000574511 0.000978316 0.00239664 0.0178695 0.00184103 0.000427097 0.00152073 -0.000205699 0.00332441 0.00434346 0.00665481 0.00529637 0.00823459 0.0112415 0.0142546 -0.000280132 0.010687 0.000227371 0.00232675 0.00564202 -0.000213029 -0.00372935 -0.00689047 -0.00011398 -0.000618672 0.00303722 -0.00765729 -0.00479747 -0.000655958 -0.000687801 0.000240726 0.00133756 0.00449892 0.0116 0.00749972 0.0156297 0.000299118 -0.000416007 0.00364566 0.00673179 0.0138686 -0.00127148 0.00117663 -0.000321696 0.00087902
internal_weight=335458 153391 2218 151173 8581 3498 1285 2213 142592 1628 1555 5083 1858 1181 182067 181085 178386 140964 111589 31226 1077 30149 80363 29355 15001 14354 13056 8359 7717 5038 3722 2982 1316 2436 4697 20243 1483 60120 3225 2213 1167 6561 1053 2699 1993 177673 177152 52568 28420 10137 3764 3228 1409 6373 18283 3178 2452 1389 15105 1819 59552 24294
internal_count=335458 153391 2218 151173 8581 3498 1285 2213 142592 1628 1555 5083 1858 1181 182067 181085 178386 140964 111589 31226 1077 30149 80363 29355 15001 14354 13056 8359 7717 5038 3722 2982 1316 2436 4697 20243 1483 60120 3225 2213 1167 6561 1053 2699 1993 177673 177152 52568 28420 10137 3764 3228 1409 6373 18283 3178 2452 1389 15105 1819 59552 24294
cat_boundaries=0 1 2
cat_threshold=4 82
is_linear=0
shrinkage=0.03


Tree=164
num_leaves=63
num_cat=1
split_feature=3 34 5 23 23 26 25 5 9 23 17 18 26 4 23 0 32 17 0 24 24 13 26 26 26 2 28 5 25 25 5 32 5 26 5 26 26 4 25 17 1 23 3 32 25 26 16 5 1 4 26 26 3 2 23 21 25 26 23 23 1 1
split_gain=191.283 114.443 132.782 93.978 109.681 194.256 118.864 98.9456 121.345 88.3832 408.603 145.042 114.645 246.9 154.968 144.625 144.423 184.817 142.29 145.248 99.6365 130.429 91.8794 284.614 149.955 212.293 404.242 216.054 196.954 146.85 211.101 134.467 127.27 125.649 247.092 92.2265 112.221 233.166 147.301 90.7091 155.184 142.875 155.284 137.767 109.622 129.377 161.954 89.8406 87.2339 135.731 89.5434 127.783 122.976 86.63 84.294 381.505 494.681 167.826 139.205 235.149 466.317 188.143
threshold=1.6547918377552675 0 -0.29819784466198723 -0.93265450753882229 -0.96699210069650898 55.844964027404757 2.4010057248295316 0.35981371535120826 -1.1278388673342801 -0.91972043703894657 76.300000000000026 61.802080506506194 20.509594535827627 1.5394338704429764 -0.58637393129089832 1.9021728038787844 -0.017955883395065011 74.500000000000014 1.3610596656799319 -0.66012780149078443 0.88264628153994418 2.3413576722168412 40.099214267730687 38.539765834808343 44.886652278900151 2.1565516522384809 0.4721318418328464 0.046616427384661659 9.7425069341375963 8.6201453130291696 0.069668501407065195 -0.86180572702025116 0.36803233214674652 46.316008853912344 0.15574360303338911 20.984136247634869 22.592082357406614 1.895440594156709 4.6226027886152918 73.950000000000017 3.2315234272574549 -0.27123391067291053 2.3023750203558451 -0.052851362501414638 4.4353519155253336 24.504613590240471 15.750000000000002 -0.177708531193188 1.9046504694620168 1.8437932142440514 87.28816242218015 67.399126815795896 1.3059759732744551 1.6333229671125575 0.46995942967050169 12.551550283184907 12.411586490357598 54.248198604583671 0.41612469599147456 0.36075750887067765 2.4271022701148603 2.674176473288981
decision_type=2 9 2 2 2 2 2 2 10 2 2 2 2 2 2 2 2 2 2 2 2 2 2 2 2 2 2 2 2 2 2 2 2 2 2 2 2 2 2 2 2 2 2 2 2 2 2 2 2 2 2 2 2 2 2 2 2 2 2 2 2 2
left_child=48 2 -2 4 5 -3 -6 8 -8 10 11 -5 13 -11 15 -15 17 -16 19 -18 21 -20 23 29 25 28 -27 -28 -24 31 -31 53 -25 34 -26 -33 37 -37 -39 40 41 43 -43 -38 -41 -46 -47 -19 49 50 51 -1 -53 -14 58 57 -57 -56 59 -35 -61 -60
right_child=1 3 -4 9 6 -7 7 -9 -10 12 -12 -13 22 14 16 -17 18 47 20 -21 -22 -23 24 32 33 26 27 -29 -30 30 -32 35 -34 54 -36 36 39 38 -40 44 -42 42 -44 -45 45 46 -48 -49 -50 -51 -52 52 -54 -55 55 56 -58 -59 61 60 -62 -63
leaf_value=-0.00055683872318912787 -0.0080423773767923298 0.00021324385058933606 -0.00034234953837973715 0.010753064382227076 0.010249537333892658 0.017579608436070357 0.0070174494411079655 0.0019125326294108969 -0.0080152598288054534 0.018377917537568633 0.030713457254666045 -0.0079948092892445366 0.003453786576004599 0.022075568285084439 0.018285133741497678 0.0034509964948970704 -0.016929628307345984 -0.0091211962699714409 0.0033984885775659719 0.0021465021520212365 0.0098855061643656258 -0.010445337340617384 0.011317046122684683 -0.014543932744718909 -0.013987169735206396 0.0036351040089131923 0.035528921951154604 0.0096720458211629751 -0.0094754577236103171 0.019107956664643069 -0.0032466898486018178 -0.010288965406763627 0.002566505951289095 0.0011803293705509794 0.007333856060780632 -0.0042228991166393566 -0.0070600269100596679 0.005518721875812962 0.027070667385879699 0.010610472567685063 0.0092163189049369251 -0.01211412931613972 0.0079010005857401283 -0.028150546162455742 -0.008260965444747654 -0.00051373532585876475 0.015324055475152788 0.0069108921129169849 0.0030764784218880363 -0.0098590752071438942 0.01144796295383492 -0.001703489283765001 -0.020956542211330437 0.018381539706206238 0.0069303838678932642 0.0025186537446710636 0.040296516814344638 -0.010597868067991427 -0.013812188733217958 0.036459396411191843 0.0016541225346877 0.0077835181017273242
leaf_weight=185617 2366 12455 13449 636 520 603 533 1631 4838 1032 515 878 1115 662 864 863 907 525 1764 591 948 932 632 1723 1296 2499 699 504 1146 877 666 879 504 54579 780 1056 604 637 517 795 503 722 666 520 1797 9256 615 769 5808 1426 550 667 537 507 954 714 550 1004 1178 507 1073 520
leaf_count=185617 2366 12455 13449 636 520 603 533 1631 4838 1032 515 878 1115 662 864 863 907 525 1764 591 948 932 632 1723 1296 2499 699 504 1146 877 666 879 504 54579 780 1056 604 637 517 795 503 722 666 520 1797 9256 615 769 5808 1426 550 667 537 507 954 714 550 1004 1178 507 1073 520
internal_value=6.61632e-05 0.000908096 -0.00149554 0.00121213 -0.000640621 0.00102162 -0.00352499 -0.00455453 -0.00651833 0.0015772 0.00777006 -0.000109745 0.00145418 0.00452924 0.00290028 0.0115816 0.00108003 0.00758418 -0.00165436 -0.00942149 0.00154715 -0.00139776 0.00112661 -0.000472796 0.00168492 0.00644311 0.0105308 0.024781 -0.00207364 0.000574848 0.00947977 -0.000107914 -0.0106745 0.00127157 -0.00597801 -0.000832372 -0.000359654 0.00595639 0.0152493 -0.00126311 -0.00592785 -0.00897258 -0.00251644 -0.0168987 -0.000132713 -0.000868932 0.000480277 0.000396302 -0.000543322 -0.000654757 -0.000584446 -0.000620174 -0.0103418 0.00816201 0.00151844 0.00623752 0.0190508 -0.00206165 0.00125512 0.00151124 0.0129024 -0.00719523
internal_weight=335480 140875 15815 125060 20580 13058 7522 7002 5371 104480 2029 1514 102451 9857 8825 1525 7300 2158 5142 1498 3644 2696 92594 23959 68635 5480 3702 1203 1778 21732 1543 20189 2227 63155 2076 18567 17688 2210 1154 15478 3015 2512 1388 1124 12463 11668 9871 1294 194605 188797 187371 186821 1204 1622 61079 3222 1264 1958 57857 56159 1580 1698
internal_count=335480 140875 15815 125060 20580 13058 7522 7002 5371 104480 2029 1514 102451 9857 8825 1525 7300 2158 5142 1498 3644 2696 92594 23959 68635 5480 3702 1203 1778 21732 1543 20189 2227 63155 2076 18567 17688 2210 1154 15478 3015 2512 1388 1124 12463 11668 9871 1294 194605 188797 187371 186821 1204 1622 61079 3222 1264 1958 57857 56159 1580 1698
cat_boundaries=0 1
cat_threshold=1024
is_linear=0
shrinkage=0.03


Tree=165
num_leaves=63
num_cat=1
split_feature=1 11 5 18 18 27 26 26 27 32 24 5 18 29 21 24 24 27 26 31 31 5 26 25 13 5 25 26 7 7 26 25 27 25 26 27 24 32 26 24 27 5 32 5 1 7 27 2 26 24 5 24 18 24 24 27 24 21 24 22 19 1
split_gain=162.031 105.468 83.3934 60.7049 69.8781 123.585 199.391 175.939 147.642 127.098 268.097 125.989 117.978 152.494 101.291 120.272 100.412 100.387 133.787 108.598 127.847 100.432 109.442 255.375 109.731 90.7465 204.181 210.363 162.072 181.482 106.566 89.3953 251.858 171.606 165.966 169.437 179.104 150.637 154.807 192.484 181.491 197.947 180.63 149.321 140.984 131.828 375.511 130.144 126.347 182.012 205.87 162.239 122.321 119.406 128.612 176.524 165.686 253.919 165.964 328.995 163.487 142.601
threshold=0.3075322622396276 0.10555555555555557 1.8418761201944653 5.8386826694889224 37.117694727060837 0.013440860215053765 41.693742084503121 29.175694465637182 0.017741935483870971 -0.42758059542881066 0.18771165011946631 0.050419260042528585 41.853209403187257 2.1142041144276411 14.546029873324844 -0.99168614031016833 -0.38465092912467813 0.066129032258064532 64.61988306045528 2.8987699744717639 2.0686354849344961 0.43691906512831402 51.674342823028553 11.731483685145136 2.0572518321301114 -0.31675213062826074 21.144268066892703 58.653934192657431 8.5519910816193114 17.634230106358331 90.308894157409668 7.9703137812835569 0.0069892473118279581 6.8414709757893322 31.74580688476561 0.0091397849462365611 -0.72208999473568902 0.34022326832252148 31.054359197616574 -0.50739640075491554 0.012365591397849464 0.16704619842990862 -0.0038134801427016636 0.039602919830458071 1.8406659959014027 9.2556227432151967 0.10107526881720431 2.9178465702126672 37.447003364562981 -0.085727341951035402 0.12934479483552852 -0.13690101447512068 61.802080506506194 -0.99698079756684088 -0.69791844337451392 0.003763440860215054 -0.6729242335534279 70.699020468213646 -0.64713682673509032 0 1.2580764688618318 3.1696311838316187
decision_type=2 10 2 2 2 2 2 2 2 2 2 2 2 2 2 2 2 2 2 2 2 2 2 2 2 2 2 2 10 10 2 2 2 2 2 2 2 2 2 2 2 2 2 2 2 8 2 2 2 2 2 2 2 2 2 2 2 2 2 1 2 2
left_child=-1 -2 3 -3 5 7 -7 9 -8 11 -11 -5 13 17 -10 -16 -9 18 19 20 -6 22 23 24 -22 26 27 -17 -27 -30 -31 33 -33 34 53 -36 -37 38 39 44 42 -42 -40 -41 -35 46 -34 -48 52 51 -51 -50 -47 -14 55 60 57 -56 59 -58 -55 -57
right_child=1 2 -4 4 12 6 8 16 14 10 -12 -13 31 -15 15 25 -18 -19 -20 -21 21 -23 -24 -25 -26 28 -28 -29 29 30 -32 32 45 37 35 36 -38 -39 40 43 41 -43 -44 -45 -46 48 47 -49 49 50 -52 -53 -54 54 56 61 58 -59 -60 -61 -62 -63
leaf_value=-0.00083203561096978872 -0.0024391001198528352 -0.0019163923128205505 0.0071296691901982867 -0.014791967965122825 -0.00056048791766042598 -0.0062631042333362212 0.012558820183671505 0.023731340327587089 6.9946570280759774e-05 0.019531246498674229 0.001148808939901353 0.0010651173848030212 -0.0088187838266907733 0.013221680646728989 -0.005339880493324625 -0.0045032305526427887 0.008699376720916514 0.010084036987218548 -0.013007627036259206 0.0059835205627238658 -0.0017088427965976046 0.0016625358890749408 -0.015740664985600075 0.013286542333488555 -0.016868044313438201 -0.005448683290919974 -0.015992476580345204 0.018798285528797715 0.015774368304140945 -0.0021340481286178108 0.011378560442646376 0.018557510877038892 0.0022839842863375142 0.0097881095926948963 -0.0016617549227549975 0.0050336829986595034 0.030042396272561632 -0.016321136500857314 0.0017486190071138435 -0.029436933713249357 -0.014561460080530922 0.0043128055637922588 0.022177119898769887 -0.0066950116595874383 -0.011445580561063672 0.017080434327575316 0.027174341758614631 0.0077533496018105108 0.00029018383734796956 -0.018335325880966202 0.0022995320794998099 0.014090258527343727 0.0026867894557214794 0.0075342263973227179 -0.019371646346712242 0.0082731145665458639 0.023629555831953815 0.0051306296686038982 -0.00054737937777714005 -0.0032778568974274891 -0.0019181770182575674 -0.0083135898773434736
leaf_weight=143834 10379 8191 1776 585 6525 3079 1094 537 17850 974 2641 1911 1282 555 1049 776 1573 524 1150 1265 735 946 1440 517 1034 729 520 626 2234 1245 902 772 11089 567 711 527 504 841 1633 541 1086 920 507 503 549 760 768 528 36879 986 774 778 1748 2119 984 5353 748 616 33900 880 7325 507
leaf_count=143834 10379 8191 1776 585 6525 3079 1094 537 17850 974 2641 1911 1282 555 1049 776 1573 524 1150 1265 735 946 1440 517 1034 729 520 626 2234 1245 902 772 11089 567 711 527 504 841 1633 541 1086 920 507 503 549 760 768 528 36879 986 774 778 1748 2119 984 5353 748 616 33900 880 7325 507
internal_value=-7.15257e-05 0.000501048 0.000670016 0.000605689 0.000726762 0.00185475 0.000964107 0.00511358 0.00178852 0.00253014 0.00612178 -0.00267353 0.000400133 -0.00213427 0.0013318 0.00411732 0.0125721 -0.00274163 -0.00323888 -0.00233256 -0.00327433 -0.00705988 -0.00927369 -0.00517454 -0.0105921 0.0055309 -2.66503e-05 0.00593084 0.00761921 0.00979745 0.00355613 0.000716587 0.00159801 -5.90046e-05 0.000504994 0.00960486 0.0173451 -0.00443256 -0.00283536 -0.0093375 0.000559315 -0.00591607 0.00662887 -0.018564 -0.000661956 0.00135525 0.004074 0.0193223 0.000551713 0.000135885 -0.00927987 0.000577128 0.00707381 0.00020901 0.000430566 0.00274435 -0.000523407 -0.00995167 -9.74651e-05 0.00924413 0.000205573 0.00683219
internal_weight=334881 191047 180668 178892 170701 38325 30104 8221 27025 6111 3615 2496 132376 14691 25931 8081 2110 14136 13612 12462 11197 4672 3726 2286 1769 7032 1922 1402 5110 4381 2147 117685 55082 62603 55456 1742 1031 7147 6306 2160 4146 2006 2140 1044 1116 54310 12385 1296 41925 39417 1760 37657 2508 53714 52432 15304 37128 1600 35528 1628 9444 5860
internal_count=334881 191047 180668 178892 170701 38325 30104 8221 27025 6111 3615 2496 132376 14691 25931 8081 2110 14136 13612 12462 11197 4672 3726 2286 1769 7032 1922 1402 5110 4381 2147 117685 55082 62603 55456 1742 1031 7147 6306 2160 4146 2006 2140 1044 1116 54310 12385 1296 41925 39417 1760 37657 2508 53714 52432 15304 37128 1600 35528 1628 9444 5860
cat_boundaries=0 1
cat_threshold=8
is_linear=0
shrinkage=0.03


end of trees

feature_importances:
doy_sin=1260
doy_cos=1242
corr_log=918
clim_mean=642
dev_log=607
cons_median_log=578
clim_p95=523
region_cons_anom=388
lat=377
region_cons_log=374
clim_p_ge_64_5=349
cons_mean_log=310
core_z3_issue=302
ens_sd_log=280
elev_mean=252
slope_mean_deg=207
windward_index=206
cons_sd_log=204
lon=197
led_mae=177
dist_coast_km=172
core_z_issue=143
value_log=132
source_code=121
regime_code_issue=75
led_ratio_log=69
led_bias=56
n_sources=52
terrain_code=42
lead=15
led_mae_rank=8
led_n=5
ens_p_ge_115_6=5
ens_p_ge_64_5=4

parameters:
[boosting: gbdt]
[objective: regression]
[metric: l2]
[tree_learner: serial]
[device_type: cpu]
[data_sample_strategy: bagging]
[data: ]
[valid: ]
[num_iterations: 166]
[learning_rate: 0.03]
[num_leaves: 63]
[num_threads: 0]
[seed: 26081]
[deterministic: 1]
[force_col_wise: 0]
[force_row_wise: 1]
[histogram_pool_size: -1]
[max_depth: -1]
[min_data_in_leaf: 500]
[min_sum_hessian_in_leaf: 0.001]
[bagging_fraction: 0.8]
[pos_bagging_fraction: 1]
[neg_bagging_fraction: 1]
[bagging_freq: 1]
[bagging_seed: 6666]
[bagging_by_query: 0]
[feature_fraction: 0.8]
[feature_fraction_bynode: 1]
[feature_fraction_seed: 24986]
[extra_trees: 0]
[extra_seed: 24839]
[early_stopping_round: 0]
[early_stopping_min_delta: 0]
[first_metric_only: 0]
[max_delta_step: 0]
[lambda_l1: 0]
[lambda_l2: 5]
[linear_lambda: 0]
[min_gain_to_split: 0]
[drop_rate: 0.1]
[max_drop: 50]
[skip_drop: 0.5]
[xgboost_dart_mode: 0]
[uniform_drop: 0]
[drop_seed: 8502]
[top_rate: 0.2]
[other_rate: 0.1]
[min_data_per_group: 100]
[max_cat_threshold: 32]
[cat_l2: 10]
[cat_smooth: 10]
[max_cat_to_onehot: 4]
[top_k: 20]
[monotone_constraints: 0,0,0,0,0,0,0,0,0,0,0,0,0,0,0,0,0,0,0,0,0,0,0,0,0,0,0,0,0,0,0,0,0,1,0]
[monotone_constraints_method: advanced]
[monotone_penalty: 0]
[feature_contri: ]
[forcedsplits_filename: ]
[refit_decay_rate: 0.9]
[cegb_tradeoff: 1]
[cegb_penalty_split: 0]
[cegb_penalty_feature_lazy: ]
[cegb_penalty_feature_coupled: ]
[path_smooth: 0]
[interaction_constraints: ]
[verbosity: -1]
[saved_feature_importance_type: 0]
[use_quantized_grad: 0]
[num_grad_quant_bins: 4]
[quant_train_renew_leaf: 0]
[stochastic_rounding: 1]
[linear_tree: 0]
[max_bin: 255]
[max_bin_by_feature: ]
[min_data_in_bin: 3]
[bin_construct_sample_cnt: 200000]
[data_random_seed: 19672]
[is_enable_sparse: 1]
[enable_bundle: 1]
[use_missing: 1]
[zero_as_missing: 0]
[feature_pre_filter: 1]
[pre_partition: 0]
[two_round: 0]
[header: 0]
[label_column: ]
[weight_column: ]
[group_column: ]
[ignore_column: ]
[categorical_feature: 22,30,34]
[forcedbins_filename: ]
[precise_float_parser: 0]
[parser_config_file: ]
[objective_seed: 30758]
[num_class: 1]
[is_unbalance: 0]
[scale_pos_weight: 1]
[sigmoid: 1]
[boost_from_average: 1]
[reg_sqrt: 0]
[alpha: 0.9]
[fair_c: 1]
[poisson_max_delta_step: 0.7]
[tweedie_variance_power: 1.5]
[lambdarank_truncation_level: 30]
[lambdarank_norm: 1]
[label_gain: ]
[lambdarank_position_bias_regularization: 0]
[eval_at: ]
[multi_error_top_k: 1]
[auc_mu_weights: ]
[num_machines: 1]
[local_listen_port: 12400]
[time_out: 120]
[machine_list_filename: ]
[machines: ]
[gpu_platform_id: -1]
[gpu_device_id: -1]
[gpu_device_id_list: ]
[gpu_use_dp: 0]
[num_gpu: 1]

end of parameters

pandas_categorical:[]
